NCES School ID,State School ID,NCES District ID,State District ID,Low Grade,High Grade,School Name,District,County Name,Street Address,City,State,ZIP,ZIP 4-digit,Phone,Locale Code,Locale,Charter,Students,Teachers,Student Teacher Ratio,Free Lunch,Reduced Lunch,Directly Certified,Type,Status,Geolocation,Latitude,Longitude,Geocode Source,Geocode Match,Matched Address
490001700904,UT-83-83700,4900017,UT-83,09,12,Academy for Math Engineering & Science,Academy for Math Engineering & Science,Salt Lake County,5715 S 1300 E,SALT LAKE CITY,UT,84121,,(801)278-9460,13,"City, Small",Yes,460.00000,24.13000,19.0600000,83.00000,0.00000,–,Regular,Open,"40.647831558415, -111.854448444923",40.647831558415,-111.854448444923,US Census Geocoder,Exact,"5715 S 1300 E, SALT LAKE CITY, UT, 84121"
490036000196,UT-12-12102,4900360,UT-12,PK,06,Academy Park School,Granite District,Salt Lake County,4580 WESTPOINT DR,WEST VALLEY CITY,UT,84120,,(385)646-4750,21,"Suburban, Large",No,358.00000,15.50000,23.1000000,146.00000,27.00000,–,Regular,Open,"40.669390774571, -111.999439107715",40.669390774571,-111.999439107715,US Census Geocoder,Exact,"4580 WESTPOINT DR, WEST VALLEY CITY, UT, 84120"
490051000343,UT-39-39104,4900510,UT-39,PK,05,Adams School,Logan City District,Cache County,415 E 500 N,LOGAN,UT,84321,,(435)755-2320,13,"City, Small",No,338.00000,18.50000,18.2700000,146.00000,31.00000,–,Regular,Open,"41.74085575299, -111.823957557832",41.74085575299,-111.823957557832,US Census Geocoder,Exact,"415 E 500 N, LOGAN, UT, 84321"
490021000793,UT-07-07102,4900210,UT-07,PK,06,Adams School,Davis District,Davis County,2200 E 2500 N,LAYTON,UT,84041,,(801)402-3100,21,"Suburban, Large",No,645.00000,31.50000,20.4800000,120.00000,21.00000,–,Regular,Open,"41.095943740492, -111.924299101824",41.095943740492,-111.924299101824,US Census Geocoder,Non_Exact,"2200 E 2500 N, LAYTON, UT, 84040"
490021000103,UT-07-07104,4900210,UT-07,PK,06,Adelaide School,Davis District,Davis County,731 W 3600 S,BOUNTIFUL,UT,84010,,(801)402-1250,21,"Suburban, Large",No,415.00000,18.39000,22.5700000,164.00000,41.00000,–,Regular,Open,"40.850366366533, -111.899767243684",40.850366366533,-111.899767243684,US Census Geocoder,Exact,"731 W 3600 S, BOUNTIFUL, UT, 84010"
490019801524,UT-1M-1M100,4900198,UT-1M,KG,06,Advantage Arts Academy,Advantage Arts Academy,Salt Lake County,6171 W. 11800 S,HERRIMAN,UT,84096,,(801)878-8622,41,"Rural, Fringe",Yes,354.00000,18.63000,19.0000000,75.00000,13.00000,–,Regular,Open,"40.536917703536, -112.037573229022",40.536917703536,-112.037573229022,US Census Geocoder,Exact,"6171 W 11800 S, HERRIMAN, UT, 84096"
490090000526,UT-25-25308,4900900,UT-25,06,08,Albert R. Lyman Middle,San Juan District,San Juan County,535 N 100 E,BLANDING,UT,84511,,(435)678-1398,43,"Rural, Remote",No,330.00000,18.37000,17.9600000,199.00000,3.00000,–,Regular,Open,"37.633220810142, -109.476269589972",37.633220810142,-109.476269589972,US Census Geocoder,Exact,"535 N 100 E, BLANDING, UT, 84511"
490014200815,UT-42-42401,4900142,UT-42,06,08,Albion Middle,Canyons District,Salt Lake County,2755 E NEWCASTLE DR,SANDY,UT,84093,,(801)826-6700,21,"Suburban, Large",No,943.00000,40.63000,23.2100000,75.00000,15.00000,–,Regular,Open,"40.585880006712, -111.81352099762",40.585880006712,-111.81352099762,US Census Geocoder,Non_Exact,"2755 NEWCASTLE DR, SANDY, UT, 84093"
490003001154,UT-01-01299,4900030,UT-01,KG,08,Alpine Online School,Alpine District,Utah County,575 N 100 E,AMERICAN FORK,UT,84003,,(801)756-8400,21,"Suburban, Large",No,106.00000,4.83000,21.9500000,25.00000,3.00000,–,Regular,Open,"40.388578716703, -111.795853087799",40.388578716703,-111.795853087799,US Census Geocoder,Exact,"575 N 100 E, AMERICAN FORK, UT, 84003"
490003000001,UT-01-01104,4900030,UT-01,PK,06,Alpine School,Alpine District,Utah County,400 E 300 N,ALPINE,UT,84004,,(801)610-8700,21,"Suburban, Large",No,539.00000,25.83000,20.8700000,33.00000,16.00000,–,Regular,Open,"40.457012101452, -111.770486063611",40.457012101452,-111.770486063611,US Census Geocoder,Exact,"400 E 300 N, ALPINE, UT, 84004"
490014200659,UT-42-42702,4900142,UT-42,08,12,Alta High,Canyons District,Salt Lake County,11055 South Hawk Hwy,SANDY,UT,84094,,(801)826-5600,21,"Suburban, Large",No,2278.00000,92.85000,24.5300000,294.00000,52.00000,–,Regular,Open,"40.5483088, -111.8610072",40.5483088,-111.8610072,OpenStreetMap Nominatim,Fallback,"Alta High School, 11000 South, Alta Heights, Silver Smith, Sandy, Salt Lake County, Utah, 84094, United States"
490014200286,UT-42-42104,4900142,UT-42,KG,05,Alta View School,Canyons District,Salt Lake County,10333 CROCUS ST,SANDY,UT,84094,,(801)826-7600,21,"Suburban, Large",No,556.00000,25.32000,21.9600000,100.00000,26.00000,–,Regular,Open,"40.564191676251, -111.866632374419",40.564191676251,-111.866632374419,US Census Geocoder,Non_Exact,"10333 S CROCUS ST, SANDY, UT, 84094"
490024000158,UT-08-08704,4900240,UT-08,07,12,Altamont High,Duchesne District,Duchesne County,200 W MAIN,ALTAMONT,UT,84001,,(435)738-1345,43,"Rural, Remote",No,273.00000,16.17000,16.8800000,48.00000,13.00000,–,Regular,Open,"40.3592969, -110.2869868",40.3592969,-110.2869868,OpenStreetMap Nominatim,Fallback,"Main Street, Altamont, Duchesne County, Utah, 84001, United States"
490024000159,UT-08-08104,4900240,UT-08,PK,06,Altamont School,Duchesne District,Duchesne County,190 W MAIN,ALTAMONT,UT,84001,,(435)738-1375,43,"Rural, Remote",No,357.00000,19.50000,18.3100000,100.00000,30.00000,–,Regular,Open,"40.3592969, -110.2869868",40.3592969,-110.2869868,OpenStreetMap Nominatim,Fallback,"Main Street, Altamont, Duchesne County, Utah, 84001, United States"
490014200718,UT-42-42103,4900142,UT-42,KG,05,Altara School,Canyons District,Salt Lake County,800 E 11000 S,SANDY,UT,84094,,(801)826-7675,21,"Suburban, Large",No,560.00000,25.50000,21.9600000,79.00000,25.00000,–,Regular,Open,"40.551416688916, -111.869944389917",40.551416688916,-111.869944389917,US Census Geocoder,Exact,"800 E 11000 S, SANDY, UT, 84094"
490081000584,UT-38-38100,4900810,UT-38,KG,06,Amelia Earhart School,Provo District,Utah County,2585 W 200 S,PROVO,UT,84601,,(801)370-4630,12,"City, Midsize",No,377.00000,21.50000,17.5300000,165.00000,58.00000,–,Regular,Open,"40.230962712409, -111.703315027667",40.230962712409,-111.703315027667,US Census Geocoder,Exact,"2585 W 200 S, PROVO, UT, 84601"
490018601483,UT-8K-8K700,4900186,UT-8K,06,12,American Academy of Innovation,American Academy of Innovation,Salt Lake County,5410 W South Jordan Parkway,South Jordan,UT,84009,,(801)810-4786,41,"Rural, Fringe",Yes,373.00000,20.43000,18.2600000,78.00000,8.00000,–,Regular,Open,"40.5571432, -112.0189256",40.5571432,-112.0189256,OpenStreetMap Nominatim,Fallback,"South Jordan Parkway, Daybreak, South Jordan, Salt Lake County, Utah, 84009, United States"
490003000002,UT-01-01704,4900030,UT-01,10,12,American Fork High,Alpine District,Utah County,510 N 600 E,AMERICAN FORK,UT,84003,,(801)610-8800,21,"Suburban, Large",No,2316.00000,92.44000,25.0500000,266.00000,59.00000,–,Regular,Open,"40.388276002627, -111.78231853495",40.388276002627,-111.78231853495,US Census Geocoder,Exact,"510 N 600 E, AMERICAN FORK, UT, 84003"
490003000003,UT-01-01404,4900030,UT-01,07,09,American Fork Jr High,Alpine District,Utah County,20 W 1120 N,AMERICAN FORK,UT,84003,,(801)610-8750,21,"Suburban, Large",No,1827.00000,67.50000,27.0700000,266.00000,70.00000,–,Regular,Open,"40.399478769316, -111.799066399731",40.399478769316,-111.799066399731,US Census Geocoder,Exact,"20 W 1120 N, AMERICAN FORK, UT, 84003"
490003301056,UT-8B-8B100,4900033,UT-8B,KG,12,American Leadership Academy,American Leadership Academy,Utah County,898 W 1100 S,SPANISH FORK,UT,84660,,(801)794-2226,21,"Suburban, Large",Yes,1597.00000,88.67000,18.0100000,413.00000,171.00000,–,Regular,Open,"40.098839868146, -111.672966047952",40.098839868146,-111.672966047952,US Census Geocoder,Non_Exact,"898 S 1100 W, SPANISH FORK, UT, 84660"
490000501404,UT-74-74110,4900005,UT-74,KG,12,American Preparatory Academy - Accelerated School,American Preparatory Academy,Salt Lake County,3636 W 3100 S,WEST VALLEY CITY,UT,84120,,(385)351-3090,21,"Suburban, Large",Yes,1556.00000,68.04000,22.8700000,617.00000,188.00000,–,Regular,Open,"40.703959164031, -111.977919439373",40.703959164031,-111.977919439373,US Census Geocoder,Exact,"3636 W 3100 S, WEST VALLEY CITY, UT, 84120"
490000500801,UT-74-74100,4900005,UT-74,KG,06,American Preparatory Academy - Draper #1,American Preparatory Academy,Salt Lake County,12892 S PONY EXPRESS RD,DRAPER,UT,84020,,(801)553-8500,21,"Suburban, Large",Yes,622.00000,26.02000,23.9000000,50.00000,19.00000,–,Regular,Open,"40.517567084784, -111.891722167865",40.517567084784,-111.891722167865,US Census Geocoder,Exact,"12892 S PONY EXPRESS RD, DRAPER, UT, 84020"
490000501446,UT-74-74130,4900005,UT-74,KG,06,American Preparatory Academy - Draper #2,American Preparatory Academy,Salt Lake County,11938 South Lone Peak Parkway,DRAPER,UT,84020,,(801)810-3590,21,"Suburban, Large",Yes,1068.00000,45.92000,23.2600000,141.00000,42.00000,–,Regular,Open,"40.534759932347, -111.896964942493",40.534759932347,-111.896964942493,US Census Geocoder,Non_Exact,"11938 LONE PEAK PKWY, DRAPER, UT, 84020"
490000501471,UT-74-74700,4900005,UT-74,07,12,American Preparatory Academy - Draper #3,American Preparatory Academy,Salt Lake County,431 W 11915 S,DRAPER,UT,84020,,(801)810-3590,21,"Suburban, Large",Yes,719.00000,33.50000,21.4600000,90.00000,24.00000,–,Regular,Open,"40.534627926214, -111.898538521942",40.534627926214,-111.898538521942,US Census Geocoder,Exact,"431 W 11915 S, DRAPER, UT, 84020"
490000501520,UT-74-74140,4900005,UT-74,KG,10,American Preparatory Academy - Salem,American Preparatory Academy,Utah County,1195 S. Elk Ridge Drive,SALEM,UT,84653,,(801)465-4434,41,"Rural, Fringe",Yes,570.00000,25.71000,22.1700000,89.00000,32.00000,–,Regular,Open,,,,,,
490000501372,UT-74-74120,4900005,UT-74,KG,06,American Preparatory Academy - The School for New Americans,American Preparatory Academy,Salt Lake County,1255 W CRYSTAL AVE.,WEST VALLEY CITY,UT,84119,,(801)839-3613,21,"Suburban, Large",Yes,639.00000,26.20000,24.3900000,278.00000,102.00000,–,Regular,Open,"40.714217675205, -111.928158853846",40.714217675205,-111.928158853846,US Census Geocoder,Non_Exact,"1255 CRYSTAL AVE, WEST VALLEY CITY, UT, 84119"
490120201654,UT-9M-9M701,4901202,UT-9M,KG,08,American Principles Academy,American Principles Academy,Iron County,782 North Main St,CEDAR CITY,UT,84721,,(435)586-5372,33,"Town, Remote",Yes,204.00000,0.00000,†,47.00000,16.00000,–,Regular,New,"37.689926619042, -113.061776939427",37.689926619042,-113.061776939427,US Census Geocoder,Exact,"782 N MAIN ST, CEDAR CITY, UT, 84721"
490105000578,UT-30-30140,4901050,UT-30,PK,06,Anna Smith School,Tooele District,Tooele County,P O BOX 879,WENDOVER,UT,84083,,(435)665-0470,33,"Town, Remote",No,203.00000,15.00000,13.5300000,110.00000,13.00000,–,Regular,Open,"40.7456950, -114.0416826",40.7456950,-114.0416826,OpenStreetMap Nominatim,Fallback,"Anna Smith Elementary School, 731, Aria Boulevard, Wendover, Tooele County, Utah, 84083, United States"
490042001551,UT-14-14137,4900420,UT-14,KG,06,Antelope Canyon Elementary,Jordan District,Salt Lake County,8800 South 6400 West,WEST JORDAN,UT,84081,,(801)567-8950,41,"Rural, Fringe",No,592.00000,28.30000,20.9200000,84.00000,27.00000,–,Regular,Open,"40.591484385735, -112.043371794807",40.591484385735,-112.043371794807,US Census Geocoder,Exact,"8800 S 6400 W, WEST JORDAN, UT, 84081"
490021000869,UT-07-07106,4900210,UT-07,PK,06,Antelope School,Davis District,Davis County,1810 S MAIN,CLEARFIELD,UT,84015,,(801)402-2100,21,"Suburban, Large",No,667.00000,29.84000,22.3500000,226.00000,55.00000,–,Regular,Open,"41.087462457023, -112.026245710637",41.087462457023,-112.026245710637,US Census Geocoder,Non_Exact,"1810 S MAIN ST, CLEARFIELD, UT, 84015"
490030000183,UT-10-10104,4900300,UT-10,PK,06,Antimony School,Garfield District,Garfield County,PO BOX 120026,ANTIMONY,UT,84712,,(435)624-3221,43,"Rural, Remote",No,1.00000,0.50000,2.0000000,‡,‡,–,Regular,Open,"38.1176885, -111.9998622",38.1176885,-111.9998622,OpenStreetMap Nominatim,Fallback,"Antimony School, 140, Main Street, Antimony, Garfield County, Utah, 84712, United States"
490063001518,UT-19-19102,4900630,UT-19,PK,06,Apple Valley School,Nebo District,Utah County,105 E 770 N,SANTAQUIN,UT,84655,,(801)354-7400,41,"Rural, Fringe",No,732.00000,32.84000,22.2900000,138.00000,102.00000,–,Regular,Open,"39.988647466808, -111.783110348954",39.988647466808,-111.783110348954,US Census Geocoder,Exact,"105 E 770 N, SANTAQUIN, UT, 84655"
490036000198,UT-12-12103,4900360,UT-12,PK,06,Arcadia School,Granite District,Salt Lake County,3461 W 4850 S,TAYLORSVILLE,UT,84118,,(385)646-4756,21,"Suburban, Large",No,433.00000,21.50000,20.1400000,150.00000,40.00000,–,Regular,Open,"40.663799684363, -111.973399779378",40.663799684363,-111.973399779378,US Census Geocoder,Non_Exact,"3461 W 4850 S, TAYLORSVILLE, UT, 84129"
490045001625,UT-15-15710,4900450,UT-15,06,12,Arizona State University Prep Digital Powered by Juab,Juab District,Juab County,346 East 600 North,NEPHI,UT,84648,,(435)623-1940,32,"Town, Distant",No,0.00000,0.00000,†,†,†,†,Regular,Open,"39.717215780935, -111.829497719439",39.717215780935,-111.829497719439,US Census Geocoder,Exact,"346 E 600 N, NEPHI, UT, 84648"
490114001057,UT-33-33111,4901140,UT-33,PK,05,Arrowhead School,Washington District,Washington County,545 ARROWHEAD TRAIL,SANTA CLARA,UT,84765,,(435)674-2027,22,"Suburban, Midsize",No,520.00000,26.48000,19.6400000,135.00000,37.00000,–,Regular,Open,"37.119404786291, -113.632999968548",37.119404786291,-113.632999968548,US Census Geocoder,Exact,"545 ARROWHEAD TRL, SANTA CLARA, UT, 84765"
490063000660,UT-19-19100,4900630,UT-19,PK,06,Art City School,Nebo District,Utah County,121 N 900 E,SPRINGVILLE,UT,84663,,(801)489-2820,21,"Suburban, Large",No,433.00000,23.75000,18.2300000,110.00000,33.00000,–,Regular,Open,"40.168181018703, -111.593875881936",40.168181018703,-111.593875881936,US Census Geocoder,Exact,"121 N 900 E, SPRINGVILLE, UT, 84663"
490017401523,UT-2J-2J330,4900174,UT-2J,KG,06,Ascent Academies of Utah - West Valley,Ascent Academies of Utah,Salt Lake County,5685 West Cilma Drive,WEST VALLEY CITY,UT,84128,,(801)685-0228,21,"Suburban, Large",Yes,425.00000,25.24000,16.8400000,198.00000,33.00000,–,Regular,Open,"40.688405685991, -112.029454130661",40.688405685991,-112.029454130661,US Census Geocoder,Exact,"5685 W CILMA DR, WEST VALLEY CITY, UT, 84128"
490017401453,UT-2J-2J300,4900174,UT-2J,KG,09,Ascent Academies of Utah Farmington,Ascent Academies of Utah,Davis County,22 South 650 West,FARMINGTON,UT,84025,,(385)220-2200,21,"Suburban, Large",Yes,385.00000,25.53000,15.0800000,41.00000,14.00000,–,Regular,Open,"40.980140287188, -111.901527068917",40.980140287188,-111.901527068917,US Census Geocoder,Non_Exact,"22 650 W, FARMINGTON, UT, 84025"
490017401490,UT-2J-2J320,4900174,UT-2J,KG,09,Ascent Academies of Utah Lehi,Ascent Academies of Utah,Utah County,2199 W 900 N,LEHI,UT,84043,,(385)374-9641,13,"City, Small",Yes,646.00000,33.65000,19.2000000,84.00000,18.00000,–,Regular,Open,"40.398602288069, -111.884784296182",40.398602288069,-111.884784296182,US Census Geocoder,Exact,"2199 W 900 N, LEHI, UT, 84043"
490017401600,UT-2J-2J100,4900174,UT-2J,KG,06,Ascent Academies of Utah Saratoga Springs,Ascent Academies of Utah,Utah County,992 Chianti Street,SARATOGA SPRINGS,UT,84043,,(385)275-0909,41,"Rural, Fringe",Yes,637.00000,31.00000,20.5500000,86.00000,38.00000,–,Regular,Open,"40.3998755, -111.9421564",40.3998755,-111.9421564,OpenStreetMap Nominatim,Fallback,"Chianti Street, Saratoga Springs, Utah County, Utah, 84045, United States"
490017401472,UT-2J-2J310,4900174,UT-2J,KG,09,Ascent Academies of Utah West Jordan,Ascent Academies of Utah,Salt Lake County,5662 W 8200 S,WEST JORDAN,UT,84081,,(385)275-0909,21,"Suburban, Large",Yes,761.00000,38.15000,19.9500000,211.00000,41.00000,–,Regular,Open,"40.602350651098, -112.025600759885",40.602350651098,-112.025600759885,US Census Geocoder,Exact,"5662 W 8200 S, WEST JORDAN, UT, 84081"
490108000580,UT-31-31100,4901080,UT-31,KG,05,Ashley School,Uintah District,Uintah County,350 N 1150 W,VERNAL,UT,84078,,(435)781-3170,33,"Town, Remote",No,442.00000,25.50000,17.3300000,222.00000,25.00000,–,Regular,Open,"40.460592207716, -109.550589042971",40.460592207716,-109.550589042971,US Census Geocoder,Exact,"350 N 1150 W, VERNAL, UT, 84078"
490108001302,UT-31-31750,4901080,UT-31,08,12,Ashley Valley Educ. Ctr.,Uintah District,Uintah County,559 N 1700 W,VERNAL,UT,84078,,(435)781-4675,33,"Town, Remote",No,287.00000,1.00000,287.0000000,93.00000,7.00000,–,Other/Alternative,Open,"40.463191379856, -109.561148754637",40.463191379856,-109.561148754637,US Census Geocoder,Exact,"559 N 1700 W, VERNAL, UT, 84078"
490093000538,UT-26-26104,4900930,UT-26,KG,02,Ashman School,Sevier District,Sevier County,70 N 200 W,RICHFIELD,UT,84701,,(435)896-8415,33,"Town, Remote",No,466.00000,22.50000,20.7100000,249.00000,0.00000,–,Regular,Open,"38.769024390443, -112.088290202827",38.769024390443,-112.088290202827,US Census Geocoder,Exact,"70 N 200 W, RICHFIELD, UT, 84701"
490042001568,UT-14-14179,4900420,UT-14,KG,06,Aspen Elementary,Jordan District,Salt Lake County,11189 S. Willow Walk Rd,South Jordan,UT,84009,,(801)567-8960,41,"Rural, Fringe",No,901.00000,45.17000,19.9500000,193.00000,46.00000,–,Regular,Open,"40.545547833654, -112.042993607272",40.545547833654,-112.042993607272,US Census Geocoder,Non_Exact,"11189 S WILLOW WALK DR, SOUTH JORDAN, UT, 84009"
490003000740,UT-01-01105,4900030,UT-01,PK,06,Aspen School,Alpine District,Utah County,945 W 2000 N,OREM,UT,84057,,(801)610-8100,13,"City, Small",No,419.00000,21.36000,19.6200000,78.00000,24.00000,–,Regular,Open,"40.333633928357, -111.71850699027",40.333633928357,-111.71850699027,US Census Geocoder,Exact,"945 W 2000 N, OREM, UT, 84057"
490018101473,UT-4K-4K300,4900181,UT-4K,KG,12,Athenian eAcademy,Athenian eAcademy,Utah County,765 E. 340 S. Suite 203,AMERICAN FORK,UT,84003,,(385)715-5400,21,"Suburban, Large",Yes,557.00000,21.18000,26.3000000,133.00000,28.00000,–,Regular,Open,"40.369936763982, -111.777210041773",40.369936763982,-111.777210041773,US Census Geocoder,Exact,"765 E 340 S, AMERICAN FORK, UT, 84003"
490018901503,UT-1L-1L300,4900189,UT-1L,KG,09,Athlos Academy of Utah,Athlos Academy of Utah,Salt Lake County,12309 South Mustang Trail Way,HERRIMAN,UT,84096,,(801)438-4619,21,"Suburban, Large",Yes,458.00000,22.66000,20.2100000,152.00000,37.00000,–,Regular,Open,,,,,,
490087000474,UT-36-36104,4900870,UT-36,PK,06,Backman School,Salt Lake District,Salt Lake County,601 N 1500 W,SALT LAKE CITY,UT,84116,,(801)578-8100,12,"City, Midsize",No,396.00000,29.00000,13.6600000,380.00000,9.00000,–,Regular,Open,"40.781980443055, -111.933612956335",40.781980443055,-111.933612956335,US Census Geocoder,Exact,"601 N 1500 W, SALT LAKE CITY, UT, 84116"
490063000689,UT-19-19104,4900630,UT-19,PK,06,Barnett School,Nebo District,Utah County,456 N 300 E,PAYSON,UT,84651,,(801)465-6000,31,"Town, Fringe",No,508.00000,24.00000,21.1700000,207.00000,48.00000,–,Regular,Open,"40.049475544643, -111.728575591132",40.049475544643,-111.728575591132,US Census Geocoder,Exact,"456 N 300 E, PAYSON, UT, 84651"
490003000004,UT-01-01106,4900030,UT-01,PK,06,Barratt School,Alpine District,Utah County,168 N 900 E,AMERICAN FORK,UT,84003,,(801)610-8701,21,"Suburban, Large",No,563.00000,21.11000,26.6700000,91.00000,25.00000,–,Regular,Open,"40.380081692414, -111.773082653542",40.380081692414,-111.773082653542,US Census Geocoder,Exact,"168 N 900 E, AMERICAN FORK, UT, 84003"
490024001618,UT-08-08800,4900240,UT-08,KG,12,Basin Online School,Duchesne District,Uintah County,1091 E Lagoon St,ROOSEVELT,UT,84066,,(435)725-4491,33,"Town, Remote",No,39.00000,6.60000,5.9100000,8.00000,6.00000,–,Regular,Open,"40.2995065, -109.9837619",40.2995065,-109.9837619,OpenStreetMap Nominatim,Fallback,"East Lagoon Street, Roosevelt, Duchesne County, Utah, 84066, United States"
490042001498,UT-14-14173,4900420,UT-14,KG,06,Bastian School,Jordan District,Salt Lake County,5692 W. Big Bend Park Drive,HERRIMAN,UT,84096,,(801)567-8920,21,"Suburban, Large",No,741.00000,34.50000,21.4800000,106.00000,25.00000,–,Regular,Open,"40.526407746867, -112.028006992853",40.526407746867,-112.028006992853,US Census Geocoder,Exact,"5692 W BIGBEND PARK DR, HERRIMAN, UT, 84096"
490120000612,UT-35-35100,4901200,UT-35,KG,06,Bates School,Weber District,Weber County,850 E 3100 N,OGDEN,UT,84414,,(801)452-4580,21,"Suburban, Large",No,690.00000,31.00000,22.2600000,83.00000,40.00000,–,Regular,Open,"41.317388513098, -111.953745197534",41.317388513098,-111.953745197534,US Census Geocoder,Exact,"850 E 3100 N, OGDEN, UT, 84414"
490087000475,UT-36-36108,4900870,UT-36,PK,06,Beacon Heights School,Salt Lake District,Salt Lake County,1850 S 2500 E,SALT LAKE CITY,UT,84108,,(801)481-4814,12,"City, Midsize",No,345.00000,20.00000,17.2500000,55.00000,8.00000,–,Regular,Open,"40.73037266492, -111.819533392038",40.73037266492,-111.819533392038,US Census Geocoder,Exact,"1850 S 2500 E, SALT LAKE CITY, UT, 84108"
490014601375,UT-3G-3G100,4900146,UT-3G,KG,08,Bear River Charter School,Bear River Charter School,Cache County,75 S 400 W,LOGAN,UT,84321,,(435)753-8811,13,"City, Small",Yes,162.00000,10.56000,15.3400000,43.00000,0.00000,–,Regular,Open,"41.730130055466, -111.845419332586",41.730130055466,-111.845419332586,US Census Geocoder,Exact,"75 S 400 W, LOGAN, UT, 84321"
490009000043,UT-03-03704,4900090,UT-03,10,12,Bear River High,Box Elder District,Box Elder County,1450 S MAIN,GARLAND,UT,84312,,(435)734-4840,32,"Town, Distant",No,1194.00000,51.59000,23.1400000,195.00000,88.00000,–,Regular,Open,"41.725501557598, -112.162265228296",41.725501557598,-112.162265228296,US Census Geocoder,Non_Exact,"1450 S MAIN ST, GARLAND, UT, 84312"
490009000044,UT-03-03404,4900090,UT-03,08,10,Bear River Middle,Box Elder District,Box Elder County,300 E 1500 S,GARLAND,UT,84312,,(435)734-4880,32,"Town, Distant",No,841.00000,39.60000,21.2400000,187.00000,68.00000,–,Regular,Open,"41.724649886031, -112.158902687088",41.724649886031,-112.158902687088,US Census Geocoder,Non_Exact,"300 1500 S, GARLAND, UT, 84312"
490006000036,UT-02-02704,4900060,UT-02,07,12,Beaver High,Beaver District,Beaver County,195 E CENTER,BEAVER,UT,84713,,(435)438-2301,43,"Rural, Remote",No,442.00000,19.98000,22.1200000,130.00000,49.00000,–,Regular,Open,"38.2742849536, -112.637895681439",38.2742849536,-112.637895681439,US Census Geocoder,Non_Exact,"195 E CENTER ST, BEAVER, UT, 84713"
490006001257,UT-02-02100,4900060,UT-02,PK,PK,Beaver Preschool,Beaver District,Beaver County,290 N MAIN,BEAVER,UT,84713,,(435)438-2291,43,"Rural, Remote",No,42.00000,1.00000,42.0000000,10.00000,0.00000,–,Special Education,Open,"38.278087888253, -112.641210935239",38.278087888253,-112.641210935239,US Census Geocoder,Non_Exact,"290 N MAIN ST, BEAVER, UT, 84713"
490036000853,UT-12-12107,4900360,UT-12,PK,06,Beehive School,Granite District,Salt Lake County,5655 S 5220 W,KEARNS,UT,84118,,(385)646-4768,21,"Suburban, Large",No,489.00000,23.00000,21.2600000,169.00000,52.00000,–,Regular,Open,"40.648389280758, -112.015460738016",40.648389280758,-112.015460738016,US Census Geocoder,Exact,"5655 S 5220 W, KEARNS, UT, 84118"
490002301060,UT-3B-3B700,4900023,UT-3B,06,12,Beehive Science & Technology Academy,Beehive Science & Technology Academy,Salt Lake County,2165 East 9400 South,SANDY,UT,84093,,(801)576-0070,21,"Suburban, Large",Yes,424.00000,24.93000,17.0100000,69.00000,16.00000,–,Regular,Open,"40.58054660539, -111.828952610493",40.58054660539,-111.828952610493,US Census Geocoder,Exact,"2165 E 9400 S, SANDY, UT, 84093"
490002301570,UT-3B-3B100,4900023,UT-3B,KG,06,Beehive Science & Technology Academy Elementary,Beehive Science & Technology Academy,Salt Lake County,2165 East 9400 South,SANDY,UT,84093,,(801)576-0070,21,"Suburban, Large",Yes,435.00000,24.78000,17.5500000,81.00000,20.00000,–,Regular,Open,"40.58054660539, -111.828952610493",40.58054660539,-111.828952610493,US Census Geocoder,Exact,"2165 E 9400 S, SANDY, UT, 84093"
490006000037,UT-02-02104,4900060,UT-02,KG,06,Belknap School,Beaver District,Beaver County,500 N 650 E,BEAVER,UT,84713,,(435)438-2281,43,"Rural, Remote",No,451.00000,23.77000,18.9700000,153.00000,78.00000,–,Regular,Open,"38.2810320, -112.6301402",38.2810320,-112.6301402,OpenStreetMap Nominatim,Fallback,"650 East, Beaver, Beaver County, Utah, 84713, United States"
490014200288,UT-42-42106,4900142,UT-42,KG,05,Bella Vista School,Canyons District,Salt Lake County,2131 E 7000 S,Salt Lake City,UT,84121,,(801)826-7825,21,"Suburban, Large",No,219.00000,14.00000,15.6400000,60.00000,11.00000,–,Regular,Open,,,,,,
490003001545,UT-01-01114,4900030,UT-01,PK,06,Belmont School,Alpine District,Utah County,4051 North Maple Hollow Blvd,LEHI,UT,84043,,(801)610-8734,41,"Rural, Fringe",No,946.00000,38.85000,24.3500000,126.00000,31.00000,–,Regular,Open,"40.4408009, -111.8529325",40.4408009,-111.8529325,OpenStreetMap Nominatim,Fallback,"North Maple Hollow Boulevard, Lehi, Utah County, Utah, 84048, United States"
490072001281,UT-37-37703,4900720,UT-37,10,12,Ben Lomond High,Ogden City District,Weber County,1080 9TH STREET,OGDEN,UT,84404,,(801)737-7900,13,"City, Small",No,1180.00000,60.61000,19.4700000,508.00000,128.00000,–,Regular,Open,"41.248464209226, -111.950045139669",41.248464209226,-111.950045139669,US Census Geocoder,Exact,"1080 9TH ST, OGDEN, UT, 84404"
490036000715,UT-12-12400,4900360,UT-12,06,09,Bennion Jr High,Granite District,Salt Lake County,6055 S 2700 W,TAYLORSVILLE,UT,84118,,(385)646-5114,21,"Suburban, Large",No,1022.00000,41.83000,24.4300000,305.00000,81.00000,–,Regular,Open,"40.641181418225, -111.957765364138",40.641181418225,-111.957765364138,US Census Geocoder,Non_Exact,"6055 S 2700 W, TAYLORSVILLE, UT, 84129"
490036000199,UT-12-12106,4900360,UT-12,PK,06,Bennion School,Granite District,Salt Lake County,5775 S SIERRA GRANDE DR,SALT LAKE CITY,UT,84118,,(385)646-4774,21,"Suburban, Large",No,447.00000,18.00000,24.8300000,97.00000,24.00000,–,Regular,Open,"40.647297415003, -111.962401135711",40.647297415003,-111.962401135711,US Census Geocoder,Non_Exact,"5775 SIERRA GRANDE DR, SALT LAKE CITY, UT, 84129"
490048000953,UT-16-16712,4900480,UT-16,07,12,Big Water High,Kane District,Kane County,P O BOX 410126,BIG WATER,UT,84741,,(435)675-5821,43,"Rural, Remote",No,33.00000,1.00000,33.0000000,9.00000,1.00000,–,Regular,Open,,,,,,
490048000887,UT-16-16110,4900480,UT-16,KG,06,Big Water School,Kane District,Kane County,P O BOX 410126,BIG WATER,UT,84741,,(435)675-5821,43,"Rural, Remote",No,40.00000,2.00000,20.0000000,14.00000,3.00000,–,Regular,Open,"37.0853738, -111.6638778",37.0853738,-111.6638778,OpenStreetMap Nominatim,Fallback,"Big Water School, 825, Aaron Burr, Big Water, Kane County, Utah, 84741, United States"
490042000289,UT-14-14704,4900420,UT-14,10,12,Bingham High,Jordan District,Salt Lake County,2160 W 10400 S,SOUTH JORDAN,UT,84095,,(801)256-5100,21,"Suburban, Large",No,2461.00000,98.57000,24.9700000,242.00000,80.00000,–,Regular,Open,"40.562421285067, -111.947209877067",40.562421285067,-111.947209877067,US Census Geocoder,Exact,"2160 W 10400 S, SOUTH JORDAN, UT, 84095"
490012001392,UT-04-04106,4900120,UT-04,PK,06,Birch Creek School,Cache District,Cache County,675 W 220 N,SMITHFIELD,UT,84335,,(435)792-7692,22,"Suburban, Midsize",No,766.00000,30.50000,25.1100000,166.00000,104.00000,–,Regular,Open,"41.841536838809, -111.852753044026",41.841536838809,-111.852753044026,US Census Geocoder,Non_Exact,"675 220 N, SMITHFIELD, UT, 84335"
490003001461,UT-01-01115,4900030,UT-01,PK,06,Black Ridge School,Alpine District,Utah County,9358 N. Sunset Drive,EAGLE MOUNTAIN,UT,84005,,(801)610-8729,21,"Suburban, Large",No,842.00000,37.07000,22.7100000,70.00000,32.00000,–,Regular,Open,"40.382729228976, -111.992534866985",40.382729228976,-111.992534866985,US Census Geocoder,Exact,"9358 N SUNSET DR, EAGLE MOUNTAIN, UT, 84005"
490042001480,UT-14-14127,4900420,UT-14,KG,06,Blackridge School,Jordan District,Salt Lake County,14131 South Rosecrest Road,HERRIMAN,UT,84096,,(801)254-0326,21,"Suburban, Large",No,782.00000,37.25000,20.9900000,85.00000,22.00000,–,Regular,Open,"40.493502029819, -112.024268423422",40.493502029819,-112.024268423422,US Census Geocoder,Non_Exact,"14131 ROSECREST LN, HERRIMAN, UT, 84096"
490090000527,UT-25-25104,4900900,UT-25,PK,05,Blanding School,San Juan District,San Juan County,302 S 100 W,BLANDING,UT,84511,,(435)678-1871,43,"Rural, Remote",No,509.00000,28.00000,18.1800000,308.00000,6.00000,–,Regular,Open,"37.621035925492, -109.479805472405",37.621035925492,-109.479805472405,US Census Geocoder,Exact,"302 S 100 W, BLANDING, UT, 84511"
490006901140,UT-41-41211,4900069,UT-41,PK,12,Blind Region 2,Utah Schools for the Deaf and the Blind,Salt Lake County,1655 East 3300 South,SALT LAKE CITY,UT,84106,,(801)464-0840,21,"Suburban, Large",No,16.00000,30.06000,0.5300000,4.00000,1.00000,–,Special Education,Open,"40.700003669832, -111.844936108764",40.700003669832,-111.844936108764,US Census Geocoder,Exact,"1655 E 3300 S, SALT LAKE CITY, UT, 84106"
490006901531,UT-41-41411,4900069,UT-41,PK,06,Blind South,Utah Schools for the Deaf and the Blind,Utah County,424 South 350 East,OREM,UT,84058,,(801)629-4718,21,"Suburban, Large",No,10.00000,9.00000,1.1100000,3.00000,0.00000,–,Special Education,Open,"40.289405191488, -111.687067342953",40.289405191488,-111.687067342953,US Census Geocoder,Exact,"424 S 350 E, OREM, UT, 84058"
490114000347,UT-33-33105,4901140,UT-33,PK,05,Bloomington Hills School,Washington District,Washington County,919 E BRIGHAM RD,ST GEORGE,UT,84790,,(435)674-6495,41,"Rural, Fringe",No,448.00000,24.00000,18.6700000,158.00000,36.00000,–,Regular,Open,"37.054200545995, -113.56503743096",37.054200545995,-113.56503743096,US Census Geocoder,Exact,"919 E BRIGHAM RD, ST GEORGE, UT, 84790"
490114000841,UT-33-33102,4901140,UT-33,PK,05,Bloomington School,Washington District,Washington County,425 MAN OF WAR ROAD,ST GEORGE,UT,84790,,(435)673-6266,12,"City, Midsize",No,553.00000,28.50000,19.4000000,112.00000,31.00000,–,Regular,Open,"37.052095647705, -113.592637213936",37.052095647705,-113.592637213936,US Census Geocoder,Non_Exact,"425 MAN O WAR RD, ST GEORGE, UT, 84790"
490105000698,UT-30-30740,4901050,UT-30,KG,12,Blue Peak High,Tooele District,Tooele County,211 S TOOELE BLVD,TOOELE,UT,84074,,(435)833-8700,32,"Town, Distant",No,128.00000,16.06000,7.9700000,52.00000,4.00000,–,Other/Alternative,Open,"40.527016403775, -112.324612841396",40.527016403775,-112.324612841396,US Census Geocoder,Non_Exact,"211 TOOELE BLVD, TOOELE, UT, 84074"
490021000649,UT-07-07153,4900210,UT-07,PK,06,Bluff Ridge School,Davis District,Davis County,2680 S 775 W,SYRACUSE,UT,84075,,(801)402-2850,21,"Suburban, Large",No,915.00000,43.50000,21.0300000,92.00000,17.00000,–,Regular,Open,"41.1022263, -112.0624404",41.1022263,-112.0624404,OpenStreetMap Nominatim,Fallback,"West 775 South, Syracuse, Davis County, Utah, 84075, United States"
490090000528,UT-25-25108,4900900,UT-25,PK,05,Bluff School,San Juan District,San Juan County,200 W Main,BLUFF,UT,84512,,(435)678-1296,43,"Rural, Remote",No,82.00000,6.50000,12.6200000,79.00000,2.00000,–,Regular,Open,"37.281602082492, -109.568253332675",37.281602082492,-109.568253332675,US Census Geocoder,Non_Exact,"200 MAIN ST, BLUFF, UT, 84512"
490042000338,UT-14-14109,4900420,UT-14,KG,06,Bluffdale School,Jordan District,Salt Lake County,14323 S 2700 W,BLUFFDALE,UT,84065,,(801)254-8090,21,"Suburban, Large",No,736.00000,33.75000,21.8100000,99.00000,50.00000,–,Regular,Open,"40.491588871948, -111.957632854475",40.491588871948,-111.957632854475,US Census Geocoder,Exact,"14323 S 2700 W, BLUFFDALE, UT, 84065"
490019501507,UT-6L-6L300,4900195,UT-6L,KG,08,Bonneville Academy,Bonneville Academy,Tooele County,800 W Montauk Lane,STANSBURY PARK,UT,84074,,(435)315-2080,32,"Town, Distant",Yes,337.00000,20.63000,16.3400000,48.00000,33.00000,–,Regular,Open,"40.637598494457, -112.3220396499",40.637598494457,-112.3220396499,US Census Geocoder,Exact,"800 W MONTAUK LN, STANSBURY PARK, UT, 84074"
490120000613,UT-35-35701,4901200,UT-35,10,12,Bonneville High,Weber District,Weber County,251 E LAKER WAY,OGDEN,UT,84405,,(801)452-4050,21,"Suburban, Large",No,1373.00000,50.86000,27.0000000,410.00000,80.00000,–,Regular,Open,"41.1760711, -111.9748581",41.1760711,-111.9748581,OpenStreetMap Nominatim,Fallback,"Laker Way, Amber Way Condominium, Washington Terrace, Weber County, Utah, 84405, United States"
490036000200,UT-12-12402,4900360,UT-12,06,08,Bonneville Jr High,Granite District,Salt Lake County,5330 S 1660 E,SALT LAKE CITY,UT,84117,,(385)646-5124,21,"Suburban, Large",No,636.00000,25.33000,25.1100000,223.00000,32.00000,–,Regular,Open,,,,,,
490120001648,UT-35-35185,4901200,UT-35,PK,12,Bonneville Preschool,Weber District,Weber County,251 E 4800 S,OGDEN,UT,84405,,(801)452-4935,21,"Suburban, Large",No,59.00000,1.00000,59.0000000,5.00000,0.00000,–,Regular,Open,"41.176026227144, -111.974254859337",41.176026227144,-111.974254859337,US Census Geocoder,Exact,"251 E 4800 S, OGDEN, UT, 84405"
490087000476,UT-36-36112,4900870,UT-36,KG,06,Bonneville School,Salt Lake District,Salt Lake County,1145 S 1900 E,SALT LAKE CITY,UT,84108,,(801)584-2913,12,"City, Midsize",No,414.00000,22.00000,18.8200000,25.00000,3.00000,–,Regular,Open,"40.74455147145, -111.836428151758",40.74455147145,-111.836428151758,US Census Geocoder,Exact,"1145 S 1900 E, SALT LAKE CITY, UT, 84108"
490072001266,UT-37-37103,4900720,UT-37,PK,06,Bonneville School,Ogden City District,Weber County,490 GRAMERCY AVE,OGDEN,UT,84404,,(801)737-8900,13,"City, Small",No,442.00000,24.50000,18.0400000,286.00000,12.00000,–,Regular,Open,"41.25500879922, -111.957360322672",41.25500879922,-111.957360322672,US Census Geocoder,Exact,"490 GRAMERCY AVE, OGDEN, UT, 84404"
490003000005,UT-01-01107,4900030,UT-01,PK,06,Bonneville School,Alpine District,Utah County,1245 N 800 W,OREM,UT,84057,,(801)610-8101,13,"City, Small",No,564.00000,25.49000,22.1300000,208.00000,46.00000,–,Regular,Open,"40.320415179628, -111.715226715949",40.320415179628,-111.715226715949,US Census Geocoder,Exact,"1245 N 800 W, OREM, UT, 84057"
490027000173,UT-09-09124,4900270,UT-09,PK,06,Book Cliff School,Emery District,Emery County,P O BOX 448,GREEN RIVER,UT,84525,,(435)564-8102,43,"Rural, Remote",No,123.00000,8.00000,15.3800000,73.00000,11.00000,–,Regular,Open,"38.9928382, -110.1586921",38.9928382,-110.1586921,OpenStreetMap Nominatim,Fallback,"Book Cliff Elementary School, East 140 South, Green River, Emery County, Utah, 84525, United States"
490030000825,UT-10-10108,4900300,UT-10,PK,06,Boulder School,Garfield District,Garfield County,P O BOX 1447,BOULDER,UT,84716,,(435)335-7322,43,"Rural, Remote",No,7.00000,2.05000,3.4100000,‡,‡,–,Regular,Open,"37.9088757, -111.4235042",37.9088757,-111.4235042,OpenStreetMap Nominatim,Fallback,"Boulder School, 100 East, Boulder, Garfield County, Utah, 84716, United States"
490021000104,UT-07-07108,4900210,UT-07,PK,06,Boulton School,Davis District,Davis County,2611 S ORCHARD DR,BOUNTIFUL,UT,84010,,(801)402-1300,21,"Suburban, Large",No,466.00000,22.50000,20.7100000,83.00000,14.00000,–,Regular,Open,"40.86083692547, -111.885898993385",40.86083692547,-111.885898993385,US Census Geocoder,Non_Exact,"2611 ORCHARD DR, BOUNTIFUL, UT, 84010"
490021000105,UT-07-07704,4900210,UT-07,10,12,Bountiful High,Davis District,Davis County,695 S ORCHARD DR,BOUNTIFUL,UT,84010,,(801)402-3900,21,"Suburban, Large",No,1550.00000,65.01000,23.8400000,169.00000,47.00000,–,Regular,Open,"40.882558651669, -111.872324123416",40.882558651669,-111.872324123416,US Census Geocoder,Non_Exact,"695 ORCHARD DR, BOUNTIFUL, UT, 84010"
490021000106,UT-07-07404,4900210,UT-07,07,09,Bountiful Jr High,Davis District,Davis County,30 W 400 N,BOUNTIFUL,UT,84010,,(801)402-6000,21,"Suburban, Large",No,630.00000,29.36000,21.4600000,110.00000,42.00000,–,Regular,Open,"40.893747242931, -111.881286517104",40.893747242931,-111.881286517104,US Census Geocoder,Exact,"30 W 400 N, BOUNTIFUL, UT, 84010"
490021000107,UT-07-07112,4900210,UT-07,PK,06,Bountiful School,Davis District,Davis County,1620 S 50 W,BOUNTIFUL,UT,84010,,(801)402-1350,21,"Suburban, Large",No,474.00000,19.00000,24.9500000,97.00000,18.00000,–,Regular,Open,"40.873390350324, -111.882219436776",40.873390350324,-111.882219436776,US Census Geocoder,Exact,"1620 S 50 W, BOUNTIFUL, UT, 84010"
490009000046,UT-03-03708,4900090,UT-03,10,12,Box Elder High,Box Elder District,Box Elder County,380 S 600 W,BRIGHAM CITY,UT,84302,,(435)734-4840,31,"Town, Fringe",No,1641.00000,70.58000,23.2500000,322.00000,92.00000,–,Regular,Open,"41.503573463046, -112.025409771488",41.503573463046,-112.025409771488,US Census Geocoder,Exact,"380 S 600 W, BRIGHAM CITY, UT, 84302"
490009000047,UT-03-03408,4900090,UT-03,08,09,Box Elder Middle,Box Elder District,Box Elder County,18 S 500 E,BRIGHAM CITY,UT,84302,,(435)734-4880,31,"Town, Fringe",No,1124.00000,51.93000,21.6400000,284.00000,64.00000,–,Regular,Open,"41.509951518138, -112.007988875982",41.509951518138,-112.007988875982,US Census Geocoder,Exact,"18 S 500 E, BRIGHAM CITY, UT, 84302"
490020201566,UT-3M-3M100,4900202,UT-3M,KG,06,Bridge Elementary School,Bridge Elementary School,Weber County,4824 S Midland Dr,ROY,UT,84067,,(801)499-5180,21,"Suburban, Large",Yes,558.00000,22.39000,24.9200000,137.00000,59.00000,–,Regular,Open,"41.174974566079, -112.067077238361",41.174974566079,-112.067077238361,US Census Geocoder,Exact,"4824 S MIDLAND DR, ROY, UT, 84067"
490051001063,UT-39-39110,4900510,UT-39,PK,05,Bridger School,Logan City District,Cache County,1261 N 400 W,LOGAN,UT,84341,,(435)755-2345,13,"City, Small",No,499.00000,26.00000,19.1900000,250.00000,74.00000,–,Regular,Open,"41.754955847356, -111.824237954314",41.754955847356,-111.824237954314,US Census Geocoder,Non_Exact,"1261 N 400 E, LOGAN, UT, 84341"
490063001424,UT-19-19650,4900630,UT-19,PK,12,Bridges Nebo Transition Center,Nebo District,Utah County,165 S. 700 E.,SPRINGVILLE,UT,84663,,(801)798-4006,21,"Suburban, Large",No,175.00000,8.31000,21.0600000,87.00000,5.00000,–,Special Education,Open,"40.164210417592, -111.598426928829",40.164210417592,-111.598426928829,US Census Geocoder,Exact,"165 S 700 E, SPRINGVILLE, UT, 84663"
490014200291,UT-42-42705,4900142,UT-42,08,12,Brighton High,Canyons District,Salt Lake County,2220 E BENGAL BLVD,Salt Lake City,UT,84121,,(801)826-5800,21,"Suburban, Large",No,2435.00000,92.32000,26.3800000,276.00000,36.00000,–,Regular,Open,"40.613002427937, -111.826951010541",40.613002427937,-111.826951010541,US Census Geocoder,Exact,"2220 E BENGAL BLVD, SALT LAKE CITY, UT, 84121"
490063000379,UT-19-19108,4900630,UT-19,PK,06,Brockbank School,Nebo District,Utah County,340 W 500 N,SPANISH FORK,UT,84660,,(801)798-4025,21,"Suburban, Large",No,456.00000,21.21000,21.5000000,109.00000,24.00000,–,Regular,Open,"40.11434312486, -111.663183475247",40.11434312486,-111.663183475247,US Census Geocoder,Non_Exact,"340 N 500 W, SPANISH FORK, UT, 84660"
490003001547,UT-01-01203,4900030,UT-01,PK,06,Brookhaven School,Alpine District,Utah County,7082 North Seedling Drive,EAGLE MOUNTAIN,UT,84005,,(801)610-8733,21,"Suburban, Large",No,1077.00000,48.90000,22.0200000,157.00000,64.00000,–,Regular,Open,"40.348789199373, -111.961034340643",40.348789199373,-111.961034340643,US Census Geocoder,Exact,"7082 N SEEDLING DR, EAGLE MOUNTAIN, UT, 84005"
490063000380,UT-19-19112,4900630,UT-19,PK,06,Brookside School,Nebo District,Utah County,750 E 400 S,SPRINGVILLE,UT,84663,,(801)489-2830,21,"Suburban, Large",No,362.00000,17.31000,20.9100000,115.00000,25.00000,–,Regular,Open,"40.160990385797, -111.597410200513",40.160990385797,-111.597410200513,US Census Geocoder,Exact,"750 E 400 S, SPRINGVILLE, UT, 84663"
490014200292,UT-42-42107,4900142,UT-42,KG,05,Brookwood School,Canyons District,Salt Lake County,8640 S SNOWBIRD DR,SANDY,UT,84093,,(801)826-7900,21,"Suburban, Large",No,359.00000,15.00000,23.9300000,12.00000,3.00000,–,Regular,Open,"40.594128727724, -111.819642716024",40.594128727724,-111.819642716024,US Census Geocoder,Exact,"8640 S SNOWBIRD DR, SANDY, UT, 84093"
490015001209,UT-05-05110,4900150,UT-05,PK,05,Bruin Point School,Carbon District,Carbon County,PO BOX 399,SUNNYSIDE,UT,84539,,(435)888-4474,43,"Rural, Remote",No,107.00000,6.50000,16.4600000,71.00000,10.00000,–,Regular,Open,"39.5509763, -110.4025477",39.5509763,-110.4025477,OpenStreetMap Nominatim,Fallback,"Bruin Point Elementary, 100, Viking Boulevard, East Carbon, Carbon County, Utah, 84539, United States"
490030000184,UT-10-10704,4900300,UT-10,07,12,Bryce Valley High,Garfield District,Garfield County,P O BOX 70,TROPIC,UT,84776,,(435)679-8835,43,"Rural, Remote",No,142.00000,9.40000,15.1100000,17.00000,11.00000,–,Regular,Open,"37.6239699, -112.0934534",37.6239699,-112.0934534,OpenStreetMap Nominatim,Fallback,"Bryce Valley High School, North 600 West, Tropic, Garfield County, Utah, 84776, United States"
490030000185,UT-10-10112,4900300,UT-10,PK,06,Bryce Valley School,Garfield District,Garfield County,P O BOX 286,TROPIC,UT,84776,,(435)679-8619,43,"Rural, Remote",No,157.00000,8.30000,18.9200000,36.00000,17.00000,–,Regular,Open,"37.6239699, -112.0934534",37.6239699,-112.0934534,OpenStreetMap Nominatim,Fallback,"Bryce Valley High School, North 600 West, Tropic, Garfield County, Utah, 84776, United States"
490021001221,UT-07-07113,4900210,UT-07,PK,06,Buffalo Point School,Davis District,Davis County,1924 SOUTH DORAL DRIVE,SYRACUSE,UT,84075,,(801)402-8400,21,"Suburban, Large",No,726.00000,29.50000,24.6100000,63.00000,26.00000,–,Regular,Open,"41.0890285, -112.0954251",41.0890285,-112.0954251,OpenStreetMap Nominatim,Fallback,"South Doral Drive, Syracuse, Davis County, Utah, 84075, United States"
490120001484,UT-35-35105,4901200,UT-35,KG,06,Burch Creek School,Weber District,Weber County,4300 Madison Ave.,OGDEN,UT,84405,,(801)476-5300,21,"Suburban, Large",No,577.00000,31.50000,18.3200000,257.00000,52.00000,–,Regular,Open,"41.183891625939, -111.962886561136",41.183891625939,-111.962886561136,US Census Geocoder,Non_Exact,"4300 MADISON AVE, OGDEN, UT, 84403"
490014200293,UT-42-42402,4900142,UT-42,06,08,Butler Middle,Canyons District,Salt Lake County,7530 S 2700 E,Salt Lake City,UT,84121,,(801)826-6800,21,"Suburban, Large",No,913.00000,40.08000,22.7800000,129.00000,24.00000,–,Regular,Open,"40.615279551306, -111.815398075252",40.615279551306,-111.815398075252,US Census Geocoder,Exact,"7530 S 2700 E, SALT LAKE CITY, UT, 84121"
490014200294,UT-42-42108,4900142,UT-42,KG,05,Butler School,Canyons District,Salt Lake County,2700 E 7000 S,SALT LAKE CITY,UT,84121,,(801)826-7975,21,"Suburban, Large",No,600.00000,26.50000,22.6400000,56.00000,17.00000,–,Regular,Open,"40.623894609141, -111.815268495598",40.623894609141,-111.815268495598,US Census Geocoder,Non_Exact,"7000 S 2700 E, SALT LAKE CITY, UT, 84121"
490042001123,UT-14-14177,4900420,UT-14,KG,06,Butterfield Canyon School,Jordan District,Salt Lake County,6860 W MARY LEIZAN LANE,HERRIMAN,UT,84096,,(801)254-0737,21,"Suburban, Large",No,704.00000,31.75000,22.1700000,47.00000,28.00000,–,Regular,Open,"40.500195300352, -112.054460949105",40.500195300352,-112.054460949105,US Census Geocoder,Exact,"6860 W MARY LEIZAN LN, HERRIMAN, UT, 84096"
490033001236,UT-11-11801,4900330,UT-11,PK,KG,C R Sundwall Center,Grand District,Grand County,190 E 100 N,MOAB,UT,84532,,(435)259-5628,33,"Town, Remote",No,60.00000,1.00000,60.0000000,8.00000,3.00000,–,Special Education,Open,"38.574773755805, -109.547397638289",38.574773755805,-109.547397638289,US Census Geocoder,Exact,"190 E 100 N, MOAB, UT, 84532"
490007401190,UT-3E-3E100,4900074,UT-3E,KG,06,C.S. Lewis Academy,C.S. Lewis Academy,Utah County,354 N SR-198,SANTAQUIN,UT,84655,,(801)754-3376,31,"Town, Fringe",Yes,224.00000,12.50000,17.9200000,101.00000,19.00000,–,Regular,Open,"39.981973497441, -111.766437465754",39.981973497441,-111.766437465754,US Census Geocoder,Non_Exact,"354 STATE RTE 198, SANTAQUIN, UT, 84655"
490012000041,UT-04-04710,4900120,UT-04,05,12,Cache High,Cache District,Cache County,265 W 1400 N,LOGAN,UT,84341,,(435)755-0716,13,"City, Small",No,125.00000,11.40000,10.9600000,48.00000,9.00000,–,Other/Alternative,Open,"41.757783144976, -111.841066327351",41.757783144976,-111.841066327351,US Census Geocoder,Exact,"265 W 1400 N, LOGAN, UT, 84341"
490012001251,UT-04-04600,4900120,UT-04,PK,PK,Cache Preschool,Cache District,Cache County,84 East 2400 North,NORTH LOGAN,UT,84341,,(435)752-3925,22,"Suburban, Midsize",No,68.00000,2.72000,25.0000000,†,†,†,Special Education,Open,"41.775938551005, -111.833573980402",41.775938551005,-111.833573980402,US Census Geocoder,Exact,"84 E 2400 N, NORTH LOGAN, UT, 84341"
490036000680,UT-12-12194,4900360,UT-12,PK,06,Calvin S. Smith School,Granite District,Salt Lake County,2150 W 6200 S,TAYLORSVILLE,UT,84118,,(385)646-5020,21,"Suburban, Large",No,525.00000,21.50000,24.4200000,81.00000,21.00000,–,Regular,Open,"40.638633276562, -111.947576027545",40.638633276562,-111.947576027545,US Census Geocoder,Non_Exact,"2150 W 6200 S, TAYLORSVILLE, UT, 84129"
490021001511,UT-07-07169,4900210,UT-07,PK,06,Canyon Creek School,Davis District,Davis County,755 S 1100 W,FARMINGTON,UT,84025,,(801)402-0300,21,"Suburban, Large",No,778.00000,34.00000,22.8800000,29.00000,18.00000,–,Regular,Open,"40.9680131, -111.9101962",40.9680131,-111.9101962,OpenStreetMap Nominatim,Fallback,"Canyon Creek Elementary, 755, South 1100 West, Farmington, Davis County, Utah, 84025, United States"
490081000799,UT-38-38101,4900810,UT-38,KG,06,Canyon Crest School,Provo District,Utah County,4664 N CANYON RD,PROVO,UT,84604,,(801)221-9873,12,"City, Midsize",No,487.00000,22.72000,21.4300000,75.00000,25.00000,–,Regular,Open,"40.295838190715, -111.653390879993",40.295838190715,-111.653390879993,US Census Geocoder,Exact,"4664 N CANYON RD, PROVO, UT, 84604"
490014301376,UT-5G-5G100,4900143,UT-5G,KG,12,Canyon Grove Academy,Canyon Grove Academy,Utah County,588 W 3300 N,PLEASANT GROVE,UT,84062,,(801)785-9300,21,"Suburban, Large",Yes,1052.00000,28.38000,37.0700000,67.00000,2.00000,–,Regular,Open,"40.4016930, -111.7505133",40.4016930,-111.7505133,OpenStreetMap Nominatim,Fallback,"588, West 3300 North, Pleasant Grove, Utah County, Utah, 84062, United States"
490007101178,UT-9D-9D100,4900071,UT-9D,KG,06,Canyon Rim Academy,Canyon Rim Academy,Salt Lake County,3005 S 2900 E,SALT LAKE CITY,UT,84109,,(801)474-2066,21,"Suburban, Large",Yes,524.00000,21.50000,24.3700000,31.00000,1.00000,–,Regular,Open,"40.705618566565, -111.810124611008",40.705618566565,-111.810124611008,US Census Geocoder,Exact,"3005 S 2900 E, SALT LAKE CITY, UT, 84109"
490063000479,UT-19-19116,4900630,UT-19,PK,06,Canyon School,Nebo District,Utah County,1492 E 1240 S,SPANISH FORK,UT,84660,,(801)798-4610,21,"Suburban, Large",No,457.00000,20.95000,21.8100000,89.00000,27.00000,–,Regular,Open,"40.093188718928, -111.6291379916",40.093188718928,-111.6291379916,US Census Geocoder,Exact,"1492 E 1240 S, SPANISH FORK, UT, 84660"
490012001064,UT-04-04109,4900120,UT-04,PK,06,Canyon School,Cache District,Cache County,270 S 1300 E,HYRUM,UT,84319,,(435)792-7684,22,"Suburban, Midsize",No,789.00000,32.50000,24.2800000,193.00000,137.00000,–,Regular,Open,"41.627855478911, -111.819950574108",41.627855478911,-111.819950574108,US Census Geocoder,Exact,"270 S 1300 E, HYRUM, UT, 84319"
490039000473,UT-13-13712,4900390,UT-13,09,12,Canyon View High,Iron District,Iron County,166 W 1925 N,CEDAR CITY,UT,84721,,(435)586-2813,33,"Town, Remote",No,1021.00000,59.19000,17.2500000,257.00000,76.00000,–,Regular,Open,"37.712355042048, -113.066775103117",37.712355042048,-113.066775103117,US Census Geocoder,Exact,"166 W 1925 N, CEDAR CITY, UT, 84721"
490003000819,UT-01-01405,4900030,UT-01,07,09,Canyon View Jr High,Alpine District,Utah County,655 E 950 N,OREM,UT,84097,,(801)610-8130,13,"City, Small",No,1066.00000,43.28000,24.6300000,251.00000,60.00000,–,Regular,Open,"40.314772017115, -111.680363467715",40.314772017115,-111.680363467715,US Census Geocoder,Exact,"655 E 950 N, OREM, UT, 84097"
490039001122,UT-13-13308,4900390,UT-13,06,08,Canyon View Middle,Iron District,Iron County,1865 N MAIN,CEDAR CITY,UT,84721,,(435)586-2830,33,"Town, Remote",No,948.00000,49.86000,19.0100000,287.00000,103.00000,–,Regular,Open,"37.710762529873, -113.061434847124",37.710762529873,-113.061434847124,US Census Geocoder,Non_Exact,"1865 N MAIN ST, CEDAR CITY, UT, 84721"
490027000174,UT-09-09404,4900270,UT-09,06,08,Canyon View Middle School,Emery District,Emery County,P O BOX 250,HUNTINGTON,UT,84528,,(435)687-2265,43,"Rural, Remote",No,215.00000,13.07000,16.4500000,67.00000,17.00000,–,Regular,Open,,,,,,
490120001249,UT-35-35179,4901200,UT-35,PK,PK,Canyon View Preschool,Weber District,Weber County,1100 ORCHARD AVE,OGDEN,UT,84404,,(801)626-2516,13,"City, Small",No,42.00000,10.70000,3.9300000,9.00000,1.00000,–,Special Education,Open,"41.245529853279, -111.962479578915",41.245529853279,-111.962479578915,US Census Geocoder,Exact,"1100 ORCHARD AVE, OGDEN, UT, 84404"
490014200295,UT-42-42110,4900142,UT-42,KG,05,Canyon View School,Canyons District,Salt Lake County,3050 E 7800 S,Salt Lake City,UT,84121,,(801)826-8050,21,"Suburban, Large",No,471.00000,22.10000,21.3100000,40.00000,11.00000,–,Regular,Open,,,,,,
490120000966,UT-35-35180,4901200,UT-35,KG,06,Canyon View School,Weber District,Weber County,1100 ORCHARD AVE,OGDEN,UT,84404,,(801)476-3960,13,"City, Small",No,16.00000,3.82000,4.1900000,9.00000,0.00000,–,Special Education,Open,"41.245529853279, -111.962479578915",41.245529853279,-111.962479578915,US Census Geocoder,Exact,"1100 ORCHARD AVE, OGDEN, UT, 84404"
490014201633,UT-42-42477,4900142,UT-42,KG,08,Canyons Online,Canyons District,Salt Lake County,9361 S. 300 East,SANDY,UT,84070,,(801)826-5461,21,"Suburban, Large",No,0.00000,1.00000,†,†,†,†,Regular,Open,"40.58162258895, -111.881643531118",40.58162258895,-111.881643531118,US Census Geocoder,Exact,"9361 S 300 E, SANDY, UT, 84070"
490014201189,UT-42-42740,4900142,UT-42,07,12,Canyons Technical Education Center,Canyons District,Salt Lake County,825 E 9085 S,SANDY,UT,84094,,(801)826-6600,21,"Suburban, Large",No,8.00000,17.24000,0.4600000,‡,‡,–,Vocational,Open,"40.586626927442, -111.869538392058",40.586626927442,-111.869538392058,US Census Geocoder,Exact,"825 E 9085 S, SANDY, UT, 84094"
490014201529,UT-42-42777,4900142,UT-42,06,12,Canyons Virtual Academy,Canyons District,Salt Lake County,9800 S 800 East,SANDY,UT,84070,,(801)826-5220,21,"Suburban, Large",No,0.00000,0.50000,†,†,†,†,Regular,Open,"40.573205686368, -111.868659725274",40.573205686368,-111.868659725274,US Census Geocoder,Non_Exact,"9800 S 800 E, SANDY, UT, 84094"
490015000089,UT-05-05704,4900150,UT-05,09,12,Carbon High,Carbon District,Carbon County,750 E 400 N,PRICE,UT,84501,,(435)637-2463,33,"Town, Remote",No,1004.00000,46.70000,21.5000000,334.00000,64.00000,–,Regular,Open,"39.612589176033, -110.803927405725",39.612589176033,-110.803927405725,US Census Geocoder,Non_Exact,"750 N 400 E, PRICE, UT, 84501"
490114001647,UT-33-33770,4901140,UT-33,KG,12,Career Tech High School,Washington District,Washington County,1001 White Dome Drive,SAINT GEORGE,UT,84790,,(435)673-3553,41,"Rural, Fringe",No,592.00000,34.73000,17.0500000,107.00000,30.00000,–,Vocational,Open,,,,,,
490003000006,UT-01-01108,4900030,UT-01,PK,06,Cascade School,Alpine District,Utah County,160 N 800 E,OREM,UT,84097,,(801)610-8102,13,"City, Small",No,882.00000,38.24000,23.0600000,269.00000,86.00000,–,Regular,Open,"40.300127386776, -111.676441302077",40.300127386776,-111.676441302077,US Census Geocoder,Exact,"160 N 800 E, OREM, UT, 84097"
490027000175,UT-09-09104,4900270,UT-09,KG,05,Castle Dale School,Emery District,Emery County,P.O. BOX 539,CASTLE DALE,UT,84513,,(435)381-5221,43,"Rural, Remote",No,127.00000,7.00000,18.1400000,52.00000,14.00000,–,Regular,Open,"39.2121920, -111.0196130",39.2121920,-111.0196130,OpenStreetMap Nominatim,Fallback,"Castle Dale, Emery County, Utah, 84513, United States"
490015000809,UT-05-05112,4900150,UT-05,KG,05,Castle Heights School,Carbon District,Carbon County,750 N HOMESTEAD BLVD,PRICE,UT,84501,,(435)637-7177,33,"Town, Remote",No,369.00000,19.50000,18.9200000,132.00000,36.00000,–,Regular,Open,"39.612744495623, -110.785283764134",39.612744495623,-110.785283764134,US Census Geocoder,Exact,"750 N HOMESTEAD BLVD, PRICE, UT, 84501"
490015000088,UT-05-05801,4900150,UT-05,PK,12,Castle Valley Center,Carbon District,Carbon County,755 N CEDAR HILLS DR.,PRICE,UT,84501,,(435)637-9150,33,"Town, Remote",No,95.00000,8.00000,11.8800000,45.00000,6.00000,–,Special Education,Open,"39.612675035685, -110.792506510343",39.612675035685,-110.792506510343,US Census Geocoder,Exact,"755 N CEDAR HILLS DR, PRICE, UT, 84501"
490021001620,UT-07-07747,4900210,UT-07,09,12,Catalyst Center,Davis District,Davis County,1265 W Sportsplex Drive,KAYSVILLE,UT,84037,,(801)402-5336,21,"Suburban, Large",No,0.00000,14.76000,†,†,†,†,Regular,Open,"41.041821927044, -111.960716871101",41.041821927044,-111.960716871101,US Census Geocoder,Non_Exact,"1265 SPORT PLEX DR, KAYSVILLE, UT, 84037"
490039000278,UT-13-13704,4900390,UT-13,09,12,Cedar City High,Iron District,Iron County,703 W 600 S,CEDAR CITY,UT,84720,,(435)586-2820,33,"Town, Remote",No,1372.00000,67.58000,20.3000000,281.00000,59.00000,–,Regular,Open,"37.666485109674, -113.071782648865",37.666485109674,-113.071782648865,US Census Geocoder,Exact,"703 W 600 S, CEDAR CITY, UT, 84720"
490039000279,UT-13-13104,4900390,UT-13,KG,05,Cedar East School,Iron District,Iron County,255 E COLLEGE AVE,CEDAR CITY,UT,84720,,(435)586-2840,33,"Town, Remote",No,598.00000,29.60000,20.2000000,249.00000,69.00000,–,Regular,Open,"37.676229663087, -113.057338953417",37.676229663087,-113.057338953417,US Census Geocoder,Exact,"255 E COLLEGE AVE, CEDAR CITY, UT, 84720"
490039000280,UT-13-13304,4900390,UT-13,06,08,Cedar Middle,Iron District,Iron County,2215 WEST ROYAL HUNTE DR,CEDAR CITY,UT,84720,,(435)586-2810,41,"Rural, Fringe",No,1139.00000,56.97000,19.9900000,273.00000,115.00000,–,Regular,Open,"37.659843111694, -113.089875432767",37.659843111694,-113.089875432767,US Census Geocoder,Non_Exact,"2215 ROYAL HUNT DR, CEDAR CITY, UT, 84720"
490039000281,UT-13-13108,4900390,UT-13,KG,05,Cedar North School,Iron District,Iron County,550 W 200 N,CEDAR CITY,UT,84720,,(435)586-2845,33,"Town, Remote",No,578.00000,29.00000,19.9300000,213.00000,62.00000,–,Regular,Open,"37.680997858259, -113.070868800265",37.680997858259,-113.070868800265,US Census Geocoder,Exact,"550 W 200 N, CEDAR CITY, UT, 84720"
490093000900,UT-26-26716,4900930,UT-26,06,12,Cedar Ridge High,Sevier District,Sevier County,555 W 100 N,RICHFIELD,UT,84701,,(435)896-9464,33,"Town, Remote",No,57.00000,5.50000,10.3600000,38.00000,0.00000,–,Other/Alternative,Open,"38.769402703074, -112.094609053783",38.769402703074,-112.094609053783,US Census Geocoder,Exact,"555 W 100 N, RICHFIELD, UT, 84701"
490003000440,UT-01-01111,4900030,UT-01,PK,06,Cedar Ridge School,Alpine District,Utah County,4501 W CEDAR HILLS DR,CEDAR HILLS,UT,84062,,(801)610-8103,21,"Suburban, Large",No,682.00000,29.62000,23.0200000,69.00000,27.00000,–,Regular,Open,"40.415341144997, -111.764688011176",40.415341144997,-111.764688011176,US Census Geocoder,Non_Exact,"4501 CEDAR HILLS DR, CEDAR HILLS, UT, 84062"
490012001536,UT-04-04111,4900120,UT-04,KG,06,Cedar Ridge School,Cache District,Cache County,65 N 200 W,HYDE PARK,UT,84318,,(435)563-6229,22,"Suburban, Midsize",No,719.00000,30.50000,23.5700000,81.00000,27.00000,–,Regular,Open,"41.800444555648, -111.824433096735",41.800444555648,-111.824433096735,US Census Geocoder,Exact,"65 N 200 W, HYDE PARK, UT, 84318"
490039000282,UT-13-13112,4900390,UT-13,KG,05,Cedar South School,Iron District,Iron County,499 W 400 S,CEDAR CITY,UT,84720,,(435)586-2850,33,"Town, Remote",No,545.00000,30.00000,18.1700000,128.00000,55.00000,–,Regular,Open,"37.670337109119, -113.070341290502",37.670337109119,-113.070341290502,US Census Geocoder,Exact,"499 W 400 S, CEDAR CITY, UT, 84720"
490003001538,UT-01-01721,4900030,UT-01,07,12,Cedar Valley High,Alpine District,Utah County,1389 East Aviator Avenue,EAGLE MOUNTAIN,UT,84005,,(801)610-8400,41,"Rural, Fringe",No,3300.00000,121.11000,27.2500000,437.00000,169.00000,–,Regular,Open,"40.3218780, -112.0175213",40.3218780,-112.0175213,OpenStreetMap Nominatim,Fallback,"Cedar Valley High School, 1389, East Aviator Avenue, Sage Park, Eagle Mountain, Utah County, Utah, 84005, United States"
490003000007,UT-01-01112,4900030,UT-01,PK,06,Cedar Valley School,Alpine District,Utah County,40 E CENTER,CEDAR FORT,UT,84013,,(801)610-8702,42,"Rural, Distant",No,106.00000,6.84000,15.5000000,7.00000,1.00000,–,Regular,Open,"40.327179860118, -112.105422755954",40.327179860118,-112.105422755954,US Census Geocoder,Non_Exact,"40 E CENTER ST, CEDAR VALLEY, UT, 84013"
490003001573,UT-01-01226,4900030,UT-01,PK,06,Centennial Elementary,Alpine District,Utah County,450 S. 400 East,OREM,UT,84097,,(801)610-8400,13,"City, Small",No,761.00000,34.89000,21.8100000,228.00000,56.00000,–,Regular,Open,"40.288754899165, -111.685808513905",40.288754899165,-111.685808513905,US Census Geocoder,Exact,"450 S 400 E, OREM, UT, 84097"
490021001403,UT-07-07426,4900210,UT-07,07,09,Centennial Jr High,Davis District,Davis County,740 S SUNSET DR,KAYSVILLE,UT,84037,,(801)402-0100,21,"Suburban, Large",No,956.00000,36.68000,26.0600000,44.00000,9.00000,–,Regular,Open,"41.02268110688, -111.95475523069",41.02268110688,-111.95475523069,US Census Geocoder,Non_Exact,"740 SUNSET DR, KAYSVILLE, UT, 84037"
490081000438,UT-38-38404,4900810,UT-38,07,08,Centennial Middle,Provo District,Utah County,305 E 2320 N,PROVO,UT,84604,,(801)370-4621,12,"City, Midsize",No,1073.00000,51.09000,21.0000000,271.00000,66.00000,–,Regular,Open,"40.26434637902, -111.652838981489",40.26434637902,-111.652838981489,US Census Geocoder,Exact,"305 E 2320 N, PROVO, UT, 84604"
490024001496,UT-08-08106,4900240,UT-08,KG,05,Centennial School,Duchesne District,Duchesne County,940 S 500 Roosevelt,ROOSEVELT,UT,84066,,(435)725-4450,33,"Town, Remote",No,438.00000,26.00000,16.8500000,168.00000,43.00000,–,Regular,Open,"40.2854255, -109.9839364",40.2854255,-109.9839364,OpenStreetMap Nominatim,Fallback,"940, South 500 East, Roosevelt, Duchesne County, Utah, 84066, United States"
490021000109,UT-07-07406,4900210,UT-07,07,09,Centerville Jr High,Davis District,Davis County,625 S MAIN,CENTERVILLE,UT,84014,,(801)402-6100,21,"Suburban, Large",No,971.00000,39.01000,24.8900000,109.00000,38.00000,–,Regular,Open,"40.910824472709, -111.878905815846",40.910824472709,-111.878905815846,US Census Geocoder,Non_Exact,"625 MAIN ST, CENTERVILLE, UT, 84014"
490021000110,UT-07-07116,4900210,UT-07,PK,06,Centerville School,Davis District,Davis County,350 N 100 E,CENTERVILLE,UT,84014,,(801)402-1400,21,"Suburban, Large",No,386.00000,20.16000,19.1500000,71.00000,20.00000,–,Regular,Open,"40.920899773966, -111.877149750599",40.920899773966,-111.877149750599,US Census Geocoder,Exact,"350 N 100 E, CENTERVILLE, UT, 84014"
490021000111,UT-07-07408,4900210,UT-07,07,09,Central Davis Jr High,Davis District,Davis County,663 CHURCH ST,LAYTON,UT,84041,,(801)402-7100,21,"Suburban, Large",No,879.00000,39.15000,22.4500000,225.00000,50.00000,–,Regular,Open,"41.070224318449, -111.963170956164",41.070224318449,-111.963170956164,US Census Geocoder,Exact,"663 CHURCH ST, LAYTON, UT, 84041"
490003000008,UT-01-01116,4900030,UT-01,PK,06,Central School,Alpine District,Utah County,95 N 400 E,PLEASANT GROVE,UT,84062,,(801)610-8104,21,"Suburban, Large",No,596.00000,27.65000,21.5600000,138.00000,39.00000,–,Regular,Open,"40.364993698225, -111.733295822607",40.364993698225,-111.733295822607,US Census Geocoder,Exact,"95 N 400 E, PLEASANT GROVE, UT, 84062"
490009000042,UT-03-03104,4900090,UT-03,KG,05,Century School,Box Elder District,Box Elder County,5820 N 4800 W,BEAR RIVER CITY,UT,84301,,(435)515-4100,42,"Rural, Distant",No,440.00000,22.00000,20.0000000,91.00000,37.00000,–,Regular,Open,"41.614991106748, -112.129704531556",41.614991106748,-112.129704531556,US Census Geocoder,Exact,"5820 N 4800 W, BEAR RIVER CITY, UT, 84301"
490004001130,UT-2D-2D100,4900040,UT-2D,KG,08,Channing Hall,Channing Hall,Salt Lake County,13515 S 150 E,DRAPER,UT,84020,,(801)572-2709,21,"Suburban, Large",Yes,604.00000,36.00000,16.7800000,80.00000,26.00000,–,Regular,Open,"40.5061502011, -111.885217443582",40.5061502011,-111.885217443582,US Census Geocoder,Exact,"13515 S 150 E, DRAPER, UT, 84020"
490063001253,UT-19-19117,4900630,UT-19,PK,06,Cherry Creek School,Nebo District,Utah County,484 S 200 E,SPRINGVILLE,UT,84663,,(801)489-2810,21,"Suburban, Large",No,455.00000,19.92000,22.8400000,164.00000,62.00000,–,Regular,Open,"40.159852267767, -111.607028757432",40.159852267767,-111.607028757432,US Census Geocoder,Exact,"484 S 200 E, SPRINGVILLE, UT, 84663"
490003000009,UT-01-01118,4900030,UT-01,PK,06,Cherry Hill School,Alpine District,Utah County,250 E 1650 S,OREM,UT,84097,,(801)610-8105,13,"City, Small",No,690.00000,31.17000,22.1400000,307.00000,66.00000,–,Regular,Open,"40.266106955733, -111.689710645816",40.266106955733,-111.689710645816,US Census Geocoder,Non_Exact,"250 E 1650 S, OREM, UT, 84058"
490036000205,UT-12-12410,4900360,UT-12,06,08,Churchill Jr High,Granite District,Salt Lake County,3450 OAKVIEW DRIVE,SALT LAKE CITY,UT,84124,,(385)646-5144,21,"Suburban, Large",No,521.00000,20.44000,25.4900000,36.00000,7.00000,–,Regular,Open,"40.678451669002, -111.797246785215",40.678451669002,-111.797246785215,US Census Geocoder,Non_Exact,"3450 E OAKVIEW DR, SALT LAKE CITY, UT, 84124"
490078001261,UT-23-23101,4900780,UT-23,PK,PK,Circleville Preschool,Piute District,Piute County,300 S CENTER,CIRCLEVILLE,UT,84723,,(435)577-2551,43,"Rural, Remote",No,17.00000,1.00000,17.0000000,6.00000,2.00000,–,Special Education,Open,"38.167019995099, -112.272500880246",38.167019995099,-112.272500880246,US Census Geocoder,Exact,"300 S CTR, CIRCLEVILLE, UT, 84723"
490078000448,UT-23-23104,4900780,UT-23,KG,08,Circleville School,Piute District,Piute County,300 S CENTER,CIRCLEVILLE,UT,84723,,(435)577-2912,43,"Rural, Remote",No,105.00000,9.85000,10.6600000,52.00000,9.00000,–,Regular,Open,"38.167019995099, -112.272500880246",38.167019995099,-112.272500880246,US Census Geocoder,Exact,"300 S CTR, CIRCLEVILLE, UT, 84723"
490000900742,UT-87-87700,4900009,UT-87,07,12,City Academy,City Academy,Salt Lake County,555 E 200 S,SALT LAKE CITY,UT,84102,,(801)596-8489,12,"City, Midsize",Yes,92.00000,14.48000,6.3500000,33.00000,14.00000,–,Regular,Open,"40.765065256788, -111.875211486132",40.765065256788,-111.875211486132,US Census Geocoder,Exact,"555 E 200 S, SALT LAKE CITY, UT, 84102"
490105001263,UT-30-30408,4901050,UT-30,07,08,Clarke N. Johnsen Jr High,Tooele District,Tooele County,2152 N 400 W,TOOELE,UT,84074,,(435)833-1939,32,"Town, Distant",No,840.00000,40.75000,20.6100000,125.00000,31.00000,–,Regular,Open,"40.567278098287, -112.312595780859",40.567278098287,-112.312595780859,US Census Geocoder,Exact,"2152 N 400 W, TOOELE, UT, 84074"
490087000480,UT-36-36408,4900870,UT-36,07,08,Clayton Middle,Salt Lake District,Salt Lake County,1470 S 1900 E,SALT LAKE CITY,UT,84108,,(801)481-4810,12,"City, Midsize",No,567.00000,29.98000,18.9100000,148.00000,15.00000,–,Regular,Open,"40.737021281005, -111.836583896139",40.737021281005,-111.836583896139,US Census Geocoder,Exact,"1470 S 1900 E, SALT LAKE CITY, UT, 84108"
490021000112,UT-07-07706,4900210,UT-07,10,12,Clearfield High,Davis District,Davis County,931 S 1000 E,CLEARFIELD,UT,84015,,(801)402-8200,21,"Suburban, Large",No,2041.00000,87.63000,23.2900000,399.00000,85.00000,–,Regular,Open,"41.09931756313, -112.006803973153",41.09931756313,-112.006803973153,US Census Geocoder,Exact,"931 S 1000 E, CLEARFIELD, UT, 84015"
490027000176,UT-09-09108,4900270,UT-09,PK,05,Cleveland School,Emery District,Emery County,P.O. BOX 220,CLEVELAND,UT,84518,,(435)653-2235,43,"Rural, Remote",No,169.00000,8.00000,21.1300000,77.00000,17.00000,–,Regular,Open,"39.3489213, -110.8517022",39.3489213,-110.8517022,OpenStreetMap Nominatim,Fallback,"Cleveland, Emery County, Utah, 84518, United States"
490021000113,UT-07-07120,4900210,UT-07,PK,06,Clinton School,Davis District,Davis County,1101 W 1800 N,CLINTON,UT,84015,,(801)402-2150,21,"Suburban, Large",No,580.00000,24.17000,24.0000000,120.00000,36.00000,–,Regular,Open,"41.1399730, -112.0474248",41.1399730,-112.0474248,OpenStreetMap Nominatim,Fallback,"1101, West 1800 North, Clinton, Davis County, Utah, 84015, United States"
490021000748,UT-07-07131,4900210,UT-07,PK,06,Columbia School,Davis District,Davis County,378 S 50 W,KAYSVILLE,UT,84037,,(801)402-3350,21,"Suburban, Large",No,584.00000,21.50000,27.1600000,63.00000,23.00000,–,Regular,Open,"41.028714658226, -111.939581386327",41.028714658226,-111.939581386327,US Census Geocoder,Exact,"378 S 50 W, KAYSVILLE, UT, 84037"
490042000813,UT-14-14111,4900420,UT-14,KG,06,Columbia School,Jordan District,Salt Lake County,3505 W 7800 S,WEST JORDAN,UT,84088,,(801)280-3279,21,"Suburban, Large",No,599.00000,33.00000,18.1500000,347.00000,61.00000,–,Regular,Open,"40.609421690487, -111.974001342337",40.609421690487,-111.974001342337,US Census Geocoder,Exact,"3505 W 7800 S, WEST JORDAN, UT, 84088"
490024000160,UT-08-08802,4900240,UT-08,PK,12,Con Amore School,Duchesne District,Duchesne County,P O BOX 99,MYTON,UT,84052,,(435)725-4750,42,"Rural, Distant",No,53.00000,4.00000,13.2500000,23.00000,7.00000,–,Special Education,Open,,,,,,
490072000977,UT-37-37182,4900720,UT-37,KG,12,Contracted Special Education,Ogden City District,Weber County,1950 MONROE BLVD,OGDEN,UT,84401,,(801)737-7300,13,"City, Small",No,0.00000,0.00000,†,†,†,†,Special Education,Open,"41.232289613653, -111.959002003137",41.232289613653,-111.959002003137,US Census Geocoder,Exact,"1950 MONROE BLVD, OGDEN, UT, 84401"
490021000676,UT-07-07122,4900210,UT-07,PK,06,Cook School,Davis District,Davis County,1175 W 1350 S,SYRACUSE,UT,84075,,(801)402-2200,21,"Suburban, Large",No,657.00000,30.15000,21.7900000,114.00000,25.00000,–,Regular,Open,"41.09416875722, -112.048597112773",41.09416875722,-112.048597112773,US Census Geocoder,Exact,"1175 W 1350 S, SYRACUSE, UT, 84075"
490042001067,UT-14-14175,4900420,UT-14,KG,06,Copper Canyon School,Jordan District,Salt Lake County,8917 S COPPERWOOD DR,WEST JORDAN,UT,84081,,(801)260-0222,21,"Suburban, Large",No,497.00000,26.00000,19.1200000,170.00000,49.00000,–,Regular,Open,"40.588832748682, -112.02140038133",40.588832748682,-112.02140038133,US Census Geocoder,Exact,"8917 S COPPERWOOD DR, WEST JORDAN, UT, 84081"
490105001068,UT-30-30102,4901050,UT-30,PK,06,Copper Canyon School,Tooele District,Tooele County,1600 N BROADWAY,TOOELE,UT,84074,,(435)843-3820,32,"Town, Distant",No,544.00000,25.04000,21.7300000,146.00000,27.00000,–,Regular,Open,"40.558875389556, -112.288471566326",40.558875389556,-112.288471566326,US Census Geocoder,Non_Exact,"1600 BROADWAY AVE, TOOELE, UT, 84074"
490042000346,UT-14-14703,4900420,UT-14,10,12,Copper Hills High,Jordan District,Salt Lake County,5445 W NEW BINGHAM HYWY,WEST JORDAN,UT,84081,,(801)256-5300,21,"Suburban, Large",No,2837.00000,121.59000,23.3300000,513.00000,215.00000,–,Regular,Open,"40.595646009055, -112.01996463578",40.595646009055,-112.01996463578,US Census Geocoder,Non_Exact,"5445 NEW BINGHAM HWY, WEST JORDAN, UT, 84081"
490036000756,UT-12-12111,4900360,UT-12,PK,06,Copper Hills School,Granite District,Salt Lake County,7635 W 3715 S,MAGNA,UT,84044,,(385)646-4792,21,"Suburban, Large",No,432.00000,20.50000,21.0700000,159.00000,37.00000,–,Regular,Open,"40.691684898468, -112.073219465897",40.691684898468,-112.073219465897,US Census Geocoder,Exact,"7635 W 3715 S, MAGNA, UT, 84044"
490042001459,UT-14-14419,4900420,UT-14,07,09,Copper Mountain Middle,Jordan District,Salt Lake County,12106 Anthem Park Blvd,HERRIMAN,UT,84096,,(801)412-1200,21,"Suburban, Large",No,1093.00000,48.51000,22.5300000,240.00000,76.00000,–,Regular,Open,"40.5317434, -112.0265098",40.5317434,-112.0265098,OpenStreetMap Nominatim,Fallback,"Copper Mountain Middle School, 12106, Anthem Park Boulevard, Herriman, Salt Lake County, Utah, 84096, United States"
490014200296,UT-42-42112,4900142,UT-42,KG,05,Copperview School,Canyons District,Salt Lake County,8449 S 150 W,MIDVALE,UT,84047,,(801)826-8125,21,"Suburban, Large",No,328.00000,23.00000,14.2600000,176.00000,29.00000,–,Regular,Open,"40.5922811, -111.8960270",40.5922811,-111.8960270,OpenStreetMap Nominatim,Fallback,"Monroe Street, Sandy, Salt Lake County, Utah, 84070, United States"
490114001132,UT-33-33107,4901140,UT-33,PK,05,Coral Canyon School,Washington District,Washington County,3435 CANYON CREST AVE,WASHINGTON,UT,84780,,(435)652-4787,22,"Suburban, Midsize",No,558.00000,27.50000,20.2900000,261.00000,84.00000,–,Regular,Open,"37.161552960669, -113.452346089901",37.161552960669,-113.452346089901,US Census Geocoder,Non_Exact,"3435 E CANYON CREST AVE, WASHINGTON, UT, 84780"
490009000050,UT-03-03120,4900090,UT-03,PK,PK,Corinne Early Learning Center,Box Elder District,Box Elder County,2275 N 3900 W,CORINNE,UT,84307,,(435)744-2468,42,"Rural, Distant",No,0.00000,0.00000,†,†,†,†,Regular,Open,"41.5467743, -112.1098189",41.5467743,-112.1098189,OpenStreetMap Nominatim,Fallback,"2275, North 3900 West, Corinne, Box Elder County, Utah, 84307, United States"
490014201428,UT-42-42711,4900142,UT-42,08,12,Corner Canyon High,Canyons District,Salt Lake County,12943 S. 700 E.,DRAPER,UT,84020,,(801)826-6401,21,"Suburban, Large",No,2437.00000,92.80000,26.2600000,206.00000,37.00000,–,Regular,Open,"40.516208061284, -111.871725716482",40.516208061284,-111.871725716482,US Census Geocoder,Exact,"12943 S 700 E, DRAPER, UT, 84020"
490036000207,UT-12-12702,4900360,UT-12,09,12,Cottonwood High,Granite District,Salt Lake County,5715 S 1300 E,SALT LAKE CITY,UT,84121,,(385)646-5264,13,"City, Small",No,1451.00000,62.65000,23.1600000,640.00000,80.00000,–,Regular,Open,"40.647831558415, -111.854448444923",40.647831558415,-111.854448444923,US Census Geocoder,Exact,"5715 S 1300 E, SALT LAKE CITY, UT, 84121"
490036000208,UT-12-12112,4900360,UT-12,PK,06,Cottonwood School,Granite District,Salt Lake County,5205 HOLLADAY BLVD,SALT LAKE CITY,UT,84117,,(385)646-4798,21,"Suburban, Large",No,340.00000,13.50000,25.1900000,28.00000,1.00000,–,Regular,Open,"40.655702935898, -111.815614416458",40.655702935898,-111.815614416458,US Census Geocoder,Non_Exact,"5205 S HOLLADAY BLVD, SALT LAKE CITY, UT, 84117"
490027000177,UT-09-09132,4900270,UT-09,PK,05,Cottonwood School,Emery District,Emery County,P O BOX 679,ORANGEVILLE,UT,84537,,(435)748-2481,43,"Rural, Remote",No,115.00000,7.56000,15.2100000,56.00000,13.00000,–,Regular,Open,"39.2254752, -111.0521977",39.2254752,-111.0521977,OpenStreetMap Nominatim,Fallback,"Cottonwood Elementary School, East 100 South, Orangeville, Emery County, Utah, 84537, United States"
490120000703,UT-35-35109,4901200,UT-35,KG,06,Country View School,Weber District,Weber County,4650 W 4800 S,WEST HAVEN,UT,84401,,(801)452-4400,21,"Suburban, Large",No,526.00000,25.00000,21.0400000,122.00000,36.00000,–,Regular,Open,"41.176203228407, -112.091186045281",41.176203228407,-112.091186045281,US Census Geocoder,Exact,"4650 W 4800 S, WEST HAVEN, UT, 84401"
490021000648,UT-07-07151,4900210,UT-07,PK,06,Creekside School,Davis District,Davis County,275 W MUTTON HOLLOW RD,KAYSVILLE,UT,84037,,(801)402-3650,21,"Suburban, Large",No,544.00000,24.50000,22.2000000,100.00000,31.00000,–,Regular,Open,"41.049580345159, -111.945188303992",41.049580345159,-111.945188303992,US Census Geocoder,Exact,"275 W MUTTON HOLLOW RD, KAYSVILLE, UT, 84037"
490015000821,UT-05-05114,4900150,UT-05,PK,05,Creekview School,Carbon District,Carbon County,590 W 500 S,PRICE,UT,84501,,(435)637-0828,33,"Town, Remote",No,389.00000,19.00000,20.4700000,154.00000,28.00000,–,Regular,Open,"39.592117862392, -110.819447462701",39.592117862392,-110.819447462701,US Census Geocoder,Exact,"590 W 500 S, PRICE, UT, 84501"
490014200767,UT-42-42116,4900142,UT-42,KG,05,Crescent School,Canyons District,Salt Lake County,11100 S 230 E,SANDY,UT,84070,,(801)826-8200,21,"Suburban, Large",No,468.00000,23.25000,20.1300000,133.00000,37.00000,–,Regular,Open,"40.550571374362, -111.884478089453",40.550571374362,-111.884478089453,US Census Geocoder,Exact,"11100 S 230 E, SANDY, UT, 84070"
490036000209,UT-12-12114,4900360,UT-12,PK,06,Crestview School,Granite District,Salt Lake County,2100 E LINCOLN LANE,SALT LAKE CITY,UT,84124,,(385)646-4804,21,"Suburban, Large",No,485.00000,19.50000,24.8700000,53.00000,11.00000,–,Regular,Open,"40.680185304022, -111.832270484482",40.680185304022,-111.832270484482,US Census Geocoder,Exact,"2100 E LINCOLN LN, SALT LAKE CITY, UT, 84124"
490021000114,UT-07-07124,4900210,UT-07,PK,06,Crestview School,Davis District,Davis County,185 W GOLDEN AVE,LAYTON,UT,84041,,(801)402-3200,21,"Suburban, Large",No,356.00000,17.00000,20.9400000,151.00000,34.00000,–,Regular,Open,"41.070594678892, -111.971415835174",41.070594678892,-111.971415835174,US Census Geocoder,Exact,"185 W GOLDEN AVE, LAYTON, UT, 84041"
490114001559,UT-33-33705,4901140,UT-33,10,12,Crimson Cliffs High,Washington District,Washington County,4430 S Crimson Cliffs Way,WASHINGTON,UT,84780,,(435)634-7015,41,"Rural, Fringe",No,1401.00000,52.21000,26.8300000,102.00000,15.00000,–,Regular,Open,"37.0708631, -113.5085935",37.0708631,-113.5085935,OpenStreetMap Nominatim,Fallback,"Crimson Cliffs High School, Titan Lane, Washington, Washington County, Utah, 84790, United States"
490114001549,UT-33-33405,4901140,UT-33,08,09,Crimson Cliffs Middle,Washington District,Washington County,4280 S Crimson Cliffs Way,WASHINGTON,UT,84780,,(435)634-7010,41,"Rural, Fringe",No,933.00000,39.18000,23.8100000,88.00000,19.00000,–,Regular,Open,"37.0730280, -113.5073517",37.0730280,-113.5073517,OpenStreetMap Nominatim,Fallback,"Crimson Cliffs Middle School, East 4200 South, Washington, Washington County, Utah, 84790, United States"
490114001451,UT-33-33147,4901140,UT-33,PK,05,Crimson View School,Washington District,Washington County,2835 E. 2000 S.,ST GEORGE,UT,84790,,(435)634-7000,12,"City, Midsize",No,520.00000,24.50000,21.2200000,50.00000,13.00000,–,Regular,Open,"37.074277544359, -113.524595328293",37.074277544359,-113.524595328293,US Census Geocoder,Exact,"2835 E 2000 S, ST GEORGE, UT, 84790"
490036000210,UT-12-12704,4900360,UT-12,09,12,Cyprus High,Granite District,Salt Lake County,8623 W 3000 S,MAGNA,UT,84044,,(385)646-5300,21,"Suburban, Large",No,2762.00000,106.26000,25.9900000,1037.00000,233.00000,–,Regular,Open,"40.706667623554, -112.097636667646",40.706667623554,-112.097636667646,US Census Geocoder,Exact,"8623 W 3000 S, MAGNA, UT, 84044"
490018001252,UT-06-06060,4900180,UT-06,PK,PK,Daggett Preschool,Daggett District,Daggett County,2ND N 2ND W,MANILA,UT,84046,,(435)784-3174,43,"Rural, Remote",No,0.00000,0.00000,†,†,†,†,Special Education,Open,"40.991946063395, -109.722799591743",40.991946063395,-109.722799591743,US Census Geocoder,Non_Exact,"2 2ND N, MANILA, UT, 84046"
490003000014,UT-01-01840,4900030,UT-01,PK,12,Dan W. Peterson,Alpine District,Utah County,169 N 1100 E,AMERICAN FORK,UT,84003,,(801)756-8551,21,"Suburban, Large",No,257.00000,22.42000,11.4600000,58.00000,4.00000,–,Special Education,Open,"40.380585291827, -111.769191554701",40.380585291827,-111.769191554701,US Census Geocoder,Exact,"169 N 1100 E, AMERICAN FORK, UT, 84003"
490111001532,UT-32-32116,4901110,UT-32,PK,05,Daniels Canyon School,Wasatch District,Wasatch County,688 East Wheeler Rd,HEBER CITY,UT,84032,,(435)654-6900,41,"Rural, Fringe",No,623.00000,33.67000,18.5000000,151.00000,52.00000,–,Regular,Open,,,,,,
490036000211,UT-12-12116,4900360,UT-12,PK,06,David Gourley School,Granite District,Salt Lake County,4905 S 4300 W,KEARNS,UT,84118,,(385)646-4846,21,"Suburban, Large",No,423.00000,19.50000,21.6900000,156.00000,44.00000,–,Regular,Open,"40.662726869167, -111.993765426121",40.662726869167,-111.993765426121,US Census Geocoder,Exact,"4905 S 4300 W, KEARNS, UT, 84118"
490006500995,UT-A3-A3700,4900065,UT-A3,KG,12,Davinci Academy,Davinci Academy,Weber County,2033 GRANT AVE,OGDEN,UT,84401,,(801)409-0700,13,"City, Small",Yes,1271.00000,59.42000,21.3900000,275.00000,50.00000,–,Regular,Open,"41.230447149904, -111.973155920012",41.230447149904,-111.973155920012,US Census Geocoder,Exact,"2033 GRANT AVE, OGDEN, UT, 84401"
490021001598,UT-07-07835,4900210,UT-07,07,12,Davis Connect 7-12,Davis District,Davis County,2195 University Park Blvd,LAYTON,UT,84041,,(801)402-5266,21,"Suburban, Large",No,262.00000,21.53000,12.1700000,52.00000,7.00000,–,Regular,Open,"41.091898234412, -111.987841988411",41.091898234412,-111.987841988411,US Census Geocoder,Exact,"2195 UNIVERSITY PARK BLVD, LAYTON, UT, 84041"
490021000921,UT-07-07235,4900210,UT-07,KG,08,Davis Connect K-6,Davis District,Davis County,45 E STATE ST,FARMINGTON,UT,84025,,(801)402-5261,21,"Suburban, Large",No,105.00000,8.50000,12.3500000,28.00000,2.00000,–,Regular,Open,"40.980534233735, -111.886811104816",40.980534233735,-111.886811104816,US Census Geocoder,Exact,"45 E STATE ST, FARMINGTON, UT, 84025"
490021000115,UT-07-07708,4900210,UT-07,10,12,Davis High,Davis District,Davis County,325 S MAIN,KAYSVILLE,UT,84037,,(801)402-8800,21,"Suburban, Large",No,2238.00000,84.32000,26.5400000,162.00000,41.00000,–,Regular,Open,"41.031238398227, -111.935949516592",41.031238398227,-111.935949516592,US Census Geocoder,Non_Exact,"325 S MAIN ST, KAYSVILLE, UT, 84037"
490108000803,UT-31-31110,4901080,UT-31,KG,05,Davis School,Uintah District,Uintah County,4101 S 2500 E,VERNAL,UT,84078,,(435)781-3155,41,"Rural, Fringe",No,442.00000,19.50000,22.6700000,159.00000,29.00000,–,Regular,Open,"40.396225509319, -109.479668717962",40.396225509319,-109.479668717962,US Census Geocoder,Exact,"4101 S 2500 E, VERNAL, UT, 84078"
490042001069,UT-14-14115,4900420,UT-14,KG,06,Daybreak School,Jordan District,Salt Lake County,4544 W HARVEST MOON DR,SOUTH JORDAN,UT,84009,,(801)302-0553,21,"Suburban, Large",No,701.00000,35.98000,19.4800000,117.00000,33.00000,–,Regular,Open,"40.539061424578, -111.998760790066",40.539061424578,-111.998760790066,US Census Geocoder,Exact,"4544 W HARVEST MOON DR, SOUTH JORDAN, UT, 84009"
490111001666,UT-32-32706,4901110,UT-32,–,–,Deer Creek High,Wasatch District,Wasatch County,275 North 1000 West,HEBER CITY,UT,84032,,(435)654-0280,41,"Rural, Fringe",No,†,†,†,†,†,†,Regular,Future,,,,,,
490003000757,UT-01-01119,4900030,UT-01,PK,06,Deerfield School,Alpine District,Utah County,4353 W HARVEY BLVD,CEDAR HILLS,UT,84062,,(801)610-8106,21,"Suburban, Large",No,554.00000,22.03000,25.1500000,45.00000,10.00000,–,Regular,Open,"40.406449989555, -111.760940809172",40.406449989555,-111.760940809172,US Census Geocoder,Non_Exact,"4353 HARVEY BLVD, CEDAR HILLS, UT, 84062"
490054000356,UT-17-17704,4900540,UT-17,09,12,Delta High,Millard District,Millard County,50 W 300 N,DELTA,UT,84624,,(435)864-5610,43,"Rural, Remote",No,592.00000,27.06000,21.8800000,174.00000,47.00000,–,Regular,Open,"39.357411469125, -112.576361087086",39.357411469125,-112.576361087086,US Census Geocoder,Exact,"50 W 300 N, DELTA, UT, 84624"
490054000357,UT-17-17311,4900540,UT-17,05,08,Delta Middle,Millard District,Millard County,251 E 300 N,DELTA,UT,84624,,(435)864-5660,43,"Rural, Remote",No,613.00000,30.95000,19.8100000,178.00000,59.00000,–,Regular,Open,"39.35739643704, -112.568498112322",39.35739643704,-112.568498112322,US Census Geocoder,Exact,"251 E 300 N, DELTA, UT, 84624"
490054001337,UT-17-17105,4900540,UT-17,02,04,Delta North School,Millard District,Millard County,50 N 100 E,DELTA,UT,84624,,(435)864-5680,43,"Rural, Remote",No,427.00000,22.25000,19.1900000,145.00000,40.00000,–,Regular,Open,"39.352599615745, -112.572532613333",39.352599615745,-112.572532613333,US Census Geocoder,Exact,"50 N 100 E, DELTA, UT, 84624"
490054001354,UT-17-17109,4900540,UT-17,PK,01,Delta South School,Millard District,Millard County,450 S CENTER,DELTA,UT,84624,,(435)864-5670,43,"Rural, Remote",No,315.00000,18.00000,17.5000000,107.00000,25.00000,–,Regular,Open,"39.345445277839, -112.574866669752",39.345445277839,-112.574866669752,US Census Geocoder,Non_Exact,"450 S CENTER ST, DELTA, UT, 84624"
490105001646,UT-30-30710,4901050,UT-30,–,–,Deseret Peak High,Tooele District,Tooele County,2244 N Berra Blvd,TOOELE,UT,84074,,(435)833-1900,41,"Rural, Fringe",No,†,†,†,†,†,†,Regular,Future,"40.5690821, -112.3009967",40.5690821,-112.3009967,OpenStreetMap Nominatim,Fallback,"Deseret Peak High School, 2244, Berra Boulevard, Tooele, Tooele County, Utah, 84074, United States"
490114001627,UT-33-33150,4901140,UT-33,KG,05,Desert Canyons Elementary,Washington District,Washington County,3101 E Rimrunner Drive,SAINT GEORGE,UT,84790,,(435)632-5794,41,"Rural, Fringe",No,670.00000,32.49000,20.6200000,98.00000,39.00000,–,Regular,Open,,,,,,
490114001290,UT-33-33703,4901140,UT-33,10,12,Desert Hills High,Washington District,Washington County,828 E DESERT HILLS DRIVE,SAINT GEORGE,UT,84790,,(435)674-0885,41,"Rural, Fringe",No,1241.00000,46.37000,26.7600000,130.00000,22.00000,–,Regular,Open,"37.051009701842, -113.56936396179",37.051009701842,-113.56936396179,US Census Geocoder,Non_Exact,"828 DESERT HILLS DR, SAINT GEORGE, UT, 84790"
490114001226,UT-33-33403,4901140,UT-33,08,09,Desert Hills Middle,Washington District,Washington County,936 E DESERT HILLS DRIVE,SAINT GEORGE,UT,84790,,(435)628-0001,41,"Rural, Fringe",No,909.00000,37.71000,24.1100000,120.00000,27.00000,–,Regular,Open,"37.051946104814, -113.567946740397",37.051946104814,-113.567946740397,US Census Geocoder,Non_Exact,"936 DESERT HILLS DR, SAINT GEORGE, UT, 84790"
490003001640,UT-01-01110,4900030,UT-01,KG,06,Desert Sky,Alpine District,Utah County,1747 E Wildcat Peak,EAGLE MOUNTAIN,UT,84005,,(801)610-8400,41,"Rural, Fringe",No,1096.00000,48.34000,22.6700000,129.00000,54.00000,–,Regular,Open,"40.3424273, -112.0106197",40.3424273,-112.0106197,OpenStreetMap Nominatim,Fallback,"Wildcat Peak, Eagle Mountain, Utah County, Utah, 84005, United States"
490063001564,UT-19-19315,4900630,UT-19,06,08,Diamond Fork Middle,Nebo District,Utah County,50 N 900 East,SPANISH FORK,UT,84660,,(801)798-4052,21,"Suburban, Large",No,1074.00000,48.54000,22.1300000,238.00000,78.00000,–,Regular,Open,"40.110437724878, -111.638946487373",40.110437724878,-111.638946487373,US Census Geocoder,Exact,"50 N 900 E, SPANISH FORK, UT, 84660"
490014201504,UT-42-42750,4900142,UT-42,06,12,Diamond Ridge High School,Canyons District,Salt Lake County,9800 S 800 East,SANDY,UT,84094,,(801)826-9900,21,"Suburban, Large",No,184.00000,14.43000,12.7500000,62.00000,11.00000,–,Other/Alternative,Open,"40.573205686368, -111.868659725274",40.573205686368,-111.868659725274,US Census Geocoder,Exact,"9800 S 800 E, SANDY, UT, 84094"
490036001279,UT-12-12118,4900360,UT-12,KG,06,Diamond Ridge School,Granite District,Salt Lake County,6034 W MILL VALLEY LANE,SALT LAKE CITY,UT,84118,,(385)646-4858,21,"Suburban, Large",No,483.00000,20.50000,23.5600000,87.00000,36.00000,–,Regular,Open,"40.635553929432, -112.035002045259",40.635553929432,-112.035002045259,US Census Geocoder,Non_Exact,"6034 MILL VALLEY LN, SALT LAKE CITY, UT, 84118"
490114000500,UT-33-33108,4901140,UT-33,PK,05,Diamond Valley School,Washington District,Washington County,1411 W DIAMOND VALLEY DR,ST GEORGE,UT,84770,,(435)574-2009,42,"Rural, Distant",No,386.00000,19.47000,19.8300000,71.00000,31.00000,–,Regular,Open,"37.250703195496, -113.614818365073",37.250703195496,-113.614818365073,US Census Geocoder,Exact,"1411 W DIAMOND VALLEY DR, ST GEORGE, UT, 84770"
490105001601,UT-30-30735,4901050,UT-30,KG,12,Digital Education Center,Tooele District,Tooele County,211 S Tooele Blvd,TOOELE,UT,84074,,(435)833-8710,32,"Town, Distant",No,230.00000,7.66000,30.0300000,50.00000,6.00000,–,Regular,Open,"40.527016403775, -112.324612841396",40.527016403775,-112.324612841396,US Census Geocoder,Non_Exact,"211 TOOELE BLVD, TOOELE, UT, 84074"
490087000484,UT-36-36124,4900870,UT-36,PK,06,Dilworth School,Salt Lake District,Salt Lake County,1953 S 2100 E,SALT LAKE CITY,UT,84108,,(801)481-4806,12,"City, Midsize",No,463.00000,23.00000,20.1300000,76.00000,12.00000,–,Regular,Open,"40.728139134421, -111.830708674202",40.728139134421,-111.830708674202,US Census Geocoder,Exact,"1953 S 2100 E, SALT LAKE CITY, UT, 84108"
490108000736,UT-31-31114,4901080,UT-31,KG,05,Discovery School,Uintah District,Uintah County,650 W 1200 S,VERNAL,UT,84078,,(435)781-3146,33,"Town, Remote",No,656.00000,28.50000,23.0200000,142.00000,52.00000,–,Regular,Open,"40.438015240348, -109.539663084319",40.438015240348,-109.539663084319,US Census Geocoder,Exact,"650 W 1200 S, VERNAL, UT, 84078"
490009000123,UT-03-03125,4900090,UT-03,KG,05,Discovery School,Box Elder District,Box Elder County,810 N 500 W,BRIGHAM CITY,UT,84302,,(435)734-4910,31,"Town, Fringe",No,448.00000,22.50000,19.9100000,109.00000,41.00000,–,Regular,Open,"41.526706916732, -112.022825488387",41.526706916732,-112.022825488387,US Census Geocoder,Exact,"810 N 500 W, BRIGHAM CITY, UT, 84302"
490114000597,UT-33-33704,4901140,UT-33,10,12,Dixie High,Washington District,Washington County,350 E 700 S,ST GEORGE,UT,84770,,(435)673-4682,12,"City, Midsize",No,1263.00000,52.79000,23.9200000,314.00000,58.00000,–,Regular,Open,"37.096263505669, -113.5759230747",37.096263505669,-113.5759230747,US Census Geocoder,Exact,"350 E 700 S, ST GEORGE, UT, 84770"
490114000805,UT-33-33404,4901140,UT-33,08,09,Dixie Middle,Washington District,Washington County,825 S 100 E,ST GEORGE,UT,84770,,(435)628-0441,12,"City, Midsize",No,844.00000,32.10000,26.2900000,242.00000,40.00000,–,Regular,Open,"37.094863397324, -113.581199036052",37.094863397324,-113.581199036052,US Census Geocoder,Exact,"825 S 100 E, ST GEORGE, UT, 84770"
490036000653,UT-12-12177,4900360,UT-12,PK,06,Douglas T. Orchard School,Granite District,Salt Lake County,6744 W 3800 S,WEST VALLEY CITY,UT,84128,,(385)646-4954,21,"Suburban, Large",No,411.00000,19.00000,21.6300000,155.00000,46.00000,–,Regular,Open,"40.689321279067, -112.052262409463",40.689321279067,-112.052262409463,US Census Geocoder,Exact,"6744 W 3800 S, WEST VALLEY CITY, UT, 84128"
490021000118,UT-07-07128,4900210,UT-07,PK,06,Doxey School,Davis District,Davis County,944 N 250 W,SUNSET,UT,84015,,(801)402-2250,21,"Suburban, Large",No,375.00000,18.95000,19.7900000,140.00000,30.00000,–,Regular,Open,"41.12786777544, -112.030734939937",41.12786777544,-112.030734939937,US Census Geocoder,Exact,"944 N 250 W, SUNSET, UT, 84015"
490014200875,UT-42-42407,4900142,UT-42,06,08,Draper Park Middle,Canyons District,Salt Lake County,13133 South 1300 East,DRAPER,UT,84020,,(801)826-6900,21,"Suburban, Large",No,1411.00000,57.67000,24.4700000,145.00000,31.00000,–,Regular,Open,"40.513299960014, -111.853183829048",40.513299960014,-111.853183829048,US Census Geocoder,Exact,"13133 S 1300 E, DRAPER, UT, 84020"
490014200299,UT-42-42120,4900142,UT-42,KG,05,Draper School,Canyons District,Salt Lake County,1080 E 12660 S,DRAPER,UT,84020,,(801)826-8275,21,"Suburban, Large",No,680.00000,31.00000,21.9400000,76.00000,20.00000,–,Regular,Open,"40.521380196549, -111.861600517655",40.521380196549,-111.861600517655,US Census Geocoder,Exact,"1080 E 12660 S, DRAPER, UT, 84020"
490003001462,UT-01-01183,4900030,UT-01,PK,06,Dry Creek School,Alpine District,Utah County,1301 W. 1450 S.,LEHI,UT,84043,,(801)610-8730,13,"City, Small",No,1157.00000,43.66000,26.5000000,153.00000,30.00000,–,Regular,Open,"40.3698584, -111.8709838",40.3698584,-111.8709838,OpenStreetMap Nominatim,Fallback,"Dry Creek Elementary, 1301, West 1450 South, Lehi, Utah County, Utah, 84043, United States"
490007301187,UT-4E-4E100,4900073,UT-4E,PK,08,Dual Immersion Academy,Dual Immersion Academy,Salt Lake County,1155 S GLENDALE DRIVE,SALT LAKE CITY,UT,84104,,(801)972-1425,12,"City, Midsize",Yes,433.00000,23.67000,18.2900000,202.00000,68.00000,–,Regular,Open,"40.744059487783, -111.931816093728",40.744059487783,-111.931816093728,US Census Geocoder,Non_Exact,"1155 GLENDALE DR, SALT LAKE CITY, UT, 84104"
490024000162,UT-08-08708,4900240,UT-08,07,12,Duchesne High,Duchesne District,Duchesne County,P.O. BOX 330,DUCHESNE,UT,84021,,(435)738-1260,43,"Rural, Remote",No,408.00000,21.11000,19.3300000,105.00000,37.00000,–,Regular,Open,"40.2960433, -110.4715153",40.2960433,-110.4715153,OpenStreetMap Nominatim,Fallback,"Duchesne County, Utah, United States"
490024000163,UT-08-08108,4900240,UT-08,PK,06,Duchesne School,Duchesne District,Duchesne County,DRAWER 370,DUCHESNE,UT,84021,,(435)738-1290,43,"Rural, Remote",No,419.00000,22.50000,18.6200000,154.00000,60.00000,–,Regular,Open,"40.1662290, -110.4040240",40.1662290,-110.4040240,OpenStreetMap Nominatim,Fallback,"Duchesne School, North 200 West Street, Duchesne, Duchesne County, Utah, 84021, United States"
490105001508,UT-30-30600,4901050,UT-30,KG,12,Dugway,Tooele District,Tooele County,5010 E School Street,DUGWAY,UT,84022,,(435)831-4090,43,"Rural, Remote",No,112.00000,15.58000,7.1900000,15.00000,8.00000,–,Regular,Open,"40.2258408, -112.7491148",40.2258408,-112.7491148,OpenStreetMap Nominatim,Fallback,"Dugway School, 5010, East School Street, English Village, Dugway, Tooele County, Utah, 84022, United States"
490021000134,UT-07-07148,4900210,UT-07,PK,06,Eagle Bay School,Davis District,Davis County,100 N 1933 W,FARMINGTON,UT,84025,,(801)402-3800,21,"Suburban, Large",No,477.00000,22.00000,21.6800000,34.00000,3.00000,–,Regular,Open,"40.9809158, -111.9286814",40.9809158,-111.9286814,OpenStreetMap Nominatim,Fallback,"Eagle Bay Elementary School, 1933, Ranch Road, Farmington, Davis County, Utah, 84025, United States"
490003001071,UT-01-01121,4900030,UT-01,PK,06,Eagle Valley School,Alpine District,Utah County,4475 N HERITAGE DR,EAGLE MOUNTAIN,UT,84005,,(801)610-8704,31,"Town, Fringe",No,827.00000,36.43000,22.7000000,186.00000,57.00000,–,Regular,Open,"40.3127762, -112.0120514",40.3127762,-112.0120514,OpenStreetMap Nominatim,Fallback,"Eagle Valley Elementery, 4475, North Heritage Drive, Pioneer Addition, Eagle Mountain, Utah County, Utah, 84005, United States"
490108001270,UT-31-31115,4901080,UT-31,KG,08,Eagle View School,Uintah District,Uintah County,301 North 5750 East,ROOSEVELT,UT,84066,,(435)722-2247,42,"Rural, Distant",No,278.00000,16.50000,16.8500000,186.00000,22.00000,–,Regular,Open,,,,,,
490003000444,UT-01-01120,4900030,UT-01,PK,06,Eaglecrest School,Alpine District,Utah County,2760 N 300 W,LEHI,UT,84043,,(801)610-8703,13,"City, Small",No,755.00000,32.58000,23.1700000,62.00000,13.00000,–,Regular,Open,"40.422939503451, -111.854388055017",40.422939503451,-111.854388055017,US Census Geocoder,Exact,"2760 N 300 W, LEHI, UT, 84043"
490060001248,UT-40-40140,4900600,UT-40,PK,PK,Early Childhood Center,Murray District,Salt Lake County,73 W 6100 S,MURRAY,UT,84107,,(801)264-7404,13,"City, Small",No,147.00000,2.00000,73.5000000,29.00000,2.00000,–,Special Education,Open,"40.638429872171, -111.893131064089",40.638429872171,-111.893131064089,US Census Geocoder,Exact,"73 W 6100 S, MURRAY, UT, 84107"
490014001268,UT-6F-6F300,4900140,UT-6F,KG,09,Early Light Academy at Daybreak,Early Light Academy at Daybreak,Salt Lake County,11709 S VADANIA DR,SOUTH JORDAN,UT,84009,,(801)302-5988,21,"Suburban, Large",Yes,1022.00000,49.90000,20.4800000,123.00000,27.00000,–,Regular,Open,"40.539512933482, -112.013957875698",40.539512933482,-112.013957875698,US Census Geocoder,Non_Exact,"11709 VADANIA DR, SOUTH JORDAN, UT, 84009"
490087000486,UT-36-36704,4900870,UT-36,09,12,East High,Salt Lake District,Salt Lake County,840 S 1300 E,SALT LAKE CITY,UT,84102,,(801)583-1661,12,"City, Midsize",No,1764.00000,83.53000,21.1200000,855.00000,108.00000,–,Regular,Open,"40.751071422929, -111.853965997469",40.751071422929,-111.853965997469,US Census Geocoder,Exact,"840 S 1300 E, SALT LAKE CITY, UT, 84102"
490003601072,UT-A8-A8700,4900036,UT-A8,09,12,East Hollywood High,East Hollywood High,Salt Lake County,2185 S 3600 W,WEST VALLEY CITY,UT,84119,,(801)886-8181,21,"Suburban, Large",Yes,318.00000,14.60000,21.7800000,174.00000,11.00000,–,Regular,Open,"40.724153677919, -111.977098149703",40.724153677919,-111.977098149703,US Census Geocoder,Exact,"2185 S 3600 W, WEST VALLEY CITY, UT, 84119"
490021000708,UT-07-07129,4900210,UT-07,PK,06,East Layton School,Davis District,Davis County,2470 E CHERRY LANE,EAST LAYTON,UT,84041,,(801)402-3250,21,"Suburban, Large",No,510.00000,25.84000,19.7400000,76.00000,16.00000,–,Regular,Open,"41.081031161938, -111.917546814124",41.081031161938,-111.917546814124,US Census Geocoder,Non_Exact,"2470 E CHERRY LN, LAYTON, UT, 84040"
490063001125,UT-19-19118,4900630,UT-19,PK,06,East Meadows School,Nebo District,Utah County,1287 S 2130 E,SPANISH FORK,UT,84660,,(801)798-4015,21,"Suburban, Large",No,518.00000,24.93000,20.7800000,92.00000,23.00000,–,Regular,Open,"40.09248421074, -111.61883433461",40.09248421074,-111.61883433461,US Census Geocoder,Exact,"1287 S 2130 E, SPANISH FORK, UT, 84660"
490014200300,UT-42-42122,4900142,UT-42,KG,05,East Midvale School,Canyons District,Salt Lake County,6990 S 300 E,MIDVALE,UT,84047,,(801)826-8350,21,"Suburban, Large",No,499.00000,27.50000,18.1500000,328.00000,20.00000,–,Regular,Open,"40.624515256661, -111.881877023745",40.624515256661,-111.881877023745,US Census Geocoder,Exact,"6990 S 300 E, MIDVALE, UT, 84047"
490072001269,UT-37-37131,4900720,UT-37,PK,06,East Ridge Elementary School,Ogden City District,Weber County,1300 - 9TH ST,OGDEN,UT,84404,,(801)737-7600,13,"City, Small",No,714.00000,34.00000,21.0000000,248.00000,70.00000,–,Regular,Open,"41.248443976304, -111.946483800344",41.248443976304,-111.946483800344,US Census Geocoder,Exact,"1300 9TH ST, OGDEN, UT, 84404"
490014200301,UT-42-42123,4900142,UT-42,KG,05,East Sandy School,Canyons District,Salt Lake County,8295 S 870 E,SANDY,UT,84094,,(801)826-8425,21,"Suburban, Large",No,364.00000,20.50000,17.7600000,109.00000,24.00000,–,Regular,Open,"40.6006505, -111.8636633",40.6006505,-111.8636633,OpenStreetMap Nominatim,Fallback,"Addington Circle, Sandy, Salt Lake County, Utah, 84047, United States"
490024000164,UT-08-08110,4900240,UT-08,PK,05,East School,Duchesne District,Duchesne County,700 E 400 N (107-10),ROOSEVELT,UT,84066,,(435)725-4665,41,"Rural, Fringe",No,450.00000,21.50000,20.9300000,171.00000,38.00000,–,Regular,Open,"40.304710325714, -109.981121858916",40.304710325714,-109.981121858916,US Census Geocoder,Non_Exact,"700 E 400 N, ROOSEVELT, UT, 84066"
490003001436,UT-01-01790,4900030,UT-01,09,12,East Shore Online,Alpine District,Utah County,1551 W 1000 S,OREM,UT,84058,,(801)227-2440,21,"Suburban, Large",No,0.00000,4.14000,†,†,†,†,Regular,Open,"40.279043985174, -111.738913854151",40.279043985174,-111.738913854151,US Census Geocoder,Non_Exact,"1551 W 1000 S, OREM, UT, 84059"
490042001225,UT-14-14118,4900420,UT-14,KG,06,Eastlake School,Jordan District,Salt Lake County,4389 W ISLA DAYBREAK ROAD,SOUTH JORDAN,UT,84009,,(801)446-0778,21,"Suburban, Large",No,792.00000,39.25000,20.1800000,87.00000,37.00000,–,Regular,Open,"40.555247244571, -111.995488341519",40.555247244571,-111.995488341519,US Census Geocoder,Exact,"4389 W ISLA DAYBREAK RD, SOUTH JORDAN, UT, 84009"
490014200302,UT-42-42403,4900142,UT-42,06,08,Eastmont Middle,Canyons District,Salt Lake County,10100 S 1300 E,SANDY,UT,84094,,(801)826-7000,21,"Suburban, Large",No,515.00000,27.50000,18.7300000,122.00000,29.00000,–,Regular,Open,"40.568183685732, -111.853184223418",40.568183685732,-111.853184223418,US Census Geocoder,Exact,"10100 S 1300 E, SANDY, UT, 84094"
490036000214,UT-12-12124,4900360,UT-12,PK,05,Eastwood School,Granite District,Salt Lake County,3305 WASATCH BLVD,SALT LAKE CITY,UT,84109,,(385)646-4816,21,"Suburban, Large",No,300.00000,12.00000,25.0000000,14.00000,4.00000,–,Regular,Open,"40.699699499117, -111.794568957348",40.699699499117,-111.794568957348,US Census Geocoder,Exact,"3305 WASATCH BLVD, SALT LAKE CITY, UT, 84109"
490075000485,UT-22-22308,4900750,UT-22,06,07,Ecker Hill Middle,Park City District,Summit County,2465 W KILBY RD,PARK CITY,UT,84098,,(435)645-5610,41,"Rural, Fringe",No,666.00000,46.00000,14.4800000,107.00000,7.00000,–,Regular,Open,"40.73884549636, -111.55922375408",40.73884549636,-111.55922375408,US Census Geocoder,Exact,"2465 W KILBY RD, PARK CITY, UT, 84098"
490081000453,UT-38-38102,4900810,UT-38,KG,06,Edgemont School,Provo District,Utah County,566 E 3650 N,PROVO,UT,84604,,(801)221-9984,12,"City, Midsize",No,611.00000,28.75000,21.2500000,119.00000,26.00000,–,Regular,Open,"40.281877058983, -111.649659034578",40.281877058983,-111.649659034578,US Census Geocoder,Exact,"566 E 3650 N, PROVO, UT, 84604"
490087000487,UT-36-36132,4900870,UT-36,PK,06,Edison School,Salt Lake District,Salt Lake County,466 CHEYENNE,SALT LAKE CITY,UT,84104,,(801)974-8300,12,"City, Midsize",No,459.00000,24.50000,18.7300000,450.00000,7.00000,–,Regular,Open,"40.758825078573, -111.934329509146",40.758825078573,-111.934329509146,US Census Geocoder,Non_Exact,"466 CHEYENNE ST, SALT LAKE CITY, UT, 84104"
490007001176,UT-5E-5E108,4900070,UT-5E,KG,06,Edith Bowen Laboratory School,Edith Bowen Laboratory School,Cache County,6700 OLD MAIN HILL,LOGAN,UT,84322,,(435)797-3085,13,"City, Small",Yes,359.00000,31.50000,11.4000000,49.00000,22.00000,–,Regular,Open,"41.7449830, -111.8092565",41.7449830,-111.8092565,OpenStreetMap Nominatim,Fallback,"Edith Bowen Laboratory School, Aggie Boulevard, Hillcrest Neighborhood, Logan, Cache County, Utah, 84322, United States"
490036000215,UT-12-12411,4900360,UT-12,06,09,Eisenhower Jr High,Granite District,Salt Lake County,4351 S REDWOOD RD,TAYLORSVILLE,UT,84123,,(385)646-5154,21,"Suburban, Large",No,1036.00000,46.30000,22.3800000,477.00000,99.00000,–,Regular,Open,"40.674596221053, -111.938784666003",40.674596221053,-111.938784666003,US Census Geocoder,Exact,"4351 S REDWOOD RD, TAYLORSVILLE, UT, 84123"
490120101652,UT-8M-8M700,4901201,UT-8M,KG,12,Elevated Charter School,Elevated Charter School,Utah County,212 E Crossroads Blvd #191,SARATOGA SPRINGS,UT,84045,,(385)535-1655,13,"City, Small",Yes,228.00000,12.82000,17.7800000,†,†,†,Regular,New,"40.387495771235, -111.911312357786",40.387495771235,-111.911312357786,US Census Geocoder,Exact,"212 E CROSSROADS BLVD, SARATOGA SPRINGS, UT, 84045"
490006901143,UT-41-41321,4900069,UT-41,PK,12,Elizabeth DeLong School of the Deaf,Utah Schools for the Deaf and the Blind,Utah County,424 S 350 E,OREM,UT,84058,,(801)224-6590,21,"Suburban, Large",No,53.00000,8.10000,6.5400000,11.00000,0.00000,–,Special Education,Open,"40.289405191488, -111.687067342953",40.289405191488,-111.687067342953,US Census Geocoder,Exact,"424 S 350 E, OREM, UT, 84058"
490042000508,UT-14-14126,4900420,UT-14,KG,06,Elk Meadows School,Jordan District,Salt Lake County,3448 W 9800 S,SOUTH JORDAN,UT,84095,,(801)446-3200,21,"Suburban, Large",No,580.00000,27.50000,21.0900000,94.00000,23.00000,–,Regular,Open,"40.573338285831, -111.972819495995",40.573338285831,-111.972819495995,US Census Geocoder,Exact,"3448 W 9800 S, SOUTH JORDAN, UT, 84095"
490042000195,UT-14-14413,4900420,UT-14,07,09,Elk Ridge Middle,Jordan District,Salt Lake County,3659 W 9800 S,SOUTH JORDAN,UT,84009,,(801)412-2800,21,"Suburban, Large",No,1151.00000,49.46000,23.2700000,167.00000,43.00000,–,Regular,Open,"40.573226535213, -111.978463398692",40.573226535213,-111.978463398692,US Census Geocoder,Exact,"3659 W 9800 S, SOUTH JORDAN, UT, 84009"
490036001412,UT-12-12125,4900360,UT-12,PK,06,Elk Run Elementary,Granite District,Salt Lake County,3550 S HELEN DR,MAGNA,UT,84044,,(385)646-4786,21,"Suburban, Large",No,714.00000,29.80000,23.9600000,240.00000,43.00000,–,Regular,Open,"40.696725809891, -112.096067302725",40.696725809891,-112.096067302725,US Census Geocoder,Exact,"3550 S HELEN DR, MAGNA, UT, 84044"
490051000348,UT-39-39112,4900510,UT-39,PK,05,Ellis School,Logan City District,Cache County,348 W 300 N,LOGAN,UT,84321,,(435)755-2330,13,"City, Small",No,349.00000,15.00000,23.2700000,168.00000,44.00000,–,Regular,Open,"41.737233640552, -111.843807031239",41.737233640552,-111.843807031239,US Census Geocoder,Exact,"348 W 300 N, LOGAN, UT, 84321"
490021001195,UT-07-07136,4900210,UT-07,PK,06,Ellison Park School,Davis District,Davis County,800 N COLDCREEK WAY,LAYTON,UT,84041,,(801)402-7300,21,"Suburban, Large",No,565.00000,29.05000,19.4500000,68.00000,17.00000,–,Regular,Open,"41.067618329314, -111.998778830606",41.067618329314,-111.998778830606,US Census Geocoder,Exact,"800 N COLD CREEK WAY, LAYTON, UT, 84041"
490087000488,UT-36-36136,4900870,UT-36,KG,06,Emerson School,Salt Lake District,Salt Lake County,1017 E HARRISON AVENUE,SALT LAKE CITY,UT,84105,,(801)481-4819,12,"City, Midsize",No,395.00000,29.00000,13.6200000,84.00000,15.00000,–,Regular,Open,"40.739973258572, -111.862174477874",40.739973258572,-111.862174477874,US Census Geocoder,Non_Exact,"1017 HARRISON AVE, SALT LAKE CITY, UT, 84105"
490027000178,UT-09-09706,4900270,UT-09,09,12,Emery High,Emery District,Emery County,P.O. BOX 499,CASTLE DALE,UT,84513,,(435)381-2689,43,"Rural, Remote",No,614.00000,33.19000,18.5000000,160.00000,46.00000,–,Regular,Open,"39.2121920, -111.0196130",39.2121920,-111.0196130,OpenStreetMap Nominatim,Fallback,"Castle Dale, Emery County, Utah, 84513, United States"
490015501407,UT-3H-3H100,4900155,UT-3H,KG,08,Endeavor Hall,Endeavor Hall,Salt Lake County,2614 S DECKER LAKE LANE,WEST VALLEY CITY,UT,84119,,(801)972-1153,21,"Suburban, Large",Yes,257.00000,0.00000,†,69.00000,10.00000,–,Regular,Open,"40.713266870002, -111.943531756371",40.713266870002,-111.943531756371,US Census Geocoder,Non_Exact,"2614 DECKER LAKE LN, WEST VALLEY CITY, UT, 84119"
490021001382,UT-07-07161,4900210,UT-07,PK,06,Endeavour School,Davis District,Davis County,1870 S 25 W,KAYSVILLE,UT,84037,,(801)402-0400,21,"Suburban, Large",No,645.00000,28.50000,22.6300000,35.00000,13.00000,–,Regular,Open,"41.0042640, -111.9382853",41.0042640,-111.9382853,OpenStreetMap Nominatim,Fallback,"1870, South 25 West, Oakridge Highlands, Kaysville, Davis County, Utah, 84037, United States"
490039000682,UT-13-13120,4900390,UT-13,KG,05,Enoch School,Iron District,Iron County,4701 N WAGON WHEEL,ENOCH,UT,84721,,(435)586-2855,33,"Town, Remote",No,516.00000,30.50000,16.9200000,137.00000,57.00000,–,Regular,Open,"37.761665693947, -113.029932612909",37.761665693947,-113.029932612909,US Census Geocoder,Non_Exact,"4701 WAGON WHEEL DR, ENOCH, UT, 84721"
490087000489,UT-36-36144,4900870,UT-36,PK,06,Ensign School,Salt Lake District,Salt Lake County,775 12TH AVE,SALT LAKE CITY,UT,84103,,(801)578-8150,12,"City, Midsize",No,361.00000,18.50000,19.5100000,57.00000,9.00000,–,Regular,Open,"40.783074254174, -111.867489148165",40.783074254174,-111.867489148165,US Census Geocoder,Non_Exact,"775 E 12TH AVE, SALT LAKE CITY, UT, 84103"
490114000599,UT-33-33712,4901140,UT-33,07,12,Enterprise High,Washington District,Washington County,PO BOX 460,ENTERPRISE,UT,84725,,(435)878-2248,42,"Rural, Distant",No,537.00000,27.98000,19.1900000,150.00000,56.00000,–,Regular,Open,"37.5647872, -113.7150114",37.5647872,-113.7150114,OpenStreetMap Nominatim,Fallback,"Enterprise High School, Wolfpack Drive, Enterprise, Washington County, Utah, 84725, United States"
490114000600,UT-33-33104,4901140,UT-33,PK,06,Enterprise School,Washington District,Washington County,P O BOX 459,ENTERPRISE,UT,84725,,(435)878-2236,42,"Rural, Distant",No,455.00000,20.30000,22.4100000,99.00000,96.00000,–,Regular,Open,"37.5647872, -113.7150114",37.5647872,-113.7150114,OpenStreetMap Nominatim,Fallback,"Enterprise High School, Wolfpack Drive, Enterprise, Washington County, Utah, 84725, United States"
490004101136,UT-3C-3C100,4900041,UT-3C,KG,09,Entheos Academy Kearns,Entheos Academy,Salt Lake County,4710 W 6200 S,KEARNS,UT,84118,,(801)417-5444,21,"Suburban, Large",Yes,579.00000,30.00000,19.3000000,185.00000,59.00000,–,Regular,Open,"40.638631498996, -112.004514475273",40.638631498996,-112.004514475273,US Census Geocoder,Exact,"4710 W 6200 S, KEARNS, UT, 84118"
490004101437,UT-3C-3C110,4900041,UT-3C,KG,09,Entheos Academy Magna,Entheos Academy,Salt Lake County,2606 S 7200 W,MAGNA,UT,84044,,(801)250-5233,21,"Suburban, Large",Yes,475.00000,25.00000,19.0000000,221.00000,63.00000,–,Regular,Open,"40.71295706887, -112.063230002028",40.71295706887,-112.063230002028,US Census Geocoder,Exact,"2606 S 7200 W, MAGNA, UT, 84044"
490014201368,UT-42-42950,4900142,UT-42,KG,12,Entrada,Canyons District,Salt Lake County,825 E 9085 S,SANDY,UT,84094,,(801)826-6670,21,"Suburban, Large",No,0.00000,1.00000,†,†,†,†,Regular,Open,"40.586626927442, -111.869538392058",40.586626927442,-111.869538392058,US Census Geocoder,Exact,"825 E 9085 S, SANDY, UT, 84094"
490096000548,UT-27-27304,4900960,UT-27,06,08,Ephraim Middle,South Sanpete District,Sanpete County,555 S 100 E,EPHRAIM,UT,84627,,(435)283-4037,33,"Town, Remote",No,495.00000,24.08000,20.5600000,177.00000,57.00000,–,Regular,Open,"39.349806950709, -111.584073895854",39.349806950709,-111.584073895854,US Census Geocoder,Exact,"555 S 100 E, EPHRAIM, UT, 84627"
490096000549,UT-27-27108,4900960,UT-27,PK,05,Ephraim School,South Sanpete District,Sanpete County,570 S 300 EAST,EPHRAIM,UT,84627,,(435)283-4171,33,"Town, Remote",No,535.00000,25.00000,21.4000000,220.00000,77.00000,–,Regular,Open,"39.349135998832, -111.579426587592",39.349135998832,-111.579426587592,US Census Geocoder,Exact,"570 S 300 E, EPHRAIM, UT, 84627"
490030000186,UT-10-10708,4900300,UT-10,07,12,Escalante High,Garfield District,Garfield County,PO Box 228,ESCALANTE,UT,84726,,(435)826-4205,43,"Rural, Remote",No,66.00000,7.22000,9.1400000,16.00000,4.00000,–,Regular,Open,"37.7659494, -111.5857633",37.7659494,-111.5857633,OpenStreetMap Nominatim,Fallback,"Escalante High School, 800 East, Escalante, Garfield County, Utah, 84726, United States"
490030000187,UT-10-10116,4900300,UT-10,PK,06,Escalante School,Garfield District,Garfield County,P O BOX 248,ESCALANTE,UT,84726,,(435)826-4247,43,"Rural, Remote",No,105.00000,7.00000,15.0000000,41.00000,6.00000,–,Regular,Open,"37.7659494, -111.5857633",37.7659494,-111.5857633,OpenStreetMap Nominatim,Fallback,"Escalante High School, Moqui Lane, Escalante, Garfield County, Utah, 84726, United States"
490087000787,UT-36-36262,4900870,UT-36,PK,06,Escalante School,Salt Lake District,Salt Lake County,1810 W 900 N,SALT LAKE CITY,UT,84116,,(801)578-8496,12,"City, Midsize",No,352.00000,19.75000,17.8200000,241.00000,43.00000,–,Regular,Open,"40.789077259352, -111.942156883783",40.789077259352,-111.942156883783,US Census Geocoder,Exact,"1810 W 900 N, SALT LAKE CITY, UT, 84116"
490039000283,UT-13-13116,4900390,UT-13,PK,06,Escalante Valley School,Iron District,Iron County,202 N BERYL HWY,BERYL,UT,84714,,(435)439-5550,43,"Rural, Remote",No,134.00000,8.20000,16.3400000,91.00000,11.00000,–,Regular,Open,"37.711282240905, -113.65607171241",37.711282240905,-113.65607171241,US Census Geocoder,Exact,"202 N BERYL HWY, BERYL, UT, 84714"
490054000746,UT-17-17712,4900540,UT-17,07,12,Eskdale High,Millard District,Millard County,1000 CIRCLE DR,ESKDALE,UT,84728,,(435)855-2148,43,"Rural, Remote",No,21.00000,3.75000,5.6000000,†,†,†,Regular,Open,,,,,,
490016101440,UT-2I-2I100,4900161,UT-2I,KG,07,Esperanza School,Esperanza School,Salt Lake County,4956 W 3500 S,WEST VALLEY CITY,UT,84120,,(801)305-1450,21,"Suburban, Large",Yes,575.00000,24.50000,23.4700000,300.00000,8.00000,–,Regular,Open,"40.696629274907, -112.009403678258",40.696629274907,-112.009403678258,US Census Geocoder,Exact,"4956 W 3500 S, WEST VALLEY CITY, UT, 84120"
490102000559,UT-29-29108,4901020,UT-29,PK,06,Eureka School,Tintic District,Juab County,P O BOX 170,EUREKA,UT,84628,,(435)433-6927,42,"Rural, Distant",No,101.00000,9.20000,10.9800000,32.00000,15.00000,–,Regular,Open,"39.9563347, -112.1127877",39.9563347,-112.1127877,OpenStreetMap Nominatim,Fallback,"Eureka Elementary School, Leadville Row, Eureka, Juab County, Utah, 84628, United States"
490036000216,UT-12-12412,4900360,UT-12,06,09,Evergreen Jr High,Granite District,Salt Lake County,3401 S 2000 E,SALT LAKE CITY,UT,84109,,(385)646-5164,21,"Suburban, Large",No,600.00000,25.05000,23.9500000,141.00000,21.00000,–,Regular,Open,"40.69811666966, -111.834002711756",40.69811666966,-111.834002711756,US Census Geocoder,Exact,"3401 S 2000 E, SALT LAKE CITY, UT, 84109"
490013601272,UT-7F-7F100,4900136,UT-7F,KG,08,Excelsior Academy,Excelsior Academy,Tooele County,124 E ERDA WAY,ERDA,UT,84074,,(435)882-3062,41,"Rural, Fringe",Yes,1406.00000,24.25000,57.9800000,182.00000,70.00000,–,Regular,Open,"40.601856929738, -112.294270336429",40.601856929738,-112.294270336429,US Census Geocoder,Exact,"124 E ERDA WAY, ERDA, UT, 84074"
490021000169,UT-07-07402,4900210,UT-07,07,09,Fairfield Jr High,Davis District,Davis County,951 N FAIRFIELD RD,KAYSVILLE,UT,84037,,(801)402-7000,21,"Suburban, Large",No,972.00000,36.24000,26.8200000,138.00000,43.00000,–,Regular,Open,"41.045879159603, -111.937773154986",41.045879159603,-111.937773154986,US Census Geocoder,Non_Exact,"951 FAIRFIELD RD, KAYSVILLE, UT, 84037"
490066000408,UT-20-20104,4900660,UT-20,KG,06,Fairview School,North Sanpete District,Sanpete County,651 E 150 N,FAIRVIEW,UT,84629,,(435)427-9204,43,"Rural, Remote",No,235.00000,15.50000,15.1600000,81.00000,37.00000,–,Regular,Open,"39.630858771218, -111.425485666522",39.630858771218,-111.425485666522,US Census Geocoder,Non_Exact,"651 150 N, FAIRVIEW, UT, 84629"
490042001213,UT-14-14128,4900420,UT-14,KG,06,Falcon Ridge School,Jordan District,Salt Lake County,6111 W 7000 S,WEST JORDAN,UT,84081,,(801)282-2437,21,"Suburban, Large",No,674.00000,32.80000,20.5500000,193.00000,67.00000,–,Regular,Open,"40.623848693653, -112.035408734102",40.623848693653,-112.035408734102,US Census Geocoder,Exact,"6111 W 7000 S, WEST JORDAN, UT, 84081"
490021000727,UT-07-07802,4900210,UT-07,PK,PK,Family Enrichment Center,Davis District,Davis County,320 S 500 E,KAYSVILLE,UT,84037,,(801)402-0650,21,"Suburban, Large",No,225.00000,0.00000,†,55.00000,4.00000,–,Special Education,Open,"41.029397710477, -111.927349171782",41.029397710477,-111.927349171782,US Census Geocoder,Exact,"320 S 500 E, KAYSVILLE, UT, 84037"
490021001537,UT-07-07709,4900210,UT-07,10,12,Farmington High,Davis District,Davis County,548 W Glovers Lange,FARMINGTON,UT,84025,,(801)402-9050,21,"Suburban, Large",No,2198.00000,78.82000,27.8900000,128.00000,26.00000,–,Regular,Open,"40.965245272307, -111.899330969987",40.965245272307,-111.899330969987,US Census Geocoder,Non_Exact,"548 W GLOVERS LN, FARMINGTON, UT, 84025"
490021000749,UT-07-07409,4900210,UT-07,07,09,Farmington Jr High,Davis District,Davis County,150 S 200 W,FARMINGTON,UT,84025,,(801)402-6900,21,"Suburban, Large",No,1266.00000,47.48000,26.6600000,82.00000,18.00000,–,Regular,Open,"40.977847588612, -111.891970127738",40.977847588612,-111.891970127738,US Census Geocoder,Exact,"150 S 200 W, FARMINGTON, UT, 84025"
490021000120,UT-07-07132,4900210,UT-07,PK,06,Farmington School,Davis District,Davis County,50 W 200 S,FARMINGTON,UT,84025,,(801)402-2950,21,"Suburban, Large",No,444.00000,22.16000,20.0400000,37.00000,8.00000,–,Regular,Open,"40.976934234264, -111.888449413022",40.976934234264,-111.888449413022,US Census Geocoder,Exact,"50 W 200 S, FARMINGTON, UT, 84025"
490120000817,UT-35-35113,4901200,UT-35,KG,06,Farr West School,Weber District,Weber County,2190 W 2700 N,OGDEN,UT,84404,,(801)452-4360,21,"Suburban, Large",No,704.00000,30.25000,23.2700000,79.00000,26.00000,–,Regular,Open,"41.306788924735, -112.032247974892",41.306788924735,-112.032247974892,US Census Geocoder,Exact,"2190 W 2700 N, OGDEN, UT, 84404"
490001900906,UT-98-98700,4900019,UT-98,09,12,Fast Forward High,Fast Forward High,Cache County,875 W 1400 N,LOGAN,UT,84321,,(435)713-4255,13,"City, Small",Yes,439.00000,17.15000,25.6000000,140.00000,10.00000,–,Other/Alternative,Open,"41.758009096919, -111.856054079456",41.758009096919,-111.856054079456,US Census Geocoder,Exact,"875 W 1400 N, LOGAN, UT, 84321"
490027000181,UT-09-09120,4900270,UT-09,PK,05,Ferron School,Emery District,Emery County,P O BOX 910,FERRON,UT,84523,,(435)384-2383,43,"Rural, Remote",No,200.00000,10.00000,20.0000000,65.00000,37.00000,–,Regular,Open,"39.0906906, -111.1353505",39.0906906,-111.1353505,OpenStreetMap Nominatim,Fallback,"Ferron Elementary School, West Mill Road, Ferron, Emery County, Utah, 84523, United States"
490039000794,UT-13-13124,4900390,UT-13,KG,05,Fiddlers Canyon School,Iron District,Iron County,475 E 1935 N,CEDAR CITY,UT,84721,,(435)586-2860,33,"Town, Remote",No,515.00000,24.00000,21.4600000,210.00000,55.00000,–,Regular,Open,"37.712490694452, -113.054599030083",37.712490694452,-113.054599030083,US Census Geocoder,Exact,"475 E 1935 N, CEDAR CITY, UT, 84721"
490009000051,UT-03-03132,4900090,UT-03,KG,05,Fielding School,Box Elder District,Box Elder County,98 W MAIN,FIELDING,UT,84311,,(435)514-4200,42,"Rural, Distant",No,574.00000,27.00000,21.2600000,131.00000,41.00000,–,Regular,Open,"41.814538740087, -112.118227872632",41.814538740087,-112.118227872632,US Census Geocoder,Non_Exact,"98 W MAIN ST, FIELDING, UT, 84311"
490054000798,UT-17-17320,4900540,UT-17,05,08,Fillmore Middle,Millard District,Millard County,P O BOX 1138,FILLMORE,UT,84631,,(435)743-5660,43,"Rural, Remote",No,347.00000,17.75000,19.5500000,108.00000,55.00000,–,Regular,Open,"38.9592945, -112.3366164",38.9592945,-112.3366164,OpenStreetMap Nominatim,Fallback,"Fillmore Middle School, West 400 South Street, Fillmore, Millard County, Utah, 84631, United States"
490054000359,UT-17-17112,4900540,UT-17,PK,04,Fillmore School,Millard District,Millard County,555 W 400 S,FILLMORE,UT,84631,,(435)743-5670,43,"Rural, Remote",No,483.00000,23.50000,20.5500000,192.00000,63.00000,–,Regular,Open,"38.960027906207, -112.338702942818",38.960027906207,-112.338702942818,US Census Geocoder,Non_Exact,"555 W 400 SOUTH ST, FILLMORE, UT, 84631"
490018000100,UT-06-06104,4900180,UT-06,PK,05,Flaming Gorge School,Daggett District,Daggett County,P O BOX 289,DUTCH JOHN,UT,84023,,(435)885-3112,43,"Rural, Remote",No,16.00000,2.00000,8.0000000,4.00000,0.00000,–,Regular,Open,"40.9308192, -109.3941915",40.9308192,-109.3941915,OpenStreetMap Nominatim,Fallback,"Flaming Gorge Elementary School, South Center Street, Dutch John, Daggett County, Utah, 84023, United States"
490003000593,UT-01-01123,4900030,UT-01,PK,06,Foothill School,Alpine District,Utah County,921 N 1240 E,OREM,UT,84097,,(801)610-8107,13,"City, Small",No,537.00000,23.06000,23.2900000,94.00000,19.00000,–,Regular,Open,"40.315826130089, -111.666353780669",40.315826130089,-111.666353780669,US Census Geocoder,Exact,"921 N 1240 E, OREM, UT, 84097"
490042000949,UT-14-14176,4900420,UT-14,KG,06,Foothills School,Jordan District,Salt Lake County,13717 S SHAGGY PEAK,RIVERTON,UT,84096,,(801)302-8599,21,"Suburban, Large",No,837.00000,46.00000,18.2000000,127.00000,51.00000,–,Regular,Open,"40.501641051424, -112.013082488524",40.501641051424,-112.013082488524,US Census Geocoder,Non_Exact,"13717 S SHAGGY PEAK DR, RIVERTON, UT, 84096"
490063001126,UT-19-19119,4900630,UT-19,PK,06,Foothills School,Nebo District,Utah County,412 S 810 E,SALEM,UT,84653,,(801)423-9172,21,"Suburban, Large",No,605.00000,26.31000,23.0000000,69.00000,27.00000,–,Regular,Open,"40.048839144691, -111.657122607982",40.048839144691,-111.657122607982,US Census Geocoder,Non_Exact,"412 810 E, SALEM, UT, 84653"
490003000010,UT-01-01124,4900030,UT-01,KG,06,Forbes School,Alpine District,Utah County,281 N 200 E,AMERICAN FORK,UT,84003,,(801)610-8705,21,"Suburban, Large",No,550.00000,26.06000,21.1100000,218.00000,51.00000,–,Regular,Open,"40.382640199451, -111.793274676699",40.382640199451,-111.793274676699,US Census Geocoder,Exact,"281 N 200 E, AMERICAN FORK, UT, 84003"
490042001075,UT-14-14417,4900420,UT-14,07,09,Fort Herriman Middle,Jordan District,Salt Lake County,14050 S MIRABELLA DR,HERRIMAN,UT,84065,,(801)412-2450,21,"Suburban, Large",No,1195.00000,51.59000,23.1600000,87.00000,33.00000,–,Regular,Open,"40.495242213321, -112.033339347977",40.495242213321,-112.033339347977,US Census Geocoder,Non_Exact,"14050 MIRABELLA DR, HERRIMAN, UT, 84096"
490114001076,UT-33-33320,4901140,UT-33,06,07,Fossil Ridge Intermediate,Washington District,Washington County,383 S MALL DR,ST GEORGE,UT,84790,,(435)652-4706,12,"City, Midsize",No,727.00000,32.57000,22.3200000,276.00000,74.00000,–,Regular,Open,"37.103539468219, -113.540458386914",37.103539468219,-113.540458386914,US Census Geocoder,Exact,"383 S MALL DR, ST GEORGE, UT, 84790"
490066000662,UT-20-20108,4900660,UT-20,PK,06,Fountain Green School,North Sanpete District,Sanpete County,P O BOX 38,FOUNTAIN GREEN,UT,84632,,(435)445-3316,43,"Rural, Remote",No,167.00000,8.40000,19.8800000,59.00000,25.00000,–,Regular,Open,"39.6302375, -111.6393659",39.6302375,-111.6393659,OpenStreetMap Nominatim,Fallback,"Fountain Green School, 100 North, Fountain Green, Sanpete County, Utah, 84632, United States"
490036000679,UT-12-12127,4900360,UT-12,KG,06,Fox Hills School,Granite District,Salt Lake County,3775 W 6020 S,SALT LAKE CITY,UT,84118,,(385)646-4828,21,"Suburban, Large",No,553.00000,22.50000,24.5800000,136.00000,39.00000,–,Regular,Open,,,,,,
490042001411,UT-14-14121,4900420,UT-14,KG,06,Fox Hollow School,Jordan District,Salt Lake County,6020 W 8200 S,WEST JORDAN,UT,84081,,(801)282-1818,21,"Suburban, Large",No,872.00000,40.00000,21.8000000,166.00000,65.00000,–,Regular,Open,"40.602255287488, -112.035764434923",40.602255287488,-112.035764434923,US Census Geocoder,Exact,"6020 W 8200 S, WEST JORDAN, UT, 84081"
490003001111,UT-01-01126,4900030,UT-01,PK,06,Fox Hollow School,Alpine District,Utah County,1450 W 3200 N,LEHI,UT,84043,,(801)610-8706,13,"City, Small",No,733.00000,32.73000,22.4000000,103.00000,30.00000,–,Regular,Open,"40.428024294415, -111.872570434468",40.428024294415,-111.872570434468,US Census Geocoder,Exact,"1450 W 3200 N, LEHI, UT, 84043"
490021001369,UT-07-07166,4900210,UT-07,PK,06,Foxboro School,Davis District,Davis County,487 N FOXBORO DRIVE,NORTH SALT LAKE,UT,84054,,(801)402-5050,21,"Suburban, Large",No,486.00000,28.45000,17.0800000,105.00000,26.00000,–,Regular,Open,"40.8506964, -111.9401846",40.8506964,-111.9401846,OpenStreetMap Nominatim,Fallback,"487, Foxboro Drive, North Salt Lake, Davis County, Utah, 84054, United States"
490018701488,UT-6K-6K100,4900187,UT-6K,KG,06,Franklin Discovery Academy,Franklin Discovery Academy,Utah County,320 E. Gammon Road,VINEYARD,UT,84058,,(801)785-6500,21,"Suburban, Large",Yes,710.00000,35.51000,19.9900000,113.00000,42.00000,–,Regular,Open,"40.297025590512, -111.745426947354",40.297025590512,-111.745426947354,US Census Geocoder,Non_Exact,"320 E GAMMON RD, VINEYARD, UT, 84059"
490087000490,UT-36-36148,4900870,UT-36,PK,06,Franklin School,Salt Lake District,Salt Lake County,1115 W 300 S,SALT LAKE CITY,UT,84104,,(801)578-8158,12,"City, Midsize",No,325.00000,25.50000,12.7500000,316.00000,7.00000,–,Regular,Open,"40.762745669452, -111.923813611392",40.762745669452,-111.923813611392,US Census Geocoder,Exact,"1115 W 300 S, SALT LAKE CITY, UT, 84104"
490081000455,UT-38-38104,4900810,UT-38,PK,06,Franklin School,Provo District,Utah County,350 S 600 W,PROVO,UT,84601,,(801)374-4925,12,"City, Midsize",No,398.00000,21.50000,18.5100000,255.00000,32.00000,–,Regular,Open,"40.229045916677, -111.669388218651",40.229045916677,-111.669388218651,US Census Geocoder,Exact,"350 S 600 W, PROVO, UT, 84601"
490006200992,UT-82-82100,4900062,UT-82,PK,12,Freedom Preparatory Academy,Freedom Preparatory Academy,Utah County,1190 W 900 N,PROVO,UT,84604,,(801)437-3100,12,"City, Midsize",Yes,1248.00000,77.39000,16.1300000,413.00000,116.00000,–,Regular,Open,"40.246228993645, -111.67891725476",40.246228993645,-111.67891725476,US Census Geocoder,Exact,"1190 W 900 N, PROVO, UT, 84604"
490006201492,UT-82-82105,4900062,UT-82,PK,06,Freedom Preparatory Academy - Vineyard,Freedom Preparatory Academy,Utah County,426 North 100 West,VINEYARD,UT,84058,,(801)437-3100,21,"Suburban, Large",Yes,505.00000,30.00000,16.8300000,66.00000,41.00000,–,Regular,Open,"40.304316672379, -111.755705984817",40.304316672379,-111.755705984817,US Census Geocoder,Non_Exact,"426 N 100 W, VINEYARD, UT, 84059"
490006201610,UT-82-82104,4900062,UT-82,KG,12,Freedom Preparatory Academy Washington,Freedom Preparatory Academy,Washington County,5600 So Carnelian Parkway,SAINT GEORGE,UT,84790,,(801)437-3100,41,"Rural, Fringe",Yes,412.00000,20.75000,19.8600000,63.00000,33.00000,–,Regular,Open,,,,,,
490003000908,UT-01-01125,4900030,UT-01,PK,06,Freedom School,Alpine District,Utah County,10326 N 6800 W,HIGHLAND,UT,84003,,(801)610-8707,21,"Suburban, Large",No,670.00000,27.40000,24.4500000,42.00000,11.00000,–,Regular,Open,"40.41923145037, -111.821080358343",40.41923145037,-111.821080358343,US Census Geocoder,Exact,"10326 N 6800 W, HIGHLAND, UT, 84003"
490120000781,UT-35-35115,4901200,UT-35,KG,06,Freedom School,Weber District,Weber County,4555 W 5500 S,HOOPER,UT,84315,,(801)452-4100,21,"Suburban, Large",No,784.00000,38.00000,20.6300000,156.00000,90.00000,–,Regular,Open,"41.163763571052, -112.090513540515",41.163763571052,-112.090513540515,US Census Geocoder,Exact,"4555 W 5500 S, HOOPER, UT, 84315"
490120000221,UT-35-35706,4901200,UT-35,10,12,Fremont High,Weber District,Weber County,1975 N 4700 W,PLAIN CITY,UT,84404,,(801)452-4000,21,"Suburban, Large",No,1448.00000,62.41000,23.2000000,201.00000,65.00000,–,Regular,Open,"41.293674278588, -112.092596427839",41.293674278588,-112.092596427839,US Census Geocoder,Exact,"1975 N 4700 W, PLAIN CITY, UT, 84404"
490003001454,UT-01-01417,4900030,UT-01,07,09,Frontier Middle School,Alpine District,Utah County,1427 East Mid Valley Road,EAGLE MOUNTAIN,UT,84005,,(801)610-8777,41,"Rural, Fringe",No,1781.00000,65.86000,27.0400000,274.00000,108.00000,–,Regular,Open,"40.3341697, -112.0159816",40.3341697,-112.0159816,OpenStreetMap Nominatim,Fallback,"Frontier Middle School, 1427, East Mid Valley Road, Eagle Mountain, Utah County, Utah, 84005, United States"
490030001622,UT-10-10150,4900300,UT-10,KG,06,Garfield Online,Garfield District,Garfield County,P.O.Box 398,PANGUITCH,UT,84759,,(435)676-8821,43,"Rural, Remote",No,705.00000,5.75000,122.6100000,71.00000,9.00000,–,Regular,Open,,,,,,
490009000053,UT-03-03136,4900090,UT-03,KG,05,Garland School,Box Elder District,Box Elder County,450 S. 100 W.,GARLAND,UT,84312,,(435)515-4300,32,"Town, Distant",No,658.00000,32.00000,20.5600000,137.00000,54.00000,–,Regular,Open,"41.736330239847, -112.1638909524",41.736330239847,-112.1638909524,US Census Geocoder,Exact,"450 S 100 W, GARLAND, UT, 84312"
490054000360,UT-17-17120,4900540,UT-17,KG,06,Garrison School,Millard District,Millard County,P O BOX 10,GARRISON,UT,84728,,(435)855-2321,43,"Rural, Remote",No,18.00000,1.00000,18.0000000,†,†,†,Regular,Open,"38.9346627, -114.0356946",38.9346627,-114.0356946,OpenStreetMap Nominatim,Fallback,"Garrison School, SR 21, Garrison, Millard County, Utah, United States"
490012201214,UT-7E-7E100,4900122,UT-7E,KG,08,Gateway Preparatory Academy,Gateway Preparatory Academy,Iron County,201 E THOROUGHBRED WAY,ENOCH,UT,84721,,(435)867-5558,41,"Rural, Fringe",Yes,732.00000,32.26000,22.6900000,298.00000,94.00000,–,Regular,Open,"37.746720099705, -113.064788357956",37.746720099705,-113.064788357956,US Census Geocoder,Non_Exact,"201 THOROUGHBRED WAY, ENOCH, UT, 84721"
490036001115,UT-12-12131,4900360,UT-12,PK,06,Gearld Wright School,Granite District,Salt Lake County,6760 W 3100 S,SALT LAKE CITY,UT,84128,,(801)646-5480,21,"Suburban, Large",No,532.00000,24.50000,21.7100000,149.00000,43.00000,–,Regular,Open,"40.703793277485, -112.052625035739",40.703793277485,-112.052625035739,US Census Geocoder,Exact,"6760 W 3100 S, SALT LAKE CITY, UT, 84128"
490004601147,UT-5D-5D100,4900046,UT-5D,KG,08,George Washington Academy,George Washington Academy,Washington County,2277 S 3000 E,ST GEORGE,UT,84790,,(435)673-2232,41,"Rural, Fringe",Yes,1013.00000,44.00000,23.0200000,138.00000,54.00000,–,Regular,Open,"37.067125170225, -113.522154576565",37.067125170225,-113.522154576565,US Census Geocoder,Exact,"2277 S 3000 E, ST GEORGE, UT, 84790"
490072001265,UT-37-37729,4900720,UT-37,07,12,George Washington High,Ogden City District,Weber County,455 28TH STREET,OGDEN,UT,84401,,(801)737-7400,13,"City, Small",No,281.00000,10.65000,26.3800000,146.00000,15.00000,–,Other/Alternative,Open,"41.214305589041, -111.969424459284",41.214305589041,-111.969424459284,US Census Geocoder,Exact,"455 28TH ST, OGDEN, UT, 84401"
490014201637,UT-42-42125,4900142,UT-42,KG,05,Glacier Hills Elementary,Canyons District,Salt Lake County,1085 E 900 South,SANDY,UT,84094,,(801)826-8500,21,"Suburban, Large",No,626.00000,31.87000,19.6400000,191.00000,44.00000,–,Regular,Open,"40.5525030, -111.8659281",40.5525030,-111.8659281,OpenStreetMap Nominatim,Fallback,"Segovia Circle, Silver Sage, Sandy, Salt Lake County, Utah, 84094, United States"
490087000492,UT-36-36412,4900870,UT-36,06,08,Glendale Middle,Salt Lake District,Salt Lake County,1430 W ANDREW AVE,SALT LAKE CITY,UT,84104,,(801)974-8320,12,"City, Midsize",No,678.00000,38.66000,17.5400000,656.00000,3.00000,–,Regular,Open,"40.736872975383, -111.930603862766",40.736872975383,-111.930603862766,US Census Geocoder,Non_Exact,"1430 ANDREW AVE, SALT LAKE CITY, UT, 84104"
490042001502,UT-14-14139,4900420,UT-14,KG,06,Golden Fields School,Jordan District,Salt Lake County,10252 S. Split Rock Drive,SOUTH JORDAN,UT,84009,,(801)567-8910,21,"Suburban, Large",No,854.00000,41.30000,20.6800000,80.00000,25.00000,–,Regular,Open,"40.564267952833, -112.013763504579",40.564267952833,-112.013763504579,US Census Geocoder,Exact,"10252 S SPLIT ROCK DR, SOUTH JORDAN, UT, 84009"
490009001624,UT-03-03115,4900090,UT-03,PK,05,Golden Spike Elementary,Box Elder District,Box Elder County,730 East 300 North,BRIGHAM CITY,UT,84302,,(435)515-5500,31,"Town, Fringe",No,924.00000,43.00000,21.4900000,278.00000,56.00000,–,Regular,Open,"41.517296592902, -112.004651590205",41.517296592902,-112.004651590205,US Census Geocoder,Exact,"730 E 300 N, BRIGHAM CITY, UT, 84302"
490014201380,UT-42-42180,4900142,UT-42,KG,08,Goldminer's Daughter,Canyons District,Salt Lake County,GOLDMINER'S DAUGHTER LODGE,ALTA,UT,84092,,(801)826-8575,42,"Rural, Distant",No,11.00000,1.00000,11.0000000,2.00000,1.00000,–,Regular,Open,"40.5891360, -111.6387850",40.5891360,-111.6387850,OpenStreetMap Nominatim,Fallback,"Goldminer's Daughter Lodge, Alta Entry Road, Alta, Salt Lake County, Utah, 85092, United States"
490014701389,UT-8G-8G100,4900147,UT-8G,KG,06,Good Foundations Academy,Good Foundations Academy,Weber County,5101 S 1050 W,RIVERDALE,UT,84405,,(801)393-2950,21,"Suburban, Large",Yes,441.00000,23.00000,19.1700000,114.00000,35.00000,–,Regular,Open,"41.171837472716, -112.005669137233",41.171837472716,-112.005669137233,US Census Geocoder,Non_Exact,"5101 1050 WEST ST, RIVERDALE, UT, 84405"
490063000383,UT-19-19120,4900630,UT-19,PK,06,Goshen School,Nebo District,Utah County,60 N CENTER,GOSHEN,UT,84633,,(801)667-3361,42,"Rural, Distant",No,327.00000,13.05000,25.0600000,104.00000,28.00000,–,Regular,Open,"39.951585257683, -111.90033520944",39.951585257683,-111.90033520944,US Census Geocoder,Non_Exact,"60 S CENTER ST, GOSHEN, UT, 84633"
490033000191,UT-11-11704,4900330,UT-11,09,12,Grand County High,Grand District,Grand County,608 S 400 E,MOAB,UT,84532,,(435)259-8931,33,"Town, Remote",No,469.00000,30.69000,15.2800000,150.00000,23.00000,–,Regular,Open,"38.562749324814, -109.542954795626",38.562749324814,-109.542954795626,US Census Geocoder,Exact,"608 S 400 E, MOAB, UT, 84532"
490033000192,UT-11-11404,4900330,UT-11,07,08,Grand County Middle,Grand District,Grand County,439 S 100 E,MOAB,UT,84532,,(435)259-7158,33,"Town, Remote",No,221.00000,13.38000,16.5200000,92.00000,12.00000,–,Regular,Open,"38.566867797671, -109.548741797745",38.566867797671,-109.548741797745,US Census Geocoder,Exact,"439 S 100 E, MOAB, UT, 84532"
490036000218,UT-12-12708,4900360,UT-12,08,12,Granger High,Granite District,Salt Lake County,3690 S 3600 W,WEST VALLEY CITY,UT,84119,,(385)646-5320,21,"Suburban, Large",No,3267.00000,128.70000,25.3800000,1615.00000,299.00000,–,Regular,Open,"40.69157661243, -111.977150321381",40.69157661243,-111.977150321381,US Census Geocoder,Exact,"3690 S 3600 W, WEST VALLEY CITY, UT, 84119"
490036000219,UT-12-12128,4900360,UT-12,PK,06,Granger School,Granite District,Salt Lake County,3702 S 1950 W,WEST VALLEY CITY,UT,84119,,(385)646-4852,21,"Suburban, Large",No,716.00000,33.00000,21.7000000,288.00000,66.00000,–,Regular,Open,"40.690982698949, -111.943711732777",40.690982698949,-111.943711732777,US Census Geocoder,Exact,"3702 S 1950 W, WEST VALLEY CITY, UT, 84119"
490036000220,UT-12-12740,4900360,UT-12,KG,12,Granite Connection High,Granite District,Salt Lake County,501 E 3900 S,SALT LAKE CITY,UT,84107,,(385)646-5435,21,"Suburban, Large",No,541.00000,37.03000,14.6100000,300.00000,34.00000,–,Other/Alternative,Open,"40.687116265634, -111.876910217141",40.687116265634,-111.876910217141,US Census Geocoder,Exact,"501 E 3900 S, SALT LAKE CITY, UT, 84107"
490036000223,UT-12-12416,4900360,UT-12,06,08,Granite Park Jr High,Granite District,Salt Lake County,3031 S 200 E,SALT LAKE CITY,UT,84115,,(385)646-5174,21,"Suburban, Large",No,800.00000,38.04000,21.0300000,515.00000,42.00000,–,Regular,Open,"40.704693264328, -111.885383693008",40.704693264328,-111.885383693008,US Census Geocoder,Exact,"3031 S 200 E, SALT LAKE CITY, UT, 84115"
490036001478,UT-12-12901,4900360,UT-12,PK,PK,Granite Preschool,Granite District,Salt Lake County,2500 S State St.,SALT LAKE CITY,UT,84115,,(385)646-4672,21,"Suburban, Large",No,0.00000,0.00000,†,†,†,†,Regular,Open,"40.716224671871, -111.888324863923",40.716224671871,-111.888324863923,US Census Geocoder,Exact,"2500 S STATE ST, SALT LAKE CITY, UT, 84115"
490014200304,UT-42-42130,4900142,UT-42,KG,05,Granite School,Canyons District,Salt Lake County,9760 S 3100 E,SANDY,UT,84092,,(801)826-8575,21,"Suburban, Large",No,303.00000,17.00000,17.8200000,32.00000,2.00000,–,Regular,Open,"40.574015681392, -111.805655238698",40.574015681392,-111.805655238698,US Census Geocoder,Exact,"9760 S 3100 E, SANDY, UT, 84092"
490036001119,UT-12-12775,4900360,UT-12,07,12,Granite Technical Institute,Granite District,Salt Lake County,2500 S STATE,SALT LAKE CITY,UT,84115,,(385)646-4350,21,"Suburban, Large",No,86.00000,37.23000,2.3100000,17.00000,2.00000,–,Vocational,Open,"40.716224671871, -111.888324863923",40.716224671871,-111.888324863923,US Census Geocoder,Non_Exact,"2500 S STATE ST, SALT LAKE CITY, UT, 84115"
490060000368,UT-40-40112,4900600,UT-40,KG,06,Grant School,Murray District,Salt Lake County,662 W 6140 S,MURRAY,UT,84123,,(801)264-7416,13,"City, Small",No,322.00000,15.50000,20.7700000,71.00000,8.00000,–,Regular,Open,"40.6378314, -111.9082613",40.6378314,-111.9082613,OpenStreetMap Nominatim,Fallback,"Grant Elementary School, 662, Bulldog Circle, Murray, Salt Lake County, Utah, 84123, United States"
490105000566,UT-30-30708,4901050,UT-30,09,12,Grantsville High,Tooele District,Tooele County,155 E CHERRY ST,GRANTSVILLE,UT,84029,,(435)884-4500,32,"Town, Distant",No,1094.00000,51.55000,21.2200000,106.00000,38.00000,–,Regular,Open,"40.595183730563, -112.468089709806",40.595183730563,-112.468089709806,US Census Geocoder,Non_Exact,"155 W CHERRY ST, GRANTSVILLE, UT, 84029"
490105000784,UT-30-30308,4901050,UT-30,07,08,Grantsville Jr High,Tooele District,Tooele County,318 S HALE,GRANTSVILLE,UT,84029,,(435)884-4510,41,"Rural, Fringe",No,550.00000,28.26000,19.4600000,92.00000,22.00000,–,Regular,Open,"40.591441102902, -112.463951123464",40.591441102902,-112.463951123464,US Census Geocoder,Non_Exact,"318 S HALE ST, GRANTSVILLE, UT, 84029"
490105000567,UT-30-30108,4901050,UT-30,PK,06,Grantsville School,Tooele District,Tooele County,50 S PARK ST,GRANTSVILLE,UT,84029,,(435)884-9991,32,"Town, Distant",No,695.00000,31.50000,22.0600000,113.00000,34.00000,–,Regular,Open,"40.597925354728, -112.46714000952",40.597925354728,-112.46714000952,US Census Geocoder,Non_Exact,"50 PARK ST, GRANTSVILLE, UT, 84029"
490120000616,UT-35-35111,4901200,UT-35,KG,06,Green Acres School,Weber District,Weber County,640 E 1900 N,OGDEN,UT,84414,,(801)452-4420,21,"Suburban, Large",No,496.00000,23.00000,21.5700000,77.00000,33.00000,–,Regular,Open,"41.293124797135, -111.961670072426",41.293124797135,-111.961670072426,US Census Geocoder,Exact,"640 E 1900 N, OGDEN, UT, 84414"
490012001512,UT-04-04703,4900120,UT-04,08,12,Green Canyon High School,Cache District,Cache County,2960 N. Wolf Pack Way,NORTH LOGAN,UT,84341,,(435)792-9300,22,"Suburban, Midsize",No,1677.00000,67.20000,24.9600000,239.00000,95.00000,–,Regular,Open,"41.7855918, -111.8286626",41.7855918,-111.8286626,OpenStreetMap Nominatim,Fallback,"Green Canyon High School, 2960, Wolf Pack Way, North Logan, Cache County, Utah, 84341, United States"
490027000179,UT-09-09704,4900270,UT-09,07,12,Green River High,Emery District,Emery County,P.O. BOX 450,GREEN RIVER,UT,84525,,(435)564-3461,43,"Rural, Remote",No,83.00000,9.11000,9.1100000,45.00000,4.00000,–,Regular,Open,"38.9952294, -110.1617250",38.9952294,-110.1617250,OpenStreetMap Nominatim,Fallback,"Green River, Emery County, Utah, 84525, United States"
490012000139,UT-04-04118,4900120,UT-04,PK,06,Greenville School,Cache District,Cache County,2450 N 400 E,NORTH LOGAN,UT,84341,,(435)750-7888,22,"Suburban, Midsize",No,527.00000,23.46000,22.4600000,152.00000,61.00000,–,Regular,Open,"41.776888114892, -111.822881572312",41.776888114892,-111.822881572312,US Census Geocoder,Exact,"2450 N 400 E, NORTH LOGAN, UT, 84341"
490017701468,UT-7J-7J100,4900177,UT-7J,KG,08,Greenwood Charter School,Greenwood Charter School,Weber County,840 North Highway 89,OGDEN,UT,84404,,(801)590-2972,21,"Suburban, Large",Yes,354.00000,23.60000,15.0000000,142.00000,49.00000,–,Regular,Open,"41.273244288375, -111.979807185417",41.273244288375,-111.979807185417,US Census Geocoder,Non_Exact,"840 US HWY 89, OGDEN, UT, 84404"
490003000012,UT-01-01132,4900030,UT-01,PK,06,Greenwood School,Alpine District,Utah County,50 E 200 S,AMERICAN FORK,UT,84003,,(801)610-8708,21,"Suburban, Large",No,713.00000,32.64000,21.8400000,185.00000,43.00000,–,Regular,Open,"40.37263620837, -111.797273815542",40.37263620837,-111.797273815542,US Census Geocoder,Exact,"50 E 200 S, AMERICAN FORK, UT, 84003"
490009000054,UT-03-03140,4900090,UT-03,KG,06,Grouse Creek Elementary,Box Elder District,Box Elder County,1 W BUCKAROO BLVD,GROUSE CREEK,UT,84313,,(435)515-5211,43,"Rural, Remote",No,8.00000,1.00000,8.0000000,‡,‡,–,Regular,Open,,,,,,
490009000915,UT-03-03710,4900090,UT-03,07,10,Grouse Creek Secondary,Box Elder District,Box Elder County,1 W BUCKAROO BLVD,GROUSE CREEK,UT,84313,,(435)515-5211,43,"Rural, Remote",No,1.00000,0.00000,†,†,†,†,Regular,Open,,,,,,
490003000013,UT-01-01136,4900030,UT-01,PK,06,Grovecrest School,Alpine District,Utah County,1037 Noth 300 East,PLEASANT GROVE,UT,84062,,(801)610-8109,21,"Suburban, Large",No,684.00000,26.16000,26.1500000,133.00000,28.00000,–,Regular,Open,"40.374706817964, -111.735762761155",40.374706817964,-111.735762761155,US Census Geocoder,Non_Exact,"1037 N 300 E, PLEASANT GROVE, UT, 84062"
490007201174,UT-1E-1E100,4900072,UT-1E,PK,06,Guadalupe School,Guadalupe School,Salt Lake County,1385 N 1200 W,SALT LAKE CITY,UT,84116,,(801)531-6100,12,"City, Midsize",Yes,390.00000,12.00000,32.5000000,283.00000,66.00000,–,Regular,Open,"40.798771179748, -111.925630614154",40.798771179748,-111.925630614154,US Census Geocoder,Exact,"1385 N 1200 W, SALT LAKE CITY, UT, 84116"
490096000550,UT-27-27704,4900960,UT-27,09,12,Gunnison Valley High,South Sanpete District,Sanpete County,PO BOX 460,GUNNISON,UT,84634,,(435)528-7256,43,"Rural, Remote",No,319.00000,21.89000,14.5700000,91.00000,37.00000,–,Regular,Open,"39.1429864, -111.8168159",39.1429864,-111.8168159,OpenStreetMap Nominatim,Fallback,"Gunnison Valley High School, 600 South, Gunnison, Sanpete County, Utah, 84634, United States"
490096000668,UT-27-27302,4900960,UT-27,06,08,Gunnison Valley Middle,South Sanpete District,Sanpete County,PO BOX 1090,GUNNISON,UT,84634,,(435)528-5337,43,"Rural, Remote",No,262.00000,14.45000,18.1300000,79.00000,40.00000,–,Regular,Open,,,,,,
490096000551,UT-27-27112,4900960,UT-27,PK,05,Gunnison Valley School,South Sanpete District,Sanpete County,PO BOX 369,GUNNISON,UT,84634,,(435)528-7880,43,"Rural, Remote",No,584.00000,27.21000,21.4600000,216.00000,84.00000,–,Regular,Open,"39.1552391, -111.8182580",39.1552391,-111.8182580,OpenStreetMap Nominatim,Fallback,"Gunnison, Sanpete County, Utah, 84634, United States"
490021000108,UT-07-07114,4900210,UT-07,PK,06,H C Burton School,Davis District,Davis County,827 E 200 S,KAYSVILLE,UT,84037,,(801)402-3150,21,"Suburban, Large",No,687.00000,26.00000,26.4200000,53.00000,10.00000,–,Regular,Open,"41.031737668883, -111.919697089866",41.031737668883,-111.919697089866,US Census Geocoder,Exact,"827 E 200 S, KAYSVILLE, UT, 84037"
490120000617,UT-35-35110,4901200,UT-35,KG,06,H Guy Child School,Weber District,Weber County,655 E 5500 S,OGDEN,UT,84405,,(801)452-4140,21,"Suburban, Large",No,380.00000,19.49000,19.5000000,101.00000,33.00000,–,Regular,Open,"41.163064993087, -111.963492605236",41.163064993087,-111.963492605236,US Census Geocoder,Exact,"655 E 5500 S, OGDEN, UT, 84405"
490117000608,UT-34-34108,4901170,UT-34,PK,06,Hanksville School,Wayne District,Wayne County,P O BOX 69,HANKSVILLE,UT,84734,,(435)542-3291,43,"Rural, Remote",No,24.00000,1.10000,21.8200000,15.00000,4.00000,–,Regular,Open,"38.3720153, -110.7152111",38.3720153,-110.7152111,OpenStreetMap Nominatim,Fallback,"Hanksville School, Center Street, Hanksville, Wayne County, Utah, 84734, United States"
490003001614,UT-01-01101,4900030,UT-01,PK,06,Harbor Point Elementary,Alpine District,Utah County,4189 S Schooner Drive,SARATOGA SPRINGS,UT,84045,,(801)610-8400,41,"Rural, Fringe",No,735.00000,29.26000,25.1200000,93.00000,31.00000,–,Regular,Open,"40.286901044203, -111.872563578566",40.286901044203,-111.872563578566,US Census Geocoder,Exact,"4189 S SCHOONER DR, SARATOGA SPRINGS, UT, 84045"
490009000239,UT-03-03304,4900090,UT-03,06,07,Harris Intermediate,Box Elder District,Box Elder County,515 N HUSKY WAY,TREMONTON,UT,84337,,(435)515-5000,32,"Town, Distant",No,862.00000,36.61000,23.5500000,225.00000,75.00000,–,Regular,Open,"41.7168123, -112.1775446",41.7168123,-112.1775446,OpenStreetMap Nominatim,Fallback,"Alice C Harris Intermediate School, North 800 West, Archibald Estates, Tremonton, Box Elder County, Utah, 84312, United States"
490036000656,UT-12-12193,4900360,UT-12,PK,06,Harry S. Truman School,Granite District,Salt Lake County,4639 S 3200 W,WEST VALLEY CITY,UT,84119,,(385)646-5044,21,"Suburban, Large",No,317.00000,14.50000,21.8600000,121.00000,20.00000,–,Regular,Open,"40.669218273537, -111.967386451127",40.669218273537,-111.967386451127,US Census Geocoder,Exact,"4639 S 3200 W, WEST VALLEY CITY, UT, 84119"
490036000224,UT-12-12810,4900360,UT-12,KG,08,Hartvigsen School,Granite District,Salt Lake County,1510 W 5400 S,TAYLORSVILLE,UT,84123,,(385)646-4585,21,"Suburban, Large",No,76.00000,20.44000,3.7200000,30.00000,7.00000,–,Special Education,Open,"40.653141446806, -111.93437068938",40.653141446806,-111.93437068938,US Census Geocoder,Exact,"1510 W 5400 S, TAYLORSVILLE, UT, 84123"
490003001112,UT-01-01138,4900030,UT-01,PK,06,Harvest School,Alpine District,Utah County,2105 N PROVIDENCE DRIVE,SARATOGA SPRINGS,UT,84045,,(801)610-8709,21,"Suburban, Large",No,1031.00000,40.67000,25.3500000,94.00000,45.00000,–,Regular,Open,"40.401969868071, -111.931984365032",40.401969868071,-111.931984365032,US Census Geocoder,Exact,"2105 N PROVIDENCE DR, SARATOGA SPRINGS, UT, 84045"
490120001628,UT-35-35143,4901200,UT-35,KG,06,Haven Bay Elementary,Weber District,Weber County,5020 W 3300 S,WEST HAVEN,UT,84401,,(801)622-6270,21,"Suburban, Large",No,481.00000,20.84000,23.0800000,48.00000,15.00000,–,Regular,New,"41.205576237477, -112.100785084468",41.205576237477,-112.100785084468,US Census Geocoder,Exact,"5020 W 3300 S, WEST HAVEN, UT, 84401"
490013701493,UT-8F-8F110,4900137,UT-8F,KG,06,Hawthorn Academy South Jordan,Hawthorn Academy,Salt Lake County,1437 W 11400 S,SOUTH JORDAN,UT,84095,,(801)260-3040,21,"Suburban, Large",Yes,621.00000,31.00000,20.0300000,131.00000,30.00000,–,Regular,Open,"40.544137479817, -111.932626878565",40.544137479817,-111.932626878565,US Census Geocoder,Exact,"1437 W 11400 S, SOUTH JORDAN, UT, 84095"
490013701298,UT-8F-8F100,4900137,UT-8F,KG,09,Hawthorn Academy West Jordan,Hawthorn Academy,Salt Lake County,9062 S 2200 W,WEST JORDAN,UT,84088,,(801)282-9066,21,"Suburban, Large",Yes,743.00000,43.86000,16.9400000,147.00000,47.00000,–,Regular,Open,"40.58660569453, -111.948309067559",40.58660569453,-111.948309067559,US Census Geocoder,Exact,"9062 S 2200 W, WEST JORDAN, UT, 84088"
490042000655,UT-14-14131,4900420,UT-14,KG,06,Hayden Peak School,Jordan District,Salt Lake County,5120 W HAYDEN PEAK DR,WEST JORDAN,UT,84081,,(801)280-0722,21,"Suburban, Large",No,723.00000,32.50000,22.2500000,154.00000,68.00000,–,Regular,Open,"40.6051437, -112.0132552",40.6051437,-112.0132552,OpenStreetMap Nominatim,Fallback,"Hayden Peak Elementary School, Barneys Creek Trail, West Jordan, Salt Lake County, Utah, 84081, United States"
490036001237,UT-12-12610,4900360,UT-12,PK,KG,Headstart Preschool Special Education,Granite District,Salt Lake County,2500 S STATE ST,SALT LAKE CITY,UT,84115,,(385)646-4672,21,"Suburban, Large",No,2.00000,26.50000,0.0800000,†,†,†,Special Education,Open,"40.716224671871, -111.888324863923",40.716224671871,-111.888324863923,US Census Geocoder,Exact,"2500 S STATE ST, SALT LAKE CITY, UT, 84115"
490042000873,UT-14-14132,4900420,UT-14,KG,06,Heartland School,Jordan District,Salt Lake County,1451 W 7000 S,WEST JORDAN,UT,84084,,(801)565-7533,21,"Suburban, Large",No,403.00000,28.75000,14.0200000,224.00000,42.00000,–,Regular,Open,"40.624020310304, -111.933217725397",40.624020310304,-111.933217725397,US Census Geocoder,Exact,"1451 W 7000 S, WEST JORDAN, UT, 84084"
490111000499,UT-32-32106,4901110,UT-32,PK,05,Heber Valley School,Wasatch District,Wasatch County,730 S 600 W,HEBER CITY,UT,84032,,(435)654-0112,32,"Town, Distant",No,561.00000,35.25000,15.9100000,204.00000,40.00000,–,Regular,Open,"40.505635369595, -111.423230182247",40.505635369595,-111.423230182247,US Census Geocoder,Exact,"730 S 600 W, HEBER CITY, UT, 84032"
490033000893,UT-11-11106,4900330,UT-11,KG,06,Helen M. Knight School,Grand District,Grand County,505 N MIVIDA DR,MOAB,UT,84532,,(435)259-7350,33,"Town, Remote",No,686.00000,36.41000,18.8400000,259.00000,46.00000,–,Regular,Open,"38.5833826, -109.5566500",38.5833826,-109.5566500,OpenStreetMap Nominatim,Fallback,"Mivida Drive, Moab, Grand County, Utah, 84532, United States"
490015000092,UT-05-05408,4900150,UT-05,06,08,Helper Middle,Carbon District,Carbon County,151 UINTAH ST,HELPER,UT,84526,,(435)472-5441,33,"Town, Remote",No,199.00000,12.49000,15.9300000,83.00000,13.00000,–,Regular,Open,"39.689588291661, -110.85912167218",39.689588291661,-110.85912167218,US Census Geocoder,Exact,"151 UINTAH ST, HELPER, UT, 84526"
490114000606,UT-33-33120,4901140,UT-33,PK,05,Heritage School,Washington District,Washington County,747 E RIVERSIDE DR,SAINT GEORGE,UT,84790,,(435)628-4427,12,"City, Midsize",No,526.00000,24.80000,21.2100000,213.00000,51.00000,–,Regular,Open,"37.08694024213, -113.566748606838",37.08694024213,-113.566748606838,US Census Geocoder,Exact,"747 E RIVERSIDE DR, SAINT GEORGE, UT, 84790"
490021000759,UT-07-07157,4900210,UT-07,PK,06,Heritage School,Davis District,Davis County,1354 W WEAVER LANE,LAYTON,UT,84041,,(801)402-1200,21,"Suburban, Large",No,623.00000,31.61000,19.7100000,48.00000,6.00000,–,Regular,Open,"41.044472318697, -111.991248063719",41.044472318697,-111.991248063719,US Census Geocoder,Non_Exact,"1354 WEAVER LN, LAYTON, UT, 84041"
490072001280,UT-37-37119,4900720,UT-37,PK,06,Heritage School,Ogden City District,Weber County,373 S 150 W,OGDEN,UT,84404,,(801)737-8000,13,"City, Small",No,647.00000,34.00000,19.0300000,336.00000,54.00000,–,Regular,Open,"41.256790415016, -111.980080393069",41.256790415016,-111.980080393069,US Census Geocoder,Exact,"373 S 150 W, OGDEN, UT, 84404"
490012001379,UT-04-04120,4900120,UT-04,PK,06,Heritage School,Cache District,Cache County,925 W 3200 S,NIBLEY,UT,84321,,(435)792-7696,22,"Suburban, Midsize",No,724.00000,31.71000,22.8300000,92.00000,59.00000,–,Regular,Open,"41.675004857404, -111.854218264843",41.675004857404,-111.854218264843,US Census Geocoder,Exact,"925 W 3200 S, NIBLEY, UT, 84321"
490042001338,UT-14-14707,4900420,UT-14,10,12,Herriman High,Jordan District,Salt Lake County,11917 S 6000 W,HERRIMAN,UT,84096,,(801)567-8530,21,"Suburban, Large",No,2522.00000,100.39000,25.1200000,338.00000,110.00000,–,Regular,Open,"40.535234036472, -112.03290810347",40.535234036472,-112.03290810347,US Census Geocoder,Exact,"11917 S 6000 W, HERRIMAN, UT, 84096"
490042000657,UT-14-14136,4900420,UT-14,KG,06,Herriman School,Jordan District,Salt Lake County,13170 S 6000 W,HERRIMAN,UT,84096,,(801)446-3215,21,"Suburban, Large",No,679.00000,34.00000,19.9700000,66.00000,45.00000,–,Regular,Open,"40.512058669654, -112.034026172724",40.512058669654,-112.034026172724,US Census Geocoder,Exact,"13170 S 6000 W, HERRIMAN, UT, 84096"
490003001200,UT-01-01139,4900030,UT-01,PK,06,Hidden Hollow School,Alpine District,Utah County,7447 North Hidden Valley Parkway,EAGLE MOUNTAIN,UT,84005,,(801)610-8721,41,"Rural, Fringe",No,943.00000,38.97000,24.2000000,158.00000,61.00000,–,Regular,Open,"40.3544908, -111.9932611",40.3544908,-111.9932611,OpenStreetMap Nominatim,Fallback,"Hidden Hollow Elementary School, East Juniper Springs Lane, Eagle Mountain, Utah County, Utah, 84005, United States"
490042001541,UT-14-14421,4900420,UT-14,07,09,Hidden Valley Middle,Jordan District,Salt Lake County,15410 S Harmon Day Dr.,BLUFFDALE,UT,84065,,(801)412-1050,41,"Rural, Fringe",No,935.00000,39.95000,23.4000000,140.00000,43.00000,–,Regular,Open,"40.4716247, -111.9296425",40.4716247,-111.9296425,OpenStreetMap Nominatim,Fallback,"Hidden Valley Middle School, 15410, Harmon Day Drive, Bluffdale, Salt Lake County, Utah, 84065, United States"
490087000496,UT-36-36708,4900870,UT-36,09,12,Highland High,Salt Lake District,Salt Lake County,2166 S 1700 E,SALT LAKE CITY,UT,84106,,(801)484-4343,12,"City, Midsize",No,1973.00000,84.94000,23.2300000,499.00000,75.00000,–,Regular,Open,"40.725018083626, -111.842002481541",40.725018083626,-111.842002481541,US Census Geocoder,Exact,"2166 S 1700 E, SALT LAKE CITY, UT, 84106"
490072001294,UT-37-37409,4900720,UT-37,07,09,Highland Junior High,Ogden City District,Weber County,325 GRAMERCY AVE,OGDEN,UT,84404,,(801)737-7700,13,"City, Small",No,649.00000,35.41000,18.3300000,428.00000,17.00000,–,Regular,Open,"41.257450657666, -111.957448525813",41.257450657666,-111.957448525813,US Census Geocoder,Exact,"325 GRAMERCY AVE, OGDEN, UT, 84404"
490087000497,UT-36-36180,4900870,UT-36,KG,06,Highland Park School,Salt Lake District,Salt Lake County,1738 E 2700 S,SALT LAKE CITY,UT,84106,,(801)481-4833,12,"City, Midsize",No,478.00000,27.13000,17.6200000,78.00000,16.00000,–,Regular,Open,"40.712651668574, -111.840946191895",40.712651668574,-111.840946191895,US Census Geocoder,Exact,"1738 E 2700 S, SALT LAKE CITY, UT, 84106"
490003000672,UT-01-01140,4900030,UT-01,PK,06,Highland School,Alpine District,Utah County,10865 N 6000 W,HIGHLAND,UT,84003,,(801)610-8710,21,"Suburban, Large",No,585.00000,25.66000,22.8000000,62.00000,11.00000,–,Regular,Open,"40.42788073231, -111.802140008253",40.42788073231,-111.802140008253,US Census Geocoder,Exact,"10865 N 6000 W, HIGHLAND, UT, 84003"
490015601415,UT-5H-5H100,4900156,UT-5H,KG,09,Highmark Charter School,Highmark Charter School,Davis County,2467 EAST SOUTH WEBER DRIVE,SOUTH WEBER,UT,84405,,(801)476-4627,21,"Suburban, Large",Yes,668.00000,36.69000,18.2100000,4.00000,0.00000,–,Regular,Open,"41.126741504211, -111.915681882355",41.126741504211,-111.915681882355,US Census Geocoder,Exact,"2467 E SOUTH WEBER DR, SOUTH WEBER, UT, 84405"
490021000122,UT-07-07135,4900210,UT-07,PK,06,Hill Field School,Davis District,Davis County,389 S 1000 E,CLEARFIELD,UT,84015,,(801)402-2350,21,"Suburban, Large",No,470.00000,27.28000,17.2300000,73.00000,27.00000,–,Regular,Open,"41.110145837428, -112.006762137953",41.110145837428,-112.006762137953,US Census Geocoder,Exact,"389 S 1000 E, CLEARFIELD, UT, 84015"
490014200305,UT-42-42706,4900142,UT-42,08,12,Hillcrest High,Canyons District,Salt Lake County,7350 S 900 E,MIDVALE,UT,84047,,(801)826-6000,21,"Suburban, Large",No,2421.00000,98.41000,24.6000000,742.00000,124.00000,–,Regular,Open,"40.618626017868, -111.866135424946",40.618626017868,-111.866135424946,US Census Geocoder,Exact,"7350 S 900 E, MIDVALE, UT, 84047"
490060000369,UT-40-40404,4900600,UT-40,07,09,Hillcrest Jr High,Murray District,Salt Lake County,178 E. 5300 S.,MURRAY,UT,84107,,(801)264-7442,13,"City, Small",No,696.00000,31.94000,21.7900000,283.00000,39.00000,–,Regular,Open,"40.656041678419, -111.885949897723",40.656041678419,-111.885949897723,US Census Geocoder,Exact,"178 E 5300 S, MURRAY, UT, 84107"
490051000350,UT-39-39124,4900510,UT-39,KG,05,Hillcrest School,Logan City District,Cache County,960 N 1400 E,LOGAN,UT,84321,,(435)755-2360,13,"City, Small",No,521.00000,25.52000,20.4200000,130.00000,53.00000,–,Regular,Open,"41.749002636054, -111.799415864945",41.749002636054,-111.799415864945,US Census Geocoder,Exact,"960 N 1400 E, LOGAN, UT, 84321"
490036000226,UT-12-12134,4900360,UT-12,PK,06,Hillsdale School,Granite District,Salt Lake County,3275 W 3100 S,WEST VALLEY CITY,UT,84119,,(385)646-4864,21,"Suburban, Large",No,548.00000,26.50000,20.6800000,240.00000,52.00000,–,Regular,Open,"40.703840679529, -111.96870833526",40.703840679529,-111.96870833526,US Census Geocoder,Exact,"3275 W 3100 S, WEST VALLEY CITY, UT, 84119"
490087000498,UT-36-36416,4900870,UT-36,07,08,Hillside Middle,Salt Lake District,Salt Lake County,1825 S NEVADA,SALT LAKE CITY,UT,84108,,(801)481-4828,12,"City, Midsize",No,485.00000,23.25000,20.8600000,104.00000,21.00000,–,Regular,Open,"40.730855511981, -111.823904671924",40.730855511981,-111.823904671924,US Census Geocoder,Non_Exact,"1825 S NEVADA ST, SALT LAKE CITY, UT, 84108"
490036000812,UT-12-12130,4900360,UT-12,PK,06,Hillside School,Granite District,Salt Lake County,4283 S 6000 W,WEST VALLEY CITY,UT,84128,,(385)646-4870,21,"Suburban, Large",No,470.00000,20.50000,22.9300000,173.00000,42.00000,–,Regular,Open,"40.677731871543, -112.034229711527",40.677731871543,-112.034229711527,US Census Geocoder,Exact,"4283 S 6000 W, WEST VALLEY CITY, UT, 84128"
490063000956,UT-19-19130,4900630,UT-19,PK,06,Hobble Creek School,Nebo District,Utah County,1145 E 1200 N,MAPLETON,UT,84664,,(801)489-2863,21,"Suburban, Large",No,453.00000,21.11000,21.4600000,36.00000,9.00000,–,Regular,Open,"40.141466580723, -111.564297433244",40.141466580723,-111.564297433244,US Census Geocoder,Exact,"1145 E 1200 N, MAPLETON, UT, 84664"
490021000124,UT-07-07134,4900210,UT-07,PK,06,Holbrook School,Davis District,Davis County,1018 E 250 N,BOUNTIFUL,UT,84010,,(801)402-1450,21,"Suburban, Large",No,536.00000,21.88000,24.5000000,58.00000,25.00000,–,Regular,Open,"40.89213131886, -111.860602909579",40.89213131886,-111.860602909579,US Census Geocoder,Exact,"1018 E 250 N, BOUNTIFUL, UT, 84010"
490021000709,UT-07-07137,4900210,UT-07,PK,06,Holt School,Davis District,Davis County,448 N 1000 W,CLEARFIELD,UT,84015,,(801)402-2400,21,"Suburban, Large",No,463.00000,20.84000,22.2200000,158.00000,53.00000,–,Regular,Open,"41.120698412054, -112.045192058677",41.120698412054,-112.045192058677,US Census Geocoder,Exact,"448 N 1000 W, CLEARFIELD, UT, 84015"
490120000618,UT-35-35112,4901200,UT-35,KG,06,Hooper School,Weber District,Weber County,5500 S 5900 W,HOOPER,UT,84315,,(801)452-4320,21,"Suburban, Large",No,516.00000,25.00000,20.6400000,71.00000,30.00000,–,Regular,Open,"41.163893640868, -112.122686054797",41.163893640868,-112.122686054797,US Census Geocoder,Exact,"5500 S 5900 W, HOOPER, UT, 84315"
490120001548,UT-35-35750,4901200,UT-35,06,12,Horizon Academy,Weber District,Weber County,955 W 12th Street,OGDEN,UT,84404,,(801)476-3924,21,"Suburban, Large",No,74.00000,6.92000,10.6900000,40.00000,4.00000,–,Other/Alternative,Open,"41.244452622416, -112.001950109796",41.244452622416,-112.001950109796,US Census Geocoder,Exact,"955 W 12TH ST, OGDEN, UT, 84404"
490021001660,UT-07-07415,4900210,UT-07,–,–,Horizon Junior High School,Davis District,Davis County,801 S 4500 West,WEST POINT,UT,84015,,(801)402-9100,21,"Suburban, Large",No,†,†,†,†,†,†,Regular,Future,"41.102614245856, -112.112585764718",41.102614245856,-112.112585764718,US Census Geocoder,Exact,"801 S 4500 W, WEST POINT, UT, 84015"
490060000771,UT-40-40116,4900600,UT-40,KG,06,Horizon School,Murray District,Salt Lake County,5180 S 700 W,MURRAY,UT,84123,,(801)264-7420,13,"City, Small",No,664.00000,32.00000,20.7500000,271.00000,61.00000,–,Regular,Open,"40.6589391, -111.9111846",40.6589391,-111.9111846,OpenStreetMap Nominatim,Fallback,"Horizon Elementary School, 5180, Glendon Street, Murray, Salt Lake County, Utah, 84123, United States"
490003001419,UT-01-01808,4900030,UT-01,PK,12,Horizon School,Alpine District,Utah County,682 W 210 N,SARATOGA SPRINGS,UT,84045,,(801)610-8728,21,"Suburban, Large",No,166.00000,12.03000,13.8000000,43.00000,3.00000,–,Special Education,Open,"40.3665125, -111.9326783",40.3665125,-111.9326783,OpenStreetMap Nominatim,Fallback,"Horizon School, West Marie Way, Saratoga Springs, Utah County, Utah, 84045, United States"
490114001133,UT-33-33145,4901140,UT-33,PK,05,Horizon School,Washington District,Washington County,1970 S ARABIAN WAY,WASHINGTON,UT,84780,,(435)652-4781,41,"Rural, Fringe",No,626.00000,28.99000,21.5900000,86.00000,52.00000,–,Regular,Open,"37.1042098, -113.4896865",37.1042098,-113.4896865,OpenStreetMap Nominatim,Fallback,"Horizon Elementary, Arabian Way, Washington Fields, Washington, Washington County, Utah, 84780, United States"
490087000732,UT-36-36750,4900870,UT-36,07,12,Horizonte Instruction & Training Center,Salt Lake District,Salt Lake County,1234 S MAIN ST,SALT LAKE CITY,UT,84101,,(801)578-8574,12,"City, Midsize",No,259.00000,24.64000,10.5100000,241.00000,3.00000,–,Other/Alternative,Open,"40.742546065465, -111.891150890088",40.742546065465,-111.891150890088,US Census Geocoder,Exact,"1234 S MAIN ST, SALT LAKE CITY, UT, 84101"
490036000229,UT-12-12137,4900360,UT-12,PK,06,Howard R. Driggs School,Granite District,Salt Lake County,4340 S 2700 E,SALT LAKE CITY,UT,84124,,(385)646-4810,21,"Suburban, Large",No,469.00000,17.50000,26.8000000,23.00000,5.00000,–,Regular,Open,"40.677204993396, -111.815061896758",40.677204993396,-111.815061896758,US Census Geocoder,Exact,"4340 S 2700 E, SALT LAKE CITY, UT, 84124"
490036000898,UT-12-12710,4900360,UT-12,09,12,Hunter High,Granite District,Salt Lake County,4200 S 5600 W,WEST VALLEY CITY,UT,84120,,(385)646-5360,21,"Suburban, Large",No,2480.00000,101.29000,24.4800000,1101.00000,215.00000,–,Regular,Open,"40.680683686489, -112.024809800777",40.680683686489,-112.024809800777,US Census Geocoder,Exact,"4200 S 5600 W, WEST VALLEY CITY, UT, 84120"
490036000829,UT-12-12418,4900360,UT-12,07,08,Hunter Jr High,Granite District,Salt Lake County,6131 W 3785 S,WEST VALLEY CITY,UT,84120,,(385)646-5184,21,"Suburban, Large",No,667.00000,30.16000,22.1200000,296.00000,54.00000,–,Regular,Open,"40.689602686483, -112.037461116422",40.689602686483,-112.037461116422,US Census Geocoder,Non_Exact,"6131 W 3785 S, WEST VALLEY CITY, UT, 84128"
490036000717,UT-12-12135,4900360,UT-12,PK,06,Hunter School,Granite District,Salt Lake County,4351 S 5400 W,WEST VALLEY CITY,UT,84120,,(385)646-4876,21,"Suburban, Large",No,480.00000,23.00000,20.8700000,156.00000,37.00000,–,Regular,Open,"40.675973240173, -112.019876973067",40.675973240173,-112.019876973067,US Census Geocoder,Exact,"4351 S 5400 W, WEST VALLEY CITY, UT, 84120"
490027000180,UT-09-09128,4900270,UT-09,PK,05,Huntington School,Emery District,Emery County,P O BOX 190,HUNTINGTON,UT,84528,,(435)687-9954,43,"Rural, Remote",No,224.00000,11.50000,19.4800000,91.00000,33.00000,–,Regular,Open,"39.3280243, -110.9629446",39.3280243,-110.9629446,OpenStreetMap Nominatim,Fallback,"Huntington Elementary School, 90, East 100 North, Huntington, Emery County, Utah, 84528, United States"
490114000601,UT-33-33716,4901140,UT-33,PK,12,Hurricane High,Washington District,Washington County,345 W TIGER BLVD,HURRICANE,UT,84737,,(435)635-3280,31,"Town, Fringe",No,1177.00000,44.26000,26.5900000,249.00000,74.00000,–,Regular,Open,"37.1750949, -113.2942898",37.1750949,-113.2942898,OpenStreetMap Nominatim,Fallback,"Tiger Boulevard, Hurricane, Washington County, Utah, 84745, United States"
490114001134,UT-33-33308,4901140,UT-33,PK,07,Hurricane Intermediate,Washington District,Washington County,1325 S 700 W,HURRICANE,UT,84737,,(435)635-8931,41,"Rural, Fringe",No,723.00000,31.68000,22.8200000,193.00000,78.00000,–,Regular,Open,"37.15535053415, -113.300638998401",37.15535053415,-113.300638998401,US Census Geocoder,Exact,"1325 S 700 W, HURRICANE, UT, 84737"
490114000702,UT-33-33408,4901140,UT-33,PK,09,Hurricane Middle,Washington District,Washington County,395 N 200 W,HURRICANE,UT,84737,,(435)635-4634,31,"Town, Fringe",No,780.00000,33.80000,23.0800000,182.00000,64.00000,–,Regular,Open,"37.182036738232, -113.291952508442",37.182036738232,-113.291952508442,US Census Geocoder,Exact,"395 N 200 W, HURRICANE, UT, 84737"
490114000602,UT-33-33112,4901140,UT-33,PK,05,Hurricane School,Washington District,Washington County,948 W 325 N,HURRICANE,UT,84737,,(435)635-4668,31,"Town, Fringe",No,611.00000,35.34000,17.2900000,161.00000,59.00000,–,Regular,Open,"37.181495354922, -113.30550010712",37.181495354922,-113.30550010712,US Census Geocoder,Exact,"948 W 325 N, HURRICANE, UT, 84737"
490105000569,UT-30-30116,4901050,UT-30,KG,06,Ibapah School,Tooele District,Tooele County,116 EAGLE'S NEST,IBAPAH,UT,84034,,(435)234-1113,43,"Rural, Remote",No,18.00000,2.00000,9.0000000,8.00000,8.00000,–,Regular,Open,"40.0366997, -113.9858840",40.0366997,-113.9858840,OpenStreetMap Nominatim,Fallback,"Ibapah Elementary School, 116, Eagle Nest Way, Ibapah, Tooele County, Utah, 84034, United States"
490019401509,UT-5L-5L300,4900194,UT-5L,KG,08,Ignite Entrepreneurship Academy,Ignite Entrepreneurship Academy,Utah County,1650 West Traverse Terrace,LEHI,UT,84043,,(801)901-8520,13,"City, Small",Yes,489.00000,23.83000,20.5200000,6.00000,0.00000,–,Regular,Open,"40.4369256, -111.8762339",40.4369256,-111.8762339,OpenStreetMap Nominatim,Fallback,"Ignite Entrepreneurship Academy, 1650, West Traverse Terrace Drive, Lehi, Utah County, Utah, 84043, United States"
490081000836,UT-38-38730,4900810,UT-38,05,12,Independence High,Provo District,Utah County,636 N INDEPENDENCE AVE,PROVO,UT,84601,,(801)374-4920,12,"City, Midsize",No,276.00000,19.80000,13.9400000,135.00000,16.00000,–,Other/Alternative,Open,"40.240880062093, -111.686931509504",40.240880062093,-111.686931509504,US Census Geocoder,Non_Exact,"636 INDEPENDENCE AVE, PROVO, UT, 84601"
490014200719,UT-42-42405,4900142,UT-42,06,08,Indian Hills Middle,Canyons District,Salt Lake County,1180 E SANDERS ROAD,SANDY,UT,84094,,(801)826-7100,21,"Suburban, Large",No,1072.00000,45.62000,23.5000000,130.00000,30.00000,–,Regular,Open,"40.540548814687, -111.858217723584",40.540548814687,-111.858217723584,US Census Geocoder,Non_Exact,"1180 SANDERS RD, SANDY, UT, 84094"
490087000502,UT-36-36184,4900870,UT-36,PK,06,Indian Hills School,Salt Lake District,Salt Lake County,2496 E SAINT MARYS DR,SALT LAKE CITY,UT,84108,,(801)584-2908,12,"City, Midsize",No,467.00000,22.00000,21.2300000,48.00000,15.00000,–,Regular,Open,"40.739091775449, -111.820763454269",40.739091775449,-111.820763454269,US Census Geocoder,Exact,"2496 E SAINT MARYS DR, SALT LAKE CITY, UT, 84108"
490087001422,UT-36-36748,4900870,UT-36,09,12,Innovations Early College High School,Salt Lake District,Salt Lake County,1633 SOUTH EDISON,SALT LAKE CITY,UT,84115,,(801)481-4946,12,"City, Midsize",No,157.00000,6.70000,23.4300000,66.00000,9.00000,–,Regular,Open,"40.733809332273, -111.886657155719",40.733809332273,-111.886657155719,US Census Geocoder,Non_Exact,"1633 S EDISON ST, SALT LAKE CITY, UT, 84115"
490003901129,UT-2C-2C600,4900039,UT-2C,07,12,InTech Collegiate Academy,InTech Collegiate Academy,Cache County,1301 N 600 West Ste 110,LOGAN,UT,84321,,(435)753-7377,13,"City, Small",Yes,196.00000,9.88000,19.8400000,42.00000,16.00000,–,Regular,Open,"41.755299121728, -111.849159640723",41.755299121728,-111.849159640723,US Census Geocoder,Exact,"1301 N 600 W, LOGAN, UT, 84321"
490039001240,UT-13-13150,4900390,UT-13,PK,PK,Iron County Preschool,Iron District,Iron County,638 W 500 S,CEDAR CITY,UT,84720,,(435)586-2801,33,"Town, Remote",No,172.00000,6.00000,28.6700000,†,†,†,Special Education,Open,"37.668417700862, -113.07207055565",37.668417700862,-113.07207055565,US Census Geocoder,Exact,"638 W 500 S, CEDAR CITY, UT, 84720"
490039001120,UT-13-13132,4900390,UT-13,KG,05,Iron Springs School,Iron District,Iron County,235 N 4050 W,CEDAR CITY,UT,84720,,(435)586-9485,33,"Town, Remote",No,636.00000,32.20000,19.7500000,150.00000,62.00000,–,Regular,Open,"37.681649792091, -113.132155107253",37.681649792091,-113.132155107253,US Census Geocoder,Exact,"235 N 4050 W, CEDAR CITY, UT, 84720"
490021001659,UT-07-07165,4900210,UT-07,KG,06,Island View Elementary,Davis District,Davis County,401 S 4500 West,WEST POINT,UT,84015,,(801)402-5000,21,"Suburban, Large",No,820.00000,28.53000,28.7400000,72.00000,13.00000,–,Regular,New,"41.108001460478, -112.112410539707",41.108001460478,-112.112410539707,US Census Geocoder,Exact,"401 S 4500 W, WEST POINT, UT, 84015"
490006700997,UT-A5-A5700,4900067,UT-A5,09,12,Itineris Early College High,Itineris Early College High,Salt Lake County,8714 Roy Del Circle,WEST JORDAN,UT,84088,,(385)800-2140,21,"Suburban, Large",Yes,366.00000,18.59000,19.6900000,86.00000,10.00000,–,Regular,Open,"40.5931272, -111.9747179",40.5931272,-111.9747179,OpenStreetMap Nominatim,Fallback,"Itineris Early College High School, 8714, Roy Del Circle, West Jordan, Salt Lake County, Utah, 84088, United States"
490111000788,UT-32-32110,4901110,UT-32,PK,05,J.R. Smith School,Wasatch District,Wasatch County,235 E 500 N,HEBER CITY,UT,84032,,(435)654-2201,41,"Rural, Fringe",No,633.00000,33.20000,19.0700000,182.00000,37.00000,–,Regular,Open,"40.514214328353, -111.409199747629",40.514214328353,-111.409199747629,US Census Geocoder,Exact,"235 E 500 N, HEBER CITY, UT, 84032"
490036000230,UT-12-12141,4900360,UT-12,PK,06,Jackling School,Granite District,Salt Lake County,3760 S 4610 W,WEST VALLEY CITY,UT,84120,,(385)646-4882,21,"Suburban, Large",No,415.00000,18.50000,22.4300000,159.00000,31.00000,–,Regular,Open,"40.670477740763, -111.980870798965",40.670477740763,-111.980870798965,US Census Geocoder,Non_Exact,"4610 S 3760 W, WEST VALLEY CITY, UT, 84120"
490036000231,UT-12-12139,4900360,UT-12,PK,06,James E. Moss School,Granite District,Salt Lake County,4399 S 500 E,SALT LAKE CITY,UT,84107,,(385)646-4930,21,"Suburban, Large",No,543.00000,21.50000,25.2600000,169.00000,15.00000,–,Regular,Open,"40.675627616364, -111.876899319622",40.675627616364,-111.876899319622,US Census Geocoder,Exact,"4399 S 500 E, SALT LAKE CITY, UT, 84107"
490006901377,UT-41-41421,4900069,UT-41,PK,12,Jean Massieu School for the Deaf,Utah Schools for the Deaf and the Blind,Salt Lake County,1655 E 3300 S,SALT LAKE CITY,UT,84106,,(801)302-1900,21,"Suburban, Large",No,147.00000,26.90000,5.4600000,32.00000,1.00000,–,Special Education,Open,"40.700003669832, -111.844936108764",40.700003669832,-111.844936108764,US Census Geocoder,Exact,"1655 E 3300 S, SALT LAKE CITY, UT, 84106"
490013901289,UT-1G-1G100,4900139,UT-1G,KG,06,Jefferson Academy,Jefferson Academy,Davis County,1425 S ANGEL ST,KAYSVILLE,UT,84037,,(801)593-8200,21,"Suburban, Large",Yes,502.00000,26.16000,19.1900000,46.00000,20.00000,–,Regular,Open,"41.014413711168, -111.95896277681",41.014413711168,-111.95896277681,US Census Geocoder,Exact,"1425 S ANGEL ST, KAYSVILLE, UT, 84037"
490075001423,UT-22-22158,4900750,UT-22,PK,PK,Jeremy Ranch Preschool,Park City District,Summit County,3050 RASMUSSEN RD,PARK CITY,UT,84098,,(435)645-5670,32,"Town, Distant",No,54.00000,0.00000,†,7.00000,0.00000,–,Special Education,Open,"40.753305830574, -111.569581334096",40.753305830574,-111.569581334096,US Census Geocoder,Exact,"3050 RASMUSSEN RD, PARK CITY, UT, 84098"
490075000197,UT-22-22112,4900750,UT-22,KG,05,Jeremy Ranch School,Park City District,Summit County,3050 RASMUSSEN RD,PARK CITY,UT,84098,,(435)645-5670,32,"Town, Distant",No,392.00000,29.00000,13.5200000,45.00000,2.00000,–,Regular,Open,"40.753305830574, -111.569581334096",40.753305830574,-111.569581334096,US Census Geocoder,Exact,"3050 RASMUSSEN RD, PARK CITY, UT, 84098"
490036000826,UT-12-12105,4900360,UT-12,PK,06,Jim Bridger School,Granite District,Salt Lake County,5368 W CYCLAMEN WAY,WEST JORDAN,UT,84084,,(385)646-4780,21,"Suburban, Large",No,340.00000,16.50000,20.6100000,111.00000,37.00000,–,Regular,Open,"40.635766791684, -112.018401605448",40.635766791684,-112.018401605448,US Census Geocoder,Non_Exact,"5368 CYCLAMEN WAY, WEST JORDAN, UT, 84081"
490042000816,UT-14-14406,4900420,UT-14,07,09,Joel P. Jensen Middle,Jordan District,Salt Lake County,8105 S 3200 W,WEST JORDAN,UT,84088,,(801)412-2850,21,"Suburban, Large",No,760.00000,38.82000,19.5800000,325.00000,54.00000,–,Regular,Open,"40.603283149552, -111.967254625254",40.603283149552,-111.967254625254,US Census Geocoder,Exact,"8105 S 3200 W, WEST JORDAN, UT, 84088"
490036000232,UT-12-12138,4900360,UT-12,PK,06,John C. Fremont School,Granite District,Salt Lake County,4249 S 1425 W,TAYLORSVILLE,UT,84123,,(385)646-4834,21,"Suburban, Large",No,374.00000,17.50000,21.3700000,99.00000,35.00000,–,Regular,Open,"40.677958076243, -111.934332765841",40.677958076243,-111.934332765841,US Census Geocoder,Non_Exact,"4249 1425 W, TAYLORSVILLE, UT, 84123"
490036000233,UT-12-12422,4900360,UT-12,06,08,John F. Kennedy Jr High,Granite District,Salt Lake County,4495 S 4800 W,WEST VALLEY CITY,UT,84120,,(385)646-5214,21,"Suburban, Large",No,772.00000,33.99000,22.7100000,419.00000,77.00000,–,Regular,Open,"40.672767436802, -112.005565208969",40.672767436802,-112.005565208969,US Census Geocoder,Exact,"4495 S 4800 W, WEST VALLEY CITY, UT, 84120"
490001400811,UT-93-93105,4900014,UT-93,KG,08,John Hancock Charter School,John Hancock Charter School,Utah County,125 N 100 E,PLEASANT GROVE,UT,84062,,(801)796-5646,21,"Suburban, Large",Yes,179.00000,14.30000,12.5200000,37.00000,5.00000,–,Regular,Open,"40.365413860876, -111.738920893941",40.365413860876,-111.738920893941,US Census Geocoder,Exact,"125 N 100 E, PLEASANT GROVE, UT, 84062"
490001401653,UT-93-93110,4900014,UT-93,KG,08,John Hancock Charters School Eagle Mountain,John Hancock Charter School,Utah County,125 North 100 East,PLEASANT GROVE,UT,84062,,(801)796-5646,41,"Rural, Fringe",Yes,864.00000,48.62000,17.7700000,100.00000,68.00000,–,Regular,Open,"40.365413860876, -111.738920893941",40.365413860876,-111.738920893941,US Census Geocoder,Exact,"125 N 100 E, PLEASANT GROVE, UT, 84062"
490042001495,UT-14-14744,4900420,UT-14,10,12,Jordan Academy for Technology & Careers South,Jordan District,Salt Lake County,12723 South Park Avenue,RIVERTON,UT,84065,,(801)256-5900,21,"Suburban, Large",No,0.00000,9.51000,†,†,†,†,Vocational,Open,"40.520459764494, -111.945848176111",40.520459764494,-111.945848176111,US Census Geocoder,Exact,"12723 S PARK AVE, RIVERTON, UT, 84065"
490042001186,UT-14-14741,4900420,UT-14,09,12,Jordan Academy for Technology and Careers - North,Jordan District,Salt Lake County,9301 S WIGHTS FORT RD,WEST JORDAN,UT,84088,,(801)256-5900,21,"Suburban, Large",No,0.00000,15.61000,†,†,†,†,Vocational,Open,"40.584929150119, -111.973315585093",40.584929150119,-111.973315585093,US Census Geocoder,Exact,"9301 S WIGHTS FORT RD, WEST JORDAN, UT, 84088"
490014200307,UT-42-42708,4900142,UT-42,08,12,Jordan High,Canyons District,Salt Lake County,95 E BEETDIGGER BLVD,SANDY,UT,84070,,(801)826-6200,21,"Suburban, Large",No,1820.00000,79.19000,22.9800000,525.00000,95.00000,–,Regular,Open,"40.572762279528, -111.890759307523",40.572762279528,-111.890759307523,US Census Geocoder,Exact,"95 E BEETDIGGER BLVD, SANDY, UT, 84070"
490042000523,UT-14-14134,4900420,UT-14,KG,06,Jordan Hills School,Jordan District,Salt Lake County,8892 S 4800 W,WEST JORDAN,UT,84088,,(801)280-0238,21,"Suburban, Large",No,631.00000,29.20000,21.6100000,114.00000,42.00000,–,Regular,Open,"40.589958311507, -112.005257214562",40.589958311507,-112.005257214562,US Census Geocoder,Exact,"8892 S 4800 W, WEST JORDAN, UT, 84088"
490042000874,UT-14-14133,4900420,UT-14,KG,06,Jordan Ridge School,Jordan District,Salt Lake County,2636 W 9800 S,SOUTH JORDAN,UT,84095,,(801)254-8025,21,"Suburban, Large",No,637.00000,28.80000,22.1200000,103.00000,27.00000,–,Regular,Open,"40.573311284572, -111.956558632207",40.573311284572,-111.956558632207,US Census Geocoder,Exact,"2636 W 9800 S, SOUTH JORDAN, UT, 84095"
490014200309,UT-42-42810,4900142,UT-42,KG,12,Jordan Valley School,Canyons District,Salt Lake County,7501 S 1000 E,MIDVALE,UT,84047,,(801)826-7200,21,"Suburban, Large",No,79.00000,12.00000,6.5800000,24.00000,1.00000,–,Special Education,Open,"40.6147984, -111.8613963",40.6147984,-111.8613963,OpenStreetMap Nominatim,Fallback,"Jordan Valley School, 1000 East, Midvale, Salt Lake County, Utah, 84127, United States"
490045000334,UT-15-15704,4900450,UT-15,09,12,Juab High,Juab District,Juab County,802 N 650 E,NEPHI,UT,84648,,(435)623-1764,32,"Town, Distant",No,897.00000,35.00000,25.6300000,123.00000,36.00000,–,Regular,Open,"39.7204478, -111.8229274",39.7204478,-111.8229274,OpenStreetMap Nominatim,Fallback,"Juab High School, 700 North, Nephi, Juab County, Utah, 84648, United States"
490045000952,UT-15-15304,4900450,UT-15,06,08,Juab Jr High,Juab District,Juab County,555 E 800 N,NEPHI,UT,84648,,(435)623-1541,32,"Town, Distant",No,629.00000,30.07000,20.9200000,112.00000,41.00000,–,Regular,Open,"39.716608215546, -111.821046153214",39.716608215546,-111.821046153214,US Census Geocoder,Non_Exact,"555 N 800 E, NEPHI, UT, 84648"
490042001643,UT-14-14189,4900420,UT-14,04,06,Juniper,Jordan District,Salt Lake County,13922 S 4600 W,HERRIMAN,UT,84096,,(801)567-8100,21,"Suburban, Large",No,544.00000,22.00000,24.7300000,140.00000,49.00000,–,Regular,New,"40.4846351, -111.9966738",40.4846351,-111.9966738,OpenStreetMap Nominatim,Fallback,"Juniper Canyon Detention Basin 3, Herriman, Salt Lake County, Utah, United States"
490048001644,UT-16-16740,4900480,UT-16,11,12,Kanab CTE Center,Kane District,Kane County,41 West 100 North,KANAB,UT,84741,,(435)644-6112,43,"Rural, Remote",No,0.00000,0.00000,†,†,†,†,Vocational,New,"37.049131090942, -112.530756106595",37.049131090942,-112.530756106595,US Census Geocoder,Non_Exact,"41 N 100 W, KANAB, UT, 84741"
490048000339,UT-16-16704,4900480,UT-16,09,12,Kanab High,Kane District,Kane County,59 E COWBOY DR,KANAB,UT,84741,,(435)644-5821,43,"Rural, Remote",No,322.00000,15.43000,20.8700000,39.00000,22.00000,–,Regular,Open,"37.0376054, -112.5286752",37.0376054,-112.5286752,OpenStreetMap Nominatim,Fallback,"Kanab High School, 40, Kanab, Kane County, Utah, 84741, United States"
490048000796,UT-16-16310,4900480,UT-16,07,08,Kanab Middle,Kane District,Kane County,690 S COWBOY WAY,KANAB,UT,84741,,(435)644-5809,43,"Rural, Remote",No,160.00000,8.56000,18.6900000,37.00000,18.00000,–,Regular,Open,"37.035843247342, -112.529488187347",37.035843247342,-112.529488187347,US Census Geocoder,Non_Exact,"690 S COWBOY WAY W, KANAB, UT, 84741"
490048000340,UT-16-16116,4900480,UT-16,KG,06,Kanab School,Kane District,Kane County,41 W 100 N,KANAB,UT,84741,,(435)644-2329,43,"Rural, Remote",No,523.00000,24.45000,21.3900000,140.00000,78.00000,–,Regular,Open,"37.049131090942, -112.530756106595",37.049131090942,-112.530756106595,US Census Geocoder,Non_Exact,"41 N 100 W, KANAB, UT, 84741"
490048001258,UT-16-16100,4900480,UT-16,PK,PK,Kane Preschool,Kane District,Kane County,746 S 175 E,KANAB,UT,84741,,(435)644-2555,43,"Rural, Remote",No,73.00000,0.70000,104.2900000,17.00000,4.00000,–,Special Education,Open,"37.035122516429, -112.526917149183",37.035122516429,-112.526917149183,US Census Geocoder,Exact,"746 S 175 E, KANAB, UT, 84741"
490120000619,UT-35-35114,4901200,UT-35,KG,06,Kanesville School,Weber District,Weber County,3112 S 3500 W,WEST HAVEN,UT,84401,,(801)452-4680,21,"Suburban, Large",No,720.00000,30.49000,23.6100000,123.00000,25.00000,–,Regular,Open,"41.209465586288, -112.064087168813",41.209465586288,-112.064087168813,US Census Geocoder,Exact,"3112 S 3500 W, WEST HAVEN, UT, 84401"
490005601175,UT-2E-2E700,4900056,UT-2E,07,12,Karl G. Maeser Preparatory Academy,Karl G. Maeser Preparatory Academy,Utah County,320 W 600 S,LINDON,UT,84042,,(801)235-9000,21,"Suburban, Large",Yes,656.00000,37.28000,17.6000000,50.00000,0.00000,–,Regular,Open,"40.343186062242, -111.729348370384",40.343186062242,-111.729348370384,US Census Geocoder,Non_Exact,"320 N 600 W, LINDON, UT, 84042"
490042001336,UT-14-14830,4900420,UT-14,KG,12,Kauri Sue Hamilton,Jordan District,Salt Lake County,2827 W 13400 S,RIVERTON,UT,84065,,(801)567-8500,21,"Suburban, Large",No,286.00000,29.19000,9.8000000,98.00000,14.00000,–,Special Education,Open,"40.507748700803, -111.960101504865",40.507748700803,-111.960101504865,US Census Geocoder,Exact,"2827 W 13400 S, RIVERTON, UT, 84065"
490021001505,UT-07-07170,4900210,UT-07,PK,06,Kay's Creek Elementary,Davis District,Davis County,2260 W Island Dr.,KAYSVILLE,UT,84037,,(801)402-0050,21,"Suburban, Large",No,718.00000,28.66000,25.0500000,31.00000,0.00000,–,Regular,Open,,,,,,
490021000126,UT-07-07410,4900210,UT-07,07,09,Kaysville Jr High,Davis District,Davis County,100 E 350 S,KAYSVILLE,UT,84037,,(801)402-7200,21,"Suburban, Large",No,858.00000,34.39000,24.9500000,83.00000,23.00000,–,Regular,Open,"41.028774351158, -111.937241375629",41.028774351158,-111.937241375629,US Census Geocoder,Exact,"100 E 350 S, KAYSVILLE, UT, 84037"
490021000127,UT-07-07140,4900210,UT-07,PK,06,Kaysville School,Davis District,Davis County,50 N 100 E,KAYSVILLE,UT,84037,,(801)402-3400,21,"Suburban, Large",No,495.00000,24.50000,20.2000000,58.00000,15.00000,–,Regular,Open,"41.035686049576, -111.93622839361",41.035686049576,-111.93622839361,US Census Geocoder,Exact,"50 N 100 E, KAYSVILLE, UT, 84037"
490036000234,UT-12-12714,4900360,UT-12,09,12,Kearns High,Granite District,Salt Lake County,5525 S COUGAR LN,KEARNS,UT,84118,,(385)646-5380,21,"Suburban, Large",No,2313.00000,94.67000,24.4300000,1000.00000,222.00000,–,Regular,Open,"40.650737075981, -112.005508834479",40.650737075981,-112.005508834479,US Census Geocoder,Non_Exact,"5525 COUGAR LN, KEARNS, UT, 84118"
490036000235,UT-12-12420,4900360,UT-12,06,08,Kearns Jr High,Granite District,Salt Lake County,4040 West Sam's Blvd,KEARNS,UT,84118,,(385)646-5204,21,"Suburban, Large",No,732.00000,39.89000,18.3500000,397.00000,108.00000,–,Regular,Open,"40.655114902388, -111.988145119687",40.655114902388,-111.988145119687,US Census Geocoder,Exact,"4040 W SAMS BLVD, KEARNS, UT, 84118"
490042001612,UT-14-14490,4900420,UT-14,07,08,Kelsey Peak Virtual Middle,Jordan District,Salt Lake County,7905 South Redwood Road,WEST JORDAN,UT,84084,,(801)567-8440,21,"Suburban, Large",No,132.00000,8.45000,15.6200000,36.00000,7.00000,–,Regular,Open,"40.607497610054, -111.938663805191",40.607497610054,-111.938663805191,US Census Geocoder,Non_Exact,"7905 S REDWOOD RD, WEST JORDAN, UT, 84088"
490006901139,UT-41-41121,4900069,UT-41,PK,12,Kenneth Burdett School,Utah Schools for the Deaf and the Blind,Weber County,742 HARRISON BLVD,OGDEN,UT,84404,,(801)629-4700,13,"City, Small",No,64.00000,7.00000,9.1400000,18.00000,0.00000,–,Special Education,Open,"41.250726833694, -111.947910812642",41.250726833694,-111.947910812642,US Census Geocoder,Exact,"742 HARRISON BLVD, OGDEN, UT, 84404"
490021000119,UT-07-07130,4900210,UT-07,PK,06,King School,Davis District,Davis County,601 E 1000 N,LAYTON,UT,84041,,(801)402-3300,21,"Suburban, Large",No,442.00000,23.50000,18.8100000,112.00000,33.00000,–,Regular,Open,"41.074601420853, -111.952612148756",41.074601420853,-111.952612148756,US Census Geocoder,Exact,"601 E 1000 N, LAYTON, UT, 84041"
490042001615,UT-14-14790,4900420,UT-14,09,12,Kings Peak High,Jordan District,Salt Lake County,7905 South Redwood Road,WEST JORDAN,UT,84084,,(801)567-8020,21,"Suburban, Large",No,315.00000,18.47000,17.0500000,67.00000,10.00000,–,Regular,Open,"40.607497610054, -111.938663805191",40.607497610054,-111.938663805191,US Census Geocoder,Non_Exact,"7905 S REDWOOD RD, WEST JORDAN, UT, 84088"
490024000850,UT-08-08304,4900240,UT-08,KG,05,Kings Peak School,Duchesne District,Duchesne County,437 N 300 W (425-2),ROOSEVELT,UT,84066,,(435)725-4630,33,"Town, Remote",No,479.00000,23.50000,20.3800000,81.00000,13.00000,–,Regular,Open,"40.305910984135, -109.997950959669",40.305910984135,-109.997950959669,US Census Geocoder,Non_Exact,"437 N 300 W, ROOSEVELT, UT, 84066"
490021000710,UT-07-07139,4900210,UT-07,PK,06,Knowlton School,Davis District,Davis County,801 SHEPARD LANE,FARMINGTON,UT,84025,,(801)402-3000,21,"Suburban, Large",No,663.00000,27.43000,24.1700000,50.00000,10.00000,–,Regular,Open,"41.000695812782, -111.904898777951",41.000695812782,-111.904898777951,US Census Geocoder,Exact,"801 SHEPARD LN, FARMINGTON, UT, 84025"
490093000540,UT-26-26116,4900930,UT-26,KG,06,Koosharem School,Sevier District,Sevier County,75 E CENTER,KOOSHAREM,UT,84744,,(435)638-7303,43,"Rural, Remote",No,26.00000,2.50000,10.4000000,14.00000,0.00000,–,Regular,Open,"38.510142517976, -111.8797902291",38.510142517976,-111.8797902291,US Census Geocoder,Non_Exact,"75 E CENTER ST, KOOSHAREM, UT, 84744"
490090000532,UT-25-25124,4900900,UT-25,PK,03,La Sal School,San Juan District,San Juan County,P O BOX 367,LASAL,UT,84530,,(435)678-1292,43,"Rural, Remote",No,7.00000,1.00000,7.0000000,‡,‡,–,Regular,Open,,,,,,
490003001575,UT-01-01450,4900030,UT-01,07,09,Lake Mountain Middle,Alpine District,Utah County,1058 South Old Farm Road,SARATOGA SPRINGS,UT,84045,,(801)610-8400,41,"Rural, Fringe",No,1471.00000,56.39000,26.0900000,169.00000,43.00000,–,Regular,Open,"40.3425270, -111.9202654",40.3425270,-111.9202654,OpenStreetMap Nominatim,Fallback,"South Old Farm Road, Saratoga Springs, Utah County, Utah, 84045, United States"
490048000954,UT-16-16714,4900480,UT-16,07,12,Lake Powell High School,Kane District,Kane County,P O BOX 4345,LAKE POWELL,UT,84533,,(435)684-2268,43,"Rural, Remote",No,5.00000,0.00000,†,‡,‡,–,Regular,Open,,,,,,
490048000897,UT-16-16130,4900480,UT-16,KG,06,Lake Powell School,Kane District,Kane County,P O BOX 4345,LAKE POWELL,UT,84533,,(435)684-2268,43,"Rural, Remote",No,12.00000,1.00000,12.0000000,9.00000,0.00000,–,Regular,Open,,,,,,
490036000236,UT-12-12140,4900360,UT-12,PK,06,Lake Ridge School,Granite District,Salt Lake County,7400 W 3400 S,MAGNA,UT,84044,,(385)646-4888,21,"Suburban, Large",No,410.00000,17.50000,23.4300000,148.00000,35.00000,–,Regular,Open,"40.698439770292, -112.068030290475",40.698439770292,-112.068030290475,US Census Geocoder,Exact,"7400 W 3400 S, MAGNA, UT, 84044"
490009000057,UT-03-03150,4900090,UT-03,KG,05,Lake View School,Box Elder District,Box Elder County,851 S 200 W,BRIGHAM CITY,UT,84302,,(435)734-4922,31,"Town, Fringe",No,573.00000,27.00000,21.2200000,244.00000,60.00000,–,Regular,Open,"41.494606962456, -112.019173984341",41.494606962456,-112.019173984341,US Census Geocoder,Exact,"851 S 200 W, BRIGHAM CITY, UT, 84302"
490003000016,UT-01-01406,4900030,UT-01,07,09,Lakeridge Jr High,Alpine District,Utah County,951 S 400 W,OREM,UT,84058,,(801)610-8134,13,"City, Small",No,1344.00000,55.23000,24.3300000,357.00000,80.00000,–,Regular,Open,"40.280061852331, -111.704758532519",40.280061852331,-111.704758532519,US Census Geocoder,Exact,"951 S 400 W, OREM, UT, 84058"
490021000650,UT-07-07155,4900210,UT-07,PK,06,Lakeside School,Davis District,Davis County,2941 W 800 N,WEST POINT,UT,84015,,(801)402-2900,21,"Suburban, Large",No,864.00000,39.93000,21.6400000,98.00000,33.00000,–,Regular,Open,"41.125282172532, -112.082781917477",41.125282172532,-112.082781917477,US Census Geocoder,Exact,"2941 W 800 N, WEST POINT, UT, 84015"
490004301144,UT-4C-4C100,4900043,UT-4C,KG,09,Lakeview Academy,Lakeview Academy,Utah County,527 W 400 N,SARATOGA SPRINGS,UT,84045,,(801)331-6788,21,"Suburban, Large",Yes,1061.00000,51.52000,20.5900000,79.00000,53.00000,–,Regular,Open,"40.381749123619, -111.855275278775",40.381749123619,-111.855275278775,US Census Geocoder,Non_Exact,"527 S 400 W, SARATOGA SPRINGS, UT, 84043"
490120000620,UT-35-35116,4901200,UT-35,PK,06,Lakeview School,Weber District,Weber County,2025 W 5000 S,ROY,UT,84067,,(801)452-4380,21,"Suburban, Large",No,393.00000,20.23000,19.4300000,186.00000,40.00000,–,Regular,Open,"41.1721297, -112.0521744",41.1721297,-112.0521744,OpenStreetMap Nominatim,Fallback,"West 5000 South, Roy, Weber County, Utah, 84067, United States"
490081001267,UT-38-38118,4900810,UT-38,KG,06,Lakeview School,Provo District,Utah County,2899 W 1390 N,PROVO,UT,84601,,(801)374-4990,12,"City, Midsize",No,695.00000,32.98000,21.0700000,174.00000,57.00000,–,Regular,Open,"40.252210124768, -111.711505338967",40.252210124768,-111.711505338967,US Census Geocoder,Non_Exact,"2899 W 1390 NORTH ST, PROVO, UT, 84601"
490063000387,UT-19-19720,4900630,UT-19,KG,12,Landmark High,Nebo District,Utah County,612 S MAIN,SPANISH FORK,UT,84660,,(801)798-4030,21,"Suburban, Large",No,323.00000,27.63000,11.6900000,135.00000,15.00000,–,Other/Alternative,Open,"40.101039677019, -111.655366346552",40.101039677019,-111.655366346552,US Census Geocoder,Non_Exact,"612 S MAIN ST, SPANISH FORK, UT, 84660"
490108000804,UT-31-31116,4901080,UT-31,KG,05,Lapoint School,Uintah District,Uintah County,HC67 Box 151 East,LAPOINT,UT,84039,,(435)247-2637,43,"Rural, Remote",No,147.00000,8.50000,17.2900000,63.00000,3.00000,–,Regular,Open,"40.4010566, -109.7988347",40.4010566,-109.7988347,OpenStreetMap Nominatim,Fallback,"LaPoint School, 10600 East, Lapoint, Uintah County, Utah, 84039, United States"
490063000690,UT-19-19136,4900630,UT-19,PK,06,Larsen School,Nebo District,Utah County,1175 E FLONETTE DRIVE,SPANISH FORK,UT,84660,,(801)798-4035,21,"Suburban, Large",No,431.00000,18.68000,23.0700000,131.00000,69.00000,–,Regular,Open,"40.105847968855, -111.6349238615",40.105847968855,-111.6349238615,US Census Geocoder,Non_Exact,"1175 E FLONETTE AVE, SPANISH FORK, UT, 84660"
490039001562,UT-13-13716,4900390,UT-13,09,12,Launch High,Iron District,Iron County,1975 W Royal Hunte Dr,CEDAR CITY,UT,84720,,(435)865-3160,41,"Rural, Fringe",No,196.00000,8.50000,23.0600000,40.00000,14.00000,–,Regular,Open,"37.659314542899, -113.086591999676",37.659314542899,-113.086591999676,US Census Geocoder,Non_Exact,"1975 ROYAL HUNT DR, CEDAR CITY, UT, 84720"
490114000779,UT-33-33325,4901140,UT-33,06,07,Lava Ridge Intermediate,Washington District,Washington County,2425 RACHEL DR,SANTA CLARA,UT,84765,,(435)652-4742,22,"Suburban, Midsize",No,699.00000,32.48000,21.5200000,240.00000,57.00000,–,Regular,Open,"37.150663292488, -113.66105764771",37.150663292488,-113.66105764771,US Census Geocoder,Non_Exact,"2425 N RACHEL DR, SANTA CLARA, UT, 84765"
490114000806,UT-33-33114,4901140,UT-33,PK,05,LaVerkin School,Washington District,Washington County,51 W CENTER ST,LAVERKIN,UT,84745,,(435)635-4619,31,"Town, Fringe",No,447.00000,21.43000,20.8600000,171.00000,70.00000,–,Regular,Open,"37.201302178384, -113.270882501963",37.201302178384,-113.270882501963,US Census Geocoder,Non_Exact,"51 W CENTER ST, LA VERKIN, UT, 84745"
490021000128,UT-07-07710,4900210,UT-07,10,12,Layton High,Davis District,Davis County,440 N LANCER LANE,LAYTON,UT,84041,,(801)402-4800,21,"Suburban, Large",No,2231.00000,83.44000,26.7400000,315.00000,53.00000,–,Regular,Open,"41.0635626, -111.9599149",41.0635626,-111.9599149,OpenStreetMap Nominatim,Fallback,"Layton High School, 440, Wasatch Drive, Layton Park Plaza Condominium, Layton, Davis County, Utah, 84041, United States"
490021000129,UT-07-07144,4900210,UT-07,PK,06,Layton School,Davis District,Davis County,369 W GENTILE,LAYTON,UT,84041,,(801)402-3500,21,"Suburban, Large",No,552.00000,26.00000,21.2300000,144.00000,22.00000,–,Regular,Open,"41.06016569872, -111.973235530053",41.06016569872,-111.973235530053,US Census Geocoder,Non_Exact,"369 W GENTILE ST, LAYTON, UT, 84041"
490051001608,UT-39-39204,4900510,UT-39,KG,08,LCSD Center for Home Learning,Logan City District,Cache County,101 W Center Street,LOGAN,UT,84321,,(435)755-2300,13,"City, Small",No,0.00000,0.00000,†,†,†,†,Regular,Open,"41.731476147545, -111.837673914863",41.731476147545,-111.837673914863,US Census Geocoder,Exact,"101 W CENTER ST, LOGAN, UT, 84321"
490019601516,UT-3L-3L700,4900196,UT-3L,06,12,Leadership Academy of Utah,Leadership Academy of Utah,Davis County,1366 S. Legend Hills Dr. Ste. 190,CLEARFIELD,UT,84015,,(800)200-6869,21,"Suburban, Large",Yes,497.00000,42.46000,11.7100000,47.00000,30.00000,–,Regular,Open,"41.094525140931, -111.994956653419",41.094525140931,-111.994956653419,US Census Geocoder,Non_Exact,"1366 LEGEND HILLS DR, CLEARFIELD, UT, 84015"
490016201438,UT-3I-3I100,4900162,UT-3I,KG,06,Leadership Learning Academy,Leadership Learning Academy,Davis County,100 West 2675 North,LAYTON,UT,84041,,(801)593-9552,21,"Suburban, Large",Yes,522.00000,24.00000,21.7500000,89.00000,36.00000,–,Regular,Open,"41.09918065885, -111.965928481132",41.09918065885,-111.965928481132,US Census Geocoder,Exact,"100 W 2675 N, LAYTON, UT, 84041"
490016201522,UT-3I-3I110,4900162,UT-3I,KG,06,Leadership Learning Academy - Ogden,Leadership Learning Academy,Weber County,1111 2nd Street,OGDEN,UT,84404,,(801)784-5170,13,"City, Small",Yes,385.00000,18.96000,20.3100000,164.00000,8.00000,–,Regular,Open,"41.258895195927, -111.949822163462",41.258895195927,-111.949822163462,US Census Geocoder,Exact,"1111 2ND ST, OGDEN, UT, 84404"
490021001275,UT-07-07424,4900210,UT-07,07,09,Legacy Jr High,Davis District,Davis County,411 N 3200 W,LAYTON,UT,84041,,(801)402-4700,21,"Suburban, Large",No,1125.00000,41.40000,27.1700000,88.00000,24.00000,–,Regular,Open,"41.06636077195, -112.02632905292",41.06636077195,-112.02632905292,US Census Geocoder,Exact,"411 N 3200 W, LAYTON, UT, 84041"
490004501146,UT-5C-5C100,4900045,UT-5C,KG,09,Legacy Preparatory Academy,Legacy Preparatory Academy,Davis County,2214 South 1250 West,WOODS CROSS,UT,84087,,(801)936-0555,21,"Suburban, Large",Yes,1016.00000,54.43000,18.6700000,142.00000,35.00000,–,Regular,Open,"40.867924770884, -111.914723945628",40.867924770884,-111.914723945628,US Census Geocoder,Exact,"2214 S 1250 W, WOODS CROSS, UT, 84087"
490114000605,UT-33-33116,4901140,UT-33,PK,05,Legacy School,Washington District,Washington County,280 E 100 S,ST GEORGE,UT,84770,,(435)673-6191,12,"City, Midsize",No,562.00000,31.00000,18.1300000,308.00000,60.00000,–,Regular,Open,"37.106442142769, -113.577396361148",37.106442142769,-113.577396361148,US Census Geocoder,Exact,"280 E 100 S, ST GEORGE, UT, 84770"
490003000228,UT-01-01146,4900030,UT-01,PK,06,Legacy School,Alpine District,Utah County,28 E 1340 N,AMERICAN FORK,UT,84003,,(801)610-8711,21,"Suburban, Large",No,819.00000,34.22000,23.9300000,60.00000,36.00000,–,Regular,Open,"40.40343830398, -111.797502147813",40.40343830398,-111.797502147813,US Census Geocoder,Exact,"28 E 1340 N, AMERICAN FORK, UT, 84003"
490003000017,UT-01-01708,4900030,UT-01,10,12,Lehi High,Alpine District,Utah County,180 N 500 E,LEHI,UT,84043,,(801)610-8805,13,"City, Small",No,2242.00000,82.52000,27.1700000,204.00000,65.00000,–,Regular,Open,"40.390206283461, -111.840958108914",40.390206283461,-111.840958108914,US Census Geocoder,Exact,"180 N 500 E, LEHI, UT, 84043"
490003000018,UT-01-01408,4900030,UT-01,07,09,Lehi Jr High,Alpine District,Utah County,700 E CEDAR HOLLOW RD,LEHI,UT,84043,,(801)610-8754,13,"City, Small",No,1376.00000,51.90000,26.5100000,148.00000,16.00000,–,Regular,Open,"40.404451867452, -111.837842758096",40.404451867452,-111.837842758096,US Census Geocoder,Non_Exact,"700 CEDAR HOLLOW RD, LEHI, UT, 84043"
490003000019,UT-01-01148,4900030,UT-01,PK,06,Lehi School,Alpine District,Utah County,765 N CENTER,LEHI,UT,84043,,(801)610-8712,13,"City, Small",No,485.00000,26.37000,18.3900000,91.00000,19.00000,–,Regular,Open,"40.396631686376, -111.849560671209",40.396631686376,-111.849560671209,US Census Geocoder,Non_Exact,"765 N CENTER ST, LEHI, UT, 84043"
490012000076,UT-04-04124,4900120,UT-04,PK,06,Lewiston School,Cache District,Cache County,181 S 200 E,LEWISTON,UT,84320,,(435)258-2923,42,"Rural, Distant",No,506.00000,23.46000,21.5700000,133.00000,96.00000,–,Regular,Open,"41.972191362807, -111.851122881627",41.972191362807,-111.851122881627,US Census Geocoder,Exact,"181 S 200 E, LEWISTON, UT, 84320"
490072001274,UT-37-37179,4900720,UT-37,PK,06,Liberty Elementary School,Ogden City District,Weber County,3209 Monroe Blvd,OGDEN,UT,84403,,(801)737-8350,13,"City, Small",No,554.00000,25.00000,22.1600000,291.00000,47.00000,–,Regular,Open,"41.20570302964, -111.959727176924",41.20570302964,-111.959727176924,US Census Geocoder,Exact,"3209 MONROE BLVD, OGDEN, UT, 84403"
490003001574,UT-01-01113,4900030,UT-01,PK,06,Liberty Hills Elementary,Alpine District,Utah County,3501 West 2450 North,LEHI,UT,84043,,(801)610-8400,13,"City, Small",No,864.00000,36.69000,23.5500000,134.00000,31.00000,–,Regular,Open,"40.4166347, -111.9053987",40.4166347,-111.9053987,OpenStreetMap Nominatim,Fallback,"Liberty Hills Elementary, 3501, West 2450 North, Lehi, Utah County, Utah, 84043, United States"
490087000666,UT-36-36196,4900870,UT-36,PK,06,Liberty School,Salt Lake District,Salt Lake County,1090 S ROBERTA ST,SALT LAKE CITY,UT,84111,,(801)578-8180,12,"City, Midsize",No,473.00000,25.00000,18.9200000,463.00000,5.00000,–,Regular,Open,"40.745761558293, -111.884009394365",40.745761558293,-111.884009394365,US Census Geocoder,Non_Exact,"1090 ROBERTA ST, SALT LAKE CITY, UT, 84111"
490060000370,UT-40-40120,4900600,UT-40,KG,06,Liberty School,Murray District,Salt Lake County,140 W 6100 S,MURRAY,UT,84107,,(801)264-7424,13,"City, Small",No,244.00000,14.50000,16.8300000,113.00000,16.00000,–,Regular,Open,"40.638561272479, -111.895007284867",40.638561272479,-111.895007284867,US Census Geocoder,Exact,"140 W 6100 S, MURRAY, UT, 84107"
490014201384,UT-42-42840,4900142,UT-42,12,12,Life Skills Academy,Canyons District,Salt Lake County,11150 S 300 East,SANDY,UT,84070,,(801)826-5467,21,"Suburban, Large",No,63.00000,5.50000,11.4500000,59.00000,1.00000,–,Special Education,Open,"40.547466959471, -111.881826790776",40.547466959471,-111.881826790776,US Census Geocoder,Exact,"11150 S 300 E, SANDY, UT, 84070"
490002201082,UT-2B-2B100,4900022,UT-2B,KG,09,Lincoln Academy,Lincoln Academy,Utah County,1582 W 3300 N,PLEASANT GROVE,UT,84062,,(801)756-2039,21,"Suburban, Large",Yes,911.00000,44.04000,20.6900000,104.00000,43.00000,–,Regular,Open,"40.399259138029, -111.761677438884",40.399259138029,-111.761677438884,US Census Geocoder,Exact,"1582 W 3300 N, PLEASANT GROVE, UT, 84062"
490036000238,UT-12-12148,4900360,UT-12,PK,06,Lincoln School,Granite District,Salt Lake County,450 E 3700 S,SALT LAKE CITY,UT,84115,,(385)646-4894,21,"Suburban, Large",No,483.00000,22.37000,21.5900000,164.00000,11.00000,–,Regular,Open,"40.6917098, -112.0034276",40.6917098,-112.0034276,OpenStreetMap Nominatim,Fallback,"Harman Drive, West Valley City, Salt Lake County, Utah, 84120, United States"
490012000077,UT-04-04128,4900120,UT-04,KG,06,Lincoln School,Cache District,Cache County,90 S CENTER,HYRUM,UT,84319,,(435)245-6442,22,"Suburban, Midsize",No,492.00000,24.50000,20.0800000,166.00000,59.00000,–,Regular,Open,"41.632175351199, -111.855357974231",41.632175351199,-111.855357974231,US Census Geocoder,Non_Exact,"90 S CENTER ST, HYRUM, UT, 84319"
490021000131,UT-07-07143,4900210,UT-07,PK,06,Lincoln School,Davis District,Davis County,591 W 2000 N,LAYTON,UT,84041,,(801)402-2450,21,"Suburban, Large",No,642.00000,32.00000,20.0600000,240.00000,58.00000,–,Regular,Open,"41.089057245343, -111.957348878245",41.089057245343,-111.957348878245,US Census Geocoder,Non_Exact,"591 E 2000 N, LAYTON, UT, 84041"
490072001297,UT-37-37139,4900720,UT-37,PK,06,Lincoln School,Ogden City District,Weber County,1235 N CANFIELD,OGDEN,UT,84404,,(801)737-7650,13,"City, Small",No,488.00000,25.00000,19.5200000,293.00000,16.00000,–,Regular,Open,"41.279832316557, -111.967108088135",41.279832316557,-111.967108088135,US Census Geocoder,Non_Exact,"1235 CANFIELD DR, OGDEN, UT, 84404"
490003000020,UT-01-01156,4900030,UT-01,PK,06,Lindon School,Alpine District,Utah County,30 N MAIN,LINDON,UT,84042,,(801)610-8111,21,"Suburban, Large",No,594.00000,26.01000,22.8400000,93.00000,16.00000,–,Regular,Open,"40.338538345877, -111.715349654758",40.338538345877,-111.715349654758,US Census Geocoder,Non_Exact,"30 N MAIN ST, LINDON, UT, 84042"
490114001083,UT-33-33146,4901140,UT-33,PK,05,Little Valley School,Washington District,Washington County,2330 E HORSEMAN PARK DR,ST GEORGE,UT,84790,,(435)652-4771,12,"City, Midsize",No,552.00000,28.00000,19.7100000,37.00000,7.00000,–,Regular,Open,"37.053566094326, -113.534388444412",37.053566094326,-113.534388444412,US Census Geocoder,Non_Exact,"2330 HORESMAN PARK DR, ST GEORGE, UT, 84790"
490117000609,UT-34-34112,4901170,UT-34,PK,06,Loa School,Wayne District,Wayne County,P O BOX 130,LOA,UT,84747,,(435)836-2851,43,"Rural, Remote",No,254.00000,14.90000,17.0500000,92.00000,41.00000,–,Regular,Open,"38.4027571, -111.6429620",38.4027571,-111.6429620,OpenStreetMap Nominatim,Fallback,"Loa, Wayne County, Utah, 84747, United States"
490051001530,UT-39-39114,4900510,UT-39,PK,PK,Logan Early Childhood Center,Logan City District,Cache County,325 W 400 S,LOGAN,UT,84321,,(435)755-2395,13,"City, Small",No,86.00000,1.00000,86.0000000,17.00000,2.00000,–,Regular,Open,"41.724206384304, -111.84355867429",41.724206384304,-111.84355867429,US Census Geocoder,Exact,"325 W 400 S, LOGAN, UT, 84321"
490051000351,UT-39-39704,4900510,UT-39,09,12,Logan High,Logan City District,Cache County,162 W 100 S,LOGAN,UT,84321,,(435)755-2380,13,"City, Small",No,1465.00000,70.43000,20.8000000,472.00000,124.00000,–,Regular,Open,"41.729463683124, -111.839240445112",41.729463683124,-111.839240445112,US Census Geocoder,Exact,"162 W 100 S, LOGAN, UT, 84321"
490120000621,UT-35-35120,4901200,UT-35,PK,06,Lomond View School,Weber District,Weber County,3644 N 900 W,OGDEN,UT,84414,,(801)452-4780,21,"Suburban, Large",No,444.00000,21.50000,20.6500000,68.00000,9.00000,–,Regular,Open,"41.323785712836, -111.998561748908",41.323785712836,-111.998561748908,US Census Geocoder,Exact,"3644 N 900 W, OGDEN, UT, 84414"
490003000445,UT-01-01709,4900030,UT-01,10,12,Lone Peak High,Alpine District,Utah County,10189 N 4800 W,HIGHLAND,UT,84003,,(801)610-8810,21,"Suburban, Large",No,2484.00000,90.31000,27.5100000,133.00000,25.00000,–,Regular,Open,"40.425305617669, -111.77349809808",40.425305617669,-111.77349809808,US Census Geocoder,Exact,"10189 N 4800 W, HIGHLAND, UT, 84003"
490014200856,UT-42-42135,4900142,UT-42,KG,05,Lone Peak School,Canyons District,Salt Lake County,11515 S HIGH MESA DR,SANDY,UT,84092,,(801)826-8650,21,"Suburban, Large",No,516.00000,24.73000,20.8700000,31.00000,4.00000,–,Regular,Open,"40.541535104433, -111.827152949059",40.541535104433,-111.827152949059,US Census Geocoder,Exact,"11515 S HIGH MESA DR, SANDY, UT, 84092"
490060000371,UT-40-40128,4900600,UT-40,KG,06,Longview School,Murray District,Salt Lake County,6240 LONGVIEW DR,MURRAY,UT,84107,,(801)264-7428,13,"City, Small",No,323.00000,16.50000,19.5800000,79.00000,31.00000,–,Regular,Open,"40.637838751234, -111.87558840964",40.637838751234,-111.87558840964,US Census Geocoder,Non_Exact,"6240 S LONGVIEW DR, MURRAY, UT, 84107"
490018201467,UT-9J-9J300,4900182,UT-9J,KG,12,Lumen Scholar Institute,Lumen Scholar Institute,Utah County,1353 W 760 N,OREM,UT,84057,,(801)987-9497,13,"City, Small",Yes,454.00000,31.01000,14.6400000,80.00000,0.00000,–,Regular,Open,"40.3112021, -111.7098994",40.3112021,-111.7098994,OpenStreetMap Nominatim,Fallback,"West 760 North, Orem Station, Orem, Utah County, Utah, 84057, United States"
490108000582,UT-31-31120,4901080,UT-31,KG,05,Maeser School,Uintah District,Uintah County,2670 W 1000 N,VERNAL,UT,84078,,(435)781-3160,33,"Town, Remote",No,473.00000,21.50000,22.0000000,116.00000,29.00000,–,Regular,Open,"40.470029923701, -109.580021644104",40.470029923701,-109.580021644104,US Census Geocoder,Exact,"2670 W 1000 N, VERNAL, UT, 84078"
490036000240,UT-12-12156,4900360,UT-12,PK,06,Magna School,Granite District,Salt Lake County,8500 W 3100 S,MAGNA,UT,84044,,(385)646-4900,21,"Suburban, Large",No,549.00000,22.50000,24.4000000,221.00000,45.00000,–,Regular,Open,"40.703807979675, -112.094922034944",40.703807979675,-112.094922034944,US Census Geocoder,Exact,"8500 W 3100 S, MAGNA, UT, 84044"
490114001526,UT-33-33143,4901140,UT-33,PK,05,Majestic Fields School,Washington District,Washington County,675 East Majestic Dr.,WASHINGTON,UT,84780,,(435)634-7005,22,"Suburban, Midsize",No,732.00000,33.00000,22.1800000,76.00000,7.00000,–,Regular,Open,"37.088995321336, -113.498838346105",37.088995321336,-113.498838346105,US Census Geocoder,Non_Exact,"675 E MAJESTIC DR S, WASHINGTON, UT, 84780"
490042000310,UT-14-14138,4900420,UT-14,KG,06,Majestic School,Jordan District,Salt Lake County,7430 S 1700 W,WEST JORDAN,UT,84084,,(801)565-7458,21,"Suburban, Large",No,320.00000,18.00000,17.7800000,178.00000,36.00000,–,Regular,Open,"40.615776964419, -111.938851328273",40.615776964419,-111.938851328273,US Census Geocoder,Exact,"7430 S 1700 W, WEST JORDAN, UT, 84084"
490120000573,UT-35-35121,4901200,UT-35,PK,06,Majestic School,Weber District,Weber County,425 W 2550 N,OGDEN,UT,84414,,(801)452-4260,21,"Suburban, Large",No,726.00000,31.50000,23.0500000,186.00000,38.00000,–,Regular,Open,"41.304062769742, -111.987305150722",41.304062769742,-111.987305150722,US Census Geocoder,Exact,"425 W 2550 N, OGDEN, UT, 84414"
490072001550,UT-37-37731,4900720,UT-37,07,12,Malan's Peak Secondary,Ogden City District,Weber County,790 W 12th St,OGDEN,UT,84404,,(801)334-0271,13,"City, Small",No,35.00000,13.06000,2.6800000,32.00000,0.00000,–,Other/Alternative,Open,"41.24458521388, -112.002964030652",41.24458521388,-112.002964030652,US Census Geocoder,Exact,"790 W 12TH ST, OGDEN, UT, 84404"
490016501439,UT-4I-4I700,4900165,UT-4I,KG,12,Mana Academy Charter School,Mana Academy Charter School,Salt Lake County,2355 S TECHNOLOGY DRIVE,WEST VALLEY CITY,UT,84119,,(801)972-6262,21,"Suburban, Large",Yes,301.00000,14.51000,20.7400000,298.00000,0.00000,–,Regular,Open,"40.719927588002, -111.973572526103",40.719927588002,-111.973572526103,US Census Geocoder,Non_Exact,"2355 TECHNOLOGY DR, WEST VALLEY CITY, UT, 84119"
490018000101,UT-06-06704,4900180,UT-06,07,12,Manila High,Daggett District,Daggett County,160 W 200 N,MANILA,UT,84046,,(435)784-3174,43,"Rural, Remote",No,111.00000,9.50000,11.6800000,21.00000,0.00000,–,Regular,Open,"40.9933992, -109.7259830",40.9933992,-109.7259830,OpenStreetMap Nominatim,Fallback,"Manila High School, West Third North Street, Manila, Daggett County, Utah, 84046, United States"
490018000102,UT-06-06112,4900180,UT-06,PK,06,Manila School,Daggett District,Daggett County,125 W 200 N,MANILA,UT,84046,,(435)784-3174,43,"Rural, Remote",No,73.00000,6.80000,10.7400000,13.00000,0.00000,–,Regular,Open,"40.9933992, -109.7259830",40.9933992,-109.7259830,OpenStreetMap Nominatim,Fallback,"Manila High School, West Third North Street, Manila, Daggett County, Utah, 84046, United States"
490003000743,UT-01-01160,4900030,UT-01,PK,06,Manila School,Alpine District,Utah County,1726 N 600 W,PLEASANT GROVE,UT,84062,,(801)610-8112,21,"Suburban, Large",No,588.00000,23.47000,25.0500000,58.00000,18.00000,–,Regular,Open,"40.382371735899, -111.749418643824",40.382371735899,-111.749418643824,US Census Geocoder,Exact,"1726 N 600 W, PLEASANT GROVE, UT, 84062"
490096000553,UT-27-27708,4900960,UT-27,09,12,Manti High,South Sanpete District,Sanpete County,100 W 500 N,MANTI,UT,84642,,(435)835-2281,42,"Rural, Distant",No,690.00000,34.29000,20.1200000,194.00000,77.00000,–,Regular,Open,"39.272757410303, -111.641192517022",39.272757410303,-111.641192517022,US Census Geocoder,Exact,"100 W 500 N, MANTI, UT, 84642"
490096000554,UT-27-27116,4900960,UT-27,PK,05,Manti School,South Sanpete District,Sanpete County,150 W 100 S,MANTI,UT,84642,,(435)835-2271,42,"Rural, Distant",No,408.00000,21.50000,18.9800000,157.00000,56.00000,–,Regular,Open,"39.263253943786, -111.638984249007",39.263253943786,-111.638984249007,US Census Geocoder,Non_Exact,"150 S 100 W, MANTI, UT, 84642"
490063001560,UT-19-19340,4900630,UT-19,06,08,Maple Grove Middle,Nebo District,Utah County,1578 W 400 South,MAPLETON,UT,84664,,(801)609-2395,21,"Suburban, Large",No,1195.00000,50.70000,23.5700000,114.00000,43.00000,–,Regular,Open,"40.1266030, -111.5899819",40.1266030,-111.5899819,OpenStreetMap Nominatim,Fallback,"West 400 South, Mapleton, Utah County, Utah, 84664, United States"
490063001159,UT-19-19702,4900630,UT-19,07,12,Maple Mountain High,Nebo District,Utah County,51 N 2550 E,SPANISH FORK,UT,84660,,(801)794-6740,21,"Suburban, Large",No,1902.00000,73.95000,25.7200000,167.00000,54.00000,–,Regular,Open,"40.1099075, -111.6149559",40.1099075,-111.6149559,OpenStreetMap Nominatim,Fallback,"Maple Mountain High School, 51, North 2170 East, Spanish Fork, Utah County, Utah, 84660, United States"
490063001479,UT-19-19138,4900630,UT-19,PK,06,Maple Ridge School,Nebo District,Utah County,2340 West Harvest Parkway,MAPLETON,UT,84664,,(801)489-1800,21,"Suburban, Large",No,873.00000,38.31000,22.7900000,56.00000,32.00000,–,Regular,Open,"40.12236748135, -111.60722101659",40.12236748135,-111.60722101659,US Census Geocoder,Non_Exact,"2340 HARVEST PKWY, MAPLETON, UT, 84664"
490063001127,UT-19-19404,4900630,UT-19,07,09,Mapleton Junior High,Nebo District,Utah County,362 E 1200 N,MAPLETON,UT,84664,,(801)489-2892,21,"Suburban, Large",No,1312.00000,52.73000,24.8800000,148.00000,41.00000,–,Regular,Open,"40.141295643936, -111.574545412809",40.141295643936,-111.574545412809,US Census Geocoder,Exact,"362 E 1200 N, MAPLETON, UT, 84664"
490063000386,UT-19-19140,4900630,UT-19,PK,06,Mapleton School,Nebo District,Utah County,120 W MAPLE,MAPLETON,UT,84664,,(801)489-2850,21,"Suburban, Large",No,591.00000,26.10000,22.6400000,46.00000,13.00000,–,Regular,Open,"40.130458901546, -111.580249236845",40.130458901546,-111.580249236845,US Census Geocoder,Non_Exact,"120 W MAPLE ST, MAPLETON, UT, 84664"
490014401374,UT-4G-4G100,4900144,UT-4G,KG,09,Maria Montessori Academy,Maria Montessori Academy,Weber County,2505 N 200 E,OGDEN,UT,84414,,(801)827-0150,21,"Suburban, Large",Yes,402.00000,23.91000,16.8100000,32.00000,2.00000,–,Regular,Open,"41.304152079482, -111.976671480737",41.304152079482,-111.976671480737,US Census Geocoder,Exact,"2505 N 200 E, OGDEN, UT, 84414"
490009000060,UT-03-03164,4900090,UT-03,PK,05,Mckinley School,Box Elder District,Box Elder County,120 W 500 S,TREMONTON,UT,84337,,(435)515-4141,32,"Town, Distant",No,586.00000,27.00000,21.7000000,165.00000,68.00000,–,Regular,Open,"41.705466177225, -112.167419179102",41.705466177225,-112.167419179102,US Census Geocoder,Exact,"120 W 500 S, TREMONTON, UT, 84337"
490060000373,UT-40-40124,4900600,UT-40,KG,06,Mcmillan School,Murray District,Salt Lake County,315 E 5900 S,MURRAY,UT,84107,,(801)264-7430,13,"City, Small",No,417.00000,19.00000,21.9500000,95.00000,18.00000,–,Regular,Open,"40.642345894816, -111.882436775599",40.642345894816,-111.882436775599,US Census Geocoder,Exact,"315 E 5900 S, MURRAY, UT, 84107"
490075001256,UT-22-22151,4900750,UT-22,PK,PK,McPolin Preschool,Park City District,Summit County,2270 KEARNS BLVD,PARK CITY,UT,84060,,(435)645-5630,32,"Town, Distant",No,0.00000,0.00000,†,†,†,†,Special Education,Open,"40.667890818879, -111.492978817248",40.667890818879,-111.492978817248,US Census Geocoder,Exact,"2270 KEARNS BLVD, PARK CITY, UT, 84060"
490075000901,UT-22-22108,4900750,UT-22,PK,05,McPolin School,Park City District,Summit County,2270 KEARNS BLVD,PARK CITY,UT,84098,,(435)645-5630,32,"Town, Distant",No,382.00000,30.00000,12.7300000,103.00000,4.00000,–,Regular,Open,"40.667890818879, -111.492978817248",40.667890818879,-111.492978817248,US Census Geocoder,Non_Exact,"2270 KEARNS BLVD, PARK CITY, UT, 84060"
490063001500,UT-19-19141,4900630,UT-19,PK,06,Meadow Brook School,Nebo District,Utah County,748 S. 950 W.,SPRINGVILLE,UT,84663,,(801)489-2897,21,"Suburban, Large",No,679.00000,29.35000,23.1300000,154.00000,53.00000,–,Regular,Open,"40.156547975601, -111.627929658457",40.156547975601,-111.627929658457,US Census Geocoder,Exact,"748 S 950 W, SPRINGVILLE, UT, 84663"
490003000744,UT-01-01154,4900030,UT-01,PK,06,Meadow School,Alpine District,Utah County,176 S 500 W,LEHI,UT,84043,,(801)610-8713,13,"City, Small",No,612.00000,25.12000,24.3600000,70.00000,20.00000,–,Regular,Open,"40.385645223442, -111.856796490996",40.385645223442,-111.856796490996,US Census Geocoder,Exact,"176 S 500 W, LEHI, UT, 84043"
490021000132,UT-07-07145,4900210,UT-07,PK,06,Meadowbrook School,Davis District,Davis County,700 N 325 W,BOUNTIFUL,UT,84010,,(801)402-1600,21,"Suburban, Large",No,366.00000,15.64000,23.4000000,102.00000,50.00000,–,Regular,Open,"40.896114243194, -111.887966447633",40.896114243194,-111.887966447633,US Census Geocoder,Exact,"700 N 325 W, BOUNTIFUL, UT, 84010"
490087000509,UT-36-36216,4900870,UT-36,PK,06,Meadowlark School,Salt Lake District,Salt Lake County,497 N MORTON DR,SALT LAKE CITY,UT,84116,,(801)578-8529,12,"City, Midsize",No,434.00000,25.00000,17.3600000,426.00000,4.00000,–,Regular,Open,"40.780200104138, -111.94533991604",40.780200104138,-111.94533991604,US Census Geocoder,Non_Exact,"497 MORTON DR, SALT LAKE CITY, UT, 84116"
490013101220,UT-8E-8E700,4900131,UT-8E,07,12,Merit College Preparatory Academy,Merit College Preparatory Academy,Utah County,1440 W CENTER STREET,SPRINGVILLE,UT,84663,,(801)491-7600,21,"Suburban, Large",Yes,456.00000,32.59000,13.9900000,117.00000,29.00000,–,Regular,Open,"40.166867502877, -111.63466492355",40.166867502877,-111.63466492355,US Census Geocoder,Exact,"1440 W CENTER ST, SPRINGVILLE, UT, 84663"
490042001223,UT-14-14119,4900420,UT-14,KG,06,Midas Creek School,Jordan District,Salt Lake County,11901 S PARK HAVEN LANE,RIVERTON,UT,84096,,(801)254-7407,21,"Suburban, Large",No,759.00000,36.05000,21.0500000,105.00000,36.00000,–,Regular,Open,"40.535749300382, -111.998358082212",40.535749300382,-111.998358082212,US Census Geocoder,Exact,"11901 S PARK HAVEN LN, RIVERTON, UT, 84096"
490105000774,UT-30-30128,4901050,UT-30,KG,06,Middle Canyon School,Tooele District,Tooele County,751 E 1000 N,TOOELE,UT,84074,,(435)833-1906,32,"Town, Distant",No,571.00000,26.65000,21.4300000,90.00000,33.00000,–,Regular,Open,"40.551352217525, -112.277726195123",40.551352217525,-112.277726195123,US Census Geocoder,Exact,"751 E 1000 N, TOOELE, UT, 84074"
490120000818,UT-35-35123,4901200,UT-35,PK,06,Midland School,Weber District,Weber County,3100 W 4800 S,ROY,UT,84067,,(801)476-5400,21,"Suburban, Large",No,583.00000,30.23000,19.2900000,147.00000,42.00000,–,Regular,Open,"41.176218340371, -112.054855944473",41.176218340371,-112.054855944473,US Census Geocoder,Exact,"3100 W 4800 S, ROY, UT, 84067"
490014200311,UT-42-42404,4900142,UT-42,06,08,Midvale Middle,Canyons District,Salt Lake County,11150 S. 300 E.,SANDY,UT,84070,,(801)826-7300,21,"Suburban, Large",No,802.00000,44.59000,17.9900000,405.00000,49.00000,–,Regular,Open,"40.547466959471, -111.881826790776",40.547466959471,-111.881826790776,US Census Geocoder,Exact,"11150 S 300 E, SANDY, UT, 84070"
490014200312,UT-42-42140,4900142,UT-42,KG,05,Midvale School,Canyons District,Salt Lake County,7830 Chapel Street,MIDVALE,UT,84047,,(801)826-8725,21,"Suburban, Large",No,644.00000,35.12000,18.3400000,361.00000,65.00000,–,Regular,Open,"40.609475498616, -111.902486254626",40.609475498616,-111.902486254626,US Census Geocoder,Non_Exact,"7830 S CHAPEL ST, MIDVALE, UT, 84047"
490014200313,UT-42-42144,4900142,UT-42,KG,05,Midvalley School,Canyons District,Salt Lake County,217 E 7800 S,MIDVALE,UT,84047,,(801)826-8800,21,"Suburban, Large",No,635.00000,27.50000,23.0900000,250.00000,48.00000,–,Regular,Open,"40.609603432677, -111.884359885892",40.609603432677,-111.884359885892,US Census Geocoder,Exact,"217 E 7800 S, MIDVALE, UT, 84047"
490111000592,UT-32-32108,4901110,UT-32,PK,05,Midway School,Wasatch District,Wasatch County,225 S 100 E,MIDWAY,UT,84049,,(435)654-0472,32,"Town, Distant",No,652.00000,38.25000,17.0500000,84.00000,16.00000,–,Regular,Open,"40.50882969479, -111.470109320495",40.50882969479,-111.470109320495,US Census Geocoder,Exact,"225 S 100 E, MIDWAY, UT, 84049"
490006000038,UT-02-02708,4900060,UT-02,07,12,Milford High,Beaver District,Beaver County,62 N 300 W,MILFORD,UT,84751,,(435)387-2751,43,"Rural, Remote",No,205.00000,12.03000,17.0400000,63.00000,10.00000,–,Regular,Open,"38.397857265255, -113.014359411245",38.397857265255,-113.014359411245,US Census Geocoder,Non_Exact,"62 N 300 WEST ST, MILFORD, UT, 84751"
490006000039,UT-02-02108,4900060,UT-02,KG,06,Milford School,Beaver District,Beaver County,450 S 700 W,MILFORD,UT,84751,,(435)387-2841,43,"Rural, Remote",No,211.00000,13.86000,15.2200000,81.00000,25.00000,–,Regular,Open,"38.393612525393, -113.019003719086",38.393612525393,-113.019003719086,US Census Geocoder,Non_Exact,"450 S 700 WEST ST, MILFORD, UT, 84751"
490054000361,UT-17-17708,4900540,UT-17,09,12,Millard High,Millard District,Millard County,200 W EAGLE AVE,FILLMORE,UT,84631,,(435)743-5610,43,"Rural, Remote",No,382.00000,19.33000,19.7600000,109.00000,47.00000,–,Regular,Open,"38.9702064, -112.3298717",38.9702064,-112.3298717,OpenStreetMap Nominatim,Fallback,"Millard High School, West 100 North Street, Fillmore, Millard County, Utah, 84631, United States"
490114000881,UT-33-33718,4901140,UT-33,07,12,Millcreek High,Washington District,Washington County,2410 E RIVERSIDE DR,ST GEORGE,UT,84790,,(435)628-2462,12,"City, Midsize",No,118.00000,18.38000,6.4200000,56.00000,3.00000,–,Other/Alternative,Open,"37.102011685318, -113.534016809939",37.102011685318,-113.534016809939,US Census Geocoder,Exact,"2410 E RIVERSIDE DR, ST GEORGE, UT, 84790"
490021000133,UT-07-07411,4900210,UT-07,07,09,Millcreek Jr High,Davis District,Davis County,245 E 1000 S,BOUNTIFUL,UT,84010,,(801)402-6200,21,"Suburban, Large",No,673.00000,26.08000,25.8100000,93.00000,22.00000,–,Regular,Open,"40.87937424409, -111.875694692193",40.87937424409,-111.875694692193,US Census Geocoder,Exact,"245 E 1000 S, BOUNTIFUL, UT, 84010"
490012000674,UT-04-04132,4900120,UT-04,PK,06,Millville School,Cache District,Cache County,67 S MAIN,MILLVILLE,UT,84326,,(435)752-7162,22,"Suburban, Midsize",No,493.00000,23.46000,21.0100000,98.00000,59.00000,–,Regular,Open,"41.680385955816, -111.82376264317",41.680385955816,-111.82376264317,US Census Geocoder,Non_Exact,"67 S MAIN ST, MILLVILLE, UT, 84326"
490006000040,UT-02-02112,4900060,UT-02,KG,05,Minersville School,Beaver District,Beaver County,450 S 200 W,MINERSVILLE,UT,84752,,(435)386-2382,43,"Rural, Remote",No,82.00000,6.77000,12.1100000,24.00000,20.00000,–,Regular,Open,"38.208796744544, -112.927625456101",38.208796744544,-112.927625456101,US Census Geocoder,Non_Exact,"450 200 W, MINERSVILLE, UT, 84752"
490006000912,UT-02-02712,4900060,UT-02,06,08,Minersville School,Beaver District,Beaver County,450 S 200 W,MINERSVILLE,UT,84752,,(435)386-2382,43,"Rural, Remote",No,38.00000,3.00000,12.6700000,16.00000,8.00000,–,Regular,Open,"38.208796744544, -112.927625456101",38.208796744544,-112.927625456101,US Census Geocoder,Non_Exact,"450 200 W, MINERSVILLE, UT, 84752"
490003501085,UT-A7-A7100,4900035,UT-A7,KG,06,Moab Charter School,Moab Charter School,Grand County,358 E 300 S,MOAB,UT,84532,,(435)259-2277,33,"Town, Remote",Yes,70.00000,4.30000,16.2800000,23.00000,4.00000,–,Regular,Open,"38.568608756338, -109.543732702327",38.568608756338,-109.543732702327,US Census Geocoder,Exact,"358 E 300 S, MOAB, UT, 84532"
490045000795,UT-15-15110,4900450,UT-15,KG,06,Mona School,Juab District,Juab County,260 E 200 S,MONA,UT,84645,,(435)623-2082,42,"Rural, Distant",No,280.00000,14.03000,19.9600000,46.00000,25.00000,–,Regular,Open,"39.820372659576, -111.851267492566",39.820372659576,-111.851267492566,US Census Geocoder,Non_Exact,"260 N 200 E, MONA, UT, 84645"
490036000244,UT-12-12164,4900360,UT-12,PK,06,Monroe School,Granite District,Salt Lake County,4450 W 3100 S,WEST VALLEY CITY,UT,84120,,(385)646-4918,21,"Suburban, Large",No,512.00000,26.00000,19.6900000,226.00000,48.00000,–,Regular,Open,"40.70393262723, -111.997584862808",40.70393262723,-111.997584862808,US Census Geocoder,Exact,"4450 W 3100 S, WEST VALLEY CITY, UT, 84120"
490093000541,UT-26-26120,4900930,UT-26,KG,05,Monroe School,Sevier District,Sevier County,40 W CENTER ST,MONROE,UT,84754,,(435)527-4691,42,"Rural, Distant",No,537.00000,25.50000,21.0600000,257.00000,0.00000,–,Regular,Open,"38.63202952062, -112.122308863919",38.63202952062,-112.122308863919,US Census Geocoder,Exact,"40 W CENTER ST, MONROE, UT, 84754"
490015000093,UT-05-05412,4900150,UT-05,06,08,Mont Harmon Middle,Carbon District,Carbon County,60 W 400 N,PRICE,UT,84501,,(435)637-0510,33,"Town, Remote",No,614.00000,29.20000,21.0300000,252.00000,53.00000,–,Regular,Open,"39.600426423715, -110.803498151262",39.600426423715,-110.803498151262,US Census Geocoder,Non_Exact,"60 N 400 E, PRICE, UT, 84501"
490042000314,UT-14-14146,4900420,UT-14,KG,06,Monte Vista School,Jordan District,Salt Lake County,11121 S 2700 W,SOUTH JORDAN,UT,84095,,(801)254-8040,21,"Suburban, Large",No,783.00000,39.50000,19.8200000,66.00000,27.00000,–,Regular,Open,"40.548885090344, -111.957650198533",40.548885090344,-111.957650198533,US Census Geocoder,Exact,"11121 S 2700 W, SOUTH JORDAN, UT, 84095"
490090000534,UT-25-25136,4900900,UT-25,PK,06,Montezuma Creek School,San Juan District,San Juan County,BOX 630,MONTEZUMA CREEK,UT,84534,,(435)678-1261,43,"Rural, Remote",No,282.00000,18.49000,15.2500000,281.00000,1.00000,–,Regular,Open,"37.2602490, -109.3046242",37.2602490,-109.3046242,OpenStreetMap Nominatim,Fallback,"Montezuma Creek Elementary School, East Main Street, Montezuma Creek, San Juan County, Utah, 84534, United States"
490004901150,UT-7C-7C100,4900049,UT-7C,KG,08,Monticello Academy,Monticello Academy,Salt Lake County,2782 S CORPORATE PARK DRIVE,WEST VALLEY CITY,UT,84120,,(801)417-8040,21,"Suburban, Large",Yes,689.00000,35.37000,19.4800000,324.00000,88.00000,–,Regular,Open,"40.708494825847, -112.006008419556",40.708494825847,-112.006008419556,US Census Geocoder,Non_Exact,"2782 CORPORATE PARK DR, WEST VALLEY CITY, UT, 84120"
490004901556,UT-7C-7C105,4900049,UT-7C,KG,06,Monticello Academy West Point,Monticello Academy,Davis County,3110 W 300 N,WEST POINT,UT,84015,,(801)417-8040,21,"Suburban, Large",Yes,442.00000,25.23000,17.5200000,86.00000,35.00000,–,Regular,Open,"41.118157262351, -112.085227567778",41.118157262351,-112.085227567778,US Census Geocoder,Exact,"3110 W 300 N, WEST POINT, UT, 84015"
490090000535,UT-25-25704,4900900,UT-25,07,12,Monticello High,San Juan District,San Juan County,P O BOX 69,MONTICELLO,UT,84535,,(435)678-1130,43,"Rural, Remote",No,211.00000,13.44000,15.7000000,78.00000,3.00000,–,Regular,Open,"37.8718312, -109.3498002",37.8718312,-109.3498002,OpenStreetMap Nominatim,Fallback,"Monticello High School, 148, South 200 West, Monticello, San Juan County, Utah, 84535, United States"
490090000536,UT-25-25140,4900900,UT-25,PK,06,Monticello School,San Juan District,San Juan County,P O BOX 189,MONTICELLO,UT,84535,,(435)678-1180,43,"Rural, Remote",No,277.00000,16.28000,17.0100000,114.00000,4.00000,–,Regular,Open,"37.8718312, -109.3498002",37.8718312,-109.3498002,OpenStreetMap Nominatim,Fallback,"Monticello High School, 148, South 200 West, Monticello, San Juan County, Utah, 84535, United States"
490090000802,UT-25-25706,4900900,UT-25,07,12,Monument Valley High,San Juan District,San Juan County,P O BOX 360008,MONUMENT VALLEY,UT,84536,,(435)678-1208,43,"Rural, Remote",No,192.00000,13.89000,13.8200000,192.00000,0.00000,–,Regular,Open,"37.0052318, -110.1776955",37.0052318,-110.1776955,OpenStreetMap Nominatim,Fallback,"Monument Valley High School, Monument Valley Road, Goulding's, San Juan County, Utah, 84536, United States"
490057001662,UT-18-18740,4900570,UT-18,–,–,Morgan CTE Center,Morgan District,Morgan County,295 East Young Street,MORGAN,UT,84050,,(801)829-3418,42,"Rural, Distant",No,†,†,†,†,†,†,Vocational,Future,"41.037800985412, -111.672351482529",41.037800985412,-111.672351482529,US Census Geocoder,Exact,"295 E YOUNG ST, MORGAN, UT, 84050"
490057000363,UT-18-18704,4900570,UT-18,09,12,Morgan High,Morgan District,Morgan County,P O BOX 917,MORGAN,UT,84050,,(801)829-3418,42,"Rural, Distant",No,1142.00000,46.55000,24.5300000,45.00000,26.00000,–,Regular,Open,"41.0389902, -111.6725032",41.0389902,-111.6725032,OpenStreetMap Nominatim,Fallback,"Morgan High School, East 100 North, Morgan, Morgan County, Utah, United States"
490057000364,UT-18-18304,4900570,UT-18,05,08,Morgan Middle,Morgan District,Morgan County,BOX 470,MORGAN,UT,84050,,(801)829-3467,42,"Rural, Distant",No,493.00000,28.21000,17.4800000,35.00000,23.00000,–,Regular,Open,"41.0375678, -111.6757867",41.0375678,-111.6757867,OpenStreetMap Nominatim,Fallback,"Morgan Middle School, Young Street, Morgan, Morgan County, Utah, United States"
490057001623,UT-18-18705,4900570,UT-18,KG,12,Morgan Online,Morgan District,Morgan County,67 N. 200 East,MORGAN,UT,84050,,(801)829-3411,42,"Rural, Distant",No,0.00000,0.00000,†,†,†,†,Regular,Open,"41.039189287437, -111.67497209869",41.039189287437,-111.67497209869,US Census Geocoder,Non_Exact,"67 N 200 EAST ST, MORGAN, UT, 84050"
490057001260,UT-18-18100,4900570,UT-18,PK,PK,Morgan Preschool,Morgan District,Morgan County,BOX 530,MORGAN,UT,84050,,(801)829-3411,42,"Rural, Distant",No,46.00000,1.00000,46.0000000,4.00000,1.00000,–,Special Education,Open,,,,,,
490057000365,UT-18-18104,4900570,UT-18,KG,04,Morgan School,Morgan District,Morgan County,344 E YOUNG ST,MORGAN,UT,84050,,(801)829-3438,42,"Rural, Distant",No,555.00000,33.80000,16.4200000,37.00000,27.00000,–,Regular,Open,"41.037987754588, -111.671391152515",41.037987754588,-111.671391152515,US Census Geocoder,Exact,"344 E YOUNG ST, MORGAN, UT, 84050"
490021000677,UT-07-07141,4900210,UT-07,PK,06,Morgan School,Davis District,Davis County,1065 THORNFIELD RD,KAYSVILLE,UT,84037,,(801)402-3450,21,"Suburban, Large",No,603.00000,25.00000,24.1200000,43.00000,14.00000,–,Regular,Open,"41.05173303159, -111.918923774643",41.05173303159,-111.918923774643,US Census Geocoder,Exact,"1065 THORNFIELD RD, KAYSVILLE, UT, 84037"
490036000245,UT-12-12168,4900360,UT-12,KG,06,Morningside School,Granite District,Salt Lake County,4170 S 3000 E,SALT LAKE CITY,UT,84124,,(385)646-4924,21,"Suburban, Large",No,564.00000,24.50000,23.0200000,29.00000,12.00000,–,Regular,Open,"40.6804117, -112.0134268",40.6804117,-112.0134268,OpenStreetMap Nominatim,Fallback,"4170 South, Hunter Heights, West Valley City, Salt Lake County, Utah, 84120, United States"
490066000409,UT-20-20116,4900660,UT-20,PK,06,Moroni School,North Sanpete District,Sanpete County,PO BOX 279,MORONI,UT,84646,,(435)436-8291,43,"Rural, Remote",No,363.00000,14.65000,24.7800000,184.00000,42.00000,–,Regular,Open,"39.5281881, -111.5868667",39.5281881,-111.5868667,OpenStreetMap Nominatim,Fallback,"Moroni Elementary School, 200 North, Moroni, Sanpete County, Utah, 84646, United States"
490072001295,UT-37-37411,4900720,UT-37,07,09,Mound Fort Junior High,Ogden City District,Weber County,1400 MOUND FORT DR,OGDEN,UT,84404,,(801)737-7800,13,"City, Small",No,561.00000,33.01000,16.9900000,399.00000,25.00000,–,Regular,Open,,,,,,
490051000352,UT-39-39404,4900510,UT-39,06,08,Mount Logan Middle,Logan City District,Cache County,875 N 200 E,LOGAN,UT,84321,,(435)755-2370,13,"City, Small",No,1114.00000,54.56000,20.4200000,441.00000,92.00000,–,Regular,Open,"41.747678241185, -111.82944951739",41.747678241185,-111.82944951739,US Census Geocoder,Exact,"875 N 200 E, LOGAN, UT, 84321"
490003000696,UT-01-01161,4900030,UT-01,PK,06,Mount Mahogany School,Alpine District,Utah County,618 N 1300 W,PLEASANT GROVE,UT,84062,,(801)610-8113,21,"Suburban, Large",No,631.00000,28.48000,22.1600000,271.00000,55.00000,–,Regular,Open,"40.370753883599, -111.759333033102",40.370753883599,-111.759333033102,US Census Geocoder,Exact,"618 N 1300 W, PLEASANT GROVE, UT, 84062"
490072001288,UT-37-37415,4900720,UT-37,07,09,Mount Ogden Junior High,Ogden City District,Weber County,3260 HARRISON BLVD,OGDEN,UT,84403,,(801)737-8600,13,"City, Small",No,803.00000,36.24000,22.1600000,275.00000,52.00000,–,Regular,Open,"41.204179572591, -111.94853515498",41.204179572591,-111.94853515498,US Census Geocoder,Exact,"3260 HARRISON BLVD, OGDEN, UT, 84403"
490042001540,UT-14-14422,4900420,UT-14,07,09,Mountain Creek Middle School,Jordan District,Salt Lake County,5325 W Bingham Rim Road,South Jordan,UT,84009,,(801)412-1000,21,"Suburban, Large",No,1313.00000,55.05000,23.8500000,140.00000,45.00000,–,Regular,Open,"40.564506635915, -112.018140211893",40.564506635915,-112.018140211893,US Census Geocoder,Non_Exact,"5325 W BRINGHAM RIM RD, SOUTH JORDAN, UT, 84009"
490012000792,UT-04-04702,4900120,UT-04,08,12,Mountain Crest High,Cache District,Cache County,255 S 800 E,HYRUM,UT,84319,,(435)245-6093,22,"Suburban, Midsize",No,1547.00000,65.62000,23.5800000,272.00000,112.00000,–,Regular,Open,"41.628196568667, -111.832505612786",41.628196568667,-111.832505612786,US Census Geocoder,Exact,"255 S 800 E, HYRUM, UT, 84319"
490057001554,UT-18-18305,4900570,UT-18,05,08,Mountain Green Middle,Morgan District,Morgan County,6200 N 5000 W,MORGAN,UT,84050,,(801)829-3411,42,"Rural, Distant",No,496.00000,29.19000,16.9900000,22.00000,6.00000,–,Regular,Open,"41.1490986, -111.7929650",41.1490986,-111.7929650,OpenStreetMap Nominatim,Fallback,"Mountain Green Middle School, 6200, Trappers Loop Road, Morgan County, Utah, 84050, United States"
490057001567,UT-18-18101,4900570,UT-18,PK,PK,Mountain Green Preschool,Morgan District,Morgan County,6064 N. Silver Leaf Drive,MORGAN,UT,84050,,(801)876-3041,42,"Rural, Distant",No,29.00000,1.30000,22.3100000,†,†,†,Regular,Open,"41.147020022526, -111.755216380264",41.147020022526,-111.755216380264,US Census Geocoder,Non_Exact,"6064 SILVER LEAF DR, MORGAN, UT, 84050"
490057001259,UT-18-18106,4900570,UT-18,KG,04,Mountain Green School,Morgan District,Morgan County,6064 N SILVER LEAF DR,MOUNTAIN GREEN,UT,84050,,(801)876-3041,42,"Rural, Distant",No,424.00000,26.50000,16.0000000,15.00000,6.00000,–,Regular,Open,"41.147020022526, -111.755216380264",41.147020022526,-111.755216380264,US Census Geocoder,Non_Exact,"6064 SILVER LEAF DR, MOUNTAIN GREEN, UT, 84050"
490013801285,UT-9F-9F600,4900138,UT-9F,07,12,Mountain Heights Academy,Mountain Heights Academy,Salt Lake County,9067 S 1300 W Suite 204,WEST JORDAN,UT,84088,,(801)721-6329,21,"Suburban, Large",Yes,864.00000,74.07000,11.6600000,140.00000,0.00000,–,Regular,Open,"40.586472384049, -111.929107354345",40.586472384049,-111.929107354345,US Census Geocoder,Exact,"9067 S 1300 W, WEST JORDAN, UT, 84088"
490021000823,UT-07-07730,4900210,UT-07,10,12,Mountain High,Davis District,Davis County,490 S 500 E,KAYSVILLE,UT,84037,,(801)402-0450,21,"Suburban, Large",No,255.00000,16.66000,15.3100000,81.00000,8.00000,–,Other/Alternative,Open,"41.027651842821, -111.927392900011",41.027651842821,-111.927392900011,US Census Geocoder,Exact,"490 S 500 E, KAYSVILLE, UT, 84037"
490042001543,UT-14-14129,4900420,UT-14,KG,06,Mountain Point Elementary,Jordan District,Salt Lake County,15345 S 1200 W,BLUFFDALE,UT,84065,,(801)567-8940,21,"Suburban, Large",No,830.00000,41.50000,20.0000000,151.00000,41.00000,–,Regular,Open,"40.4718601, -111.9269367",40.4718601,-111.9269367,OpenStreetMap Nominatim,Fallback,"Mountain Point Elementary School, 15345, Puma Mountain Way, Bluffdale, Salt Lake County, Utah, 84065, United States"
490042001525,UT-14-14715,4900420,UT-14,10,12,Mountain Ridge High,Jordan District,Salt Lake County,14100 S Sentinel Ridge Blvd,HERRIMAN,UT,84096,,(801)412-1700,21,"Suburban, Large",No,2738.00000,113.40000,24.1400000,282.00000,98.00000,–,Regular,Open,"40.4951955, -111.9994750",40.4951955,-111.9994750,OpenStreetMap Nominatim,Fallback,"Mountain Ridge High School, 14100, Mountain View Corridor, Herriman, Salt Lake County, Utah, 84096, United States"
490003000074,UT-01-01410,4900030,UT-01,07,09,Mountain Ridge Jr High,Alpine District,Utah County,5525 W 10400 N,HIGHLAND,UT,84003,,(801)610-8758,21,"Suburban, Large",No,958.00000,42.39000,22.6000000,95.00000,15.00000,–,Regular,Open,"40.420826697499, -111.79035191589",40.420826697499,-111.79035191589,US Census Geocoder,Exact,"5525 W 10400 N, HIGHLAND, UT, 84003"
490042000886,UT-14-14145,4900420,UT-14,KG,06,Mountain Shadows School,Jordan District,Salt Lake County,5255 W 7000 S,WEST JORDAN,UT,84084,,(801)963-0291,21,"Suburban, Large",No,595.00000,29.00000,20.5200000,179.00000,65.00000,–,Regular,Open,"40.62395378684, -112.016647286133",40.62395378684,-112.016647286133,US Census Geocoder,Non_Exact,"5255 W 7000 S, WEST JORDAN, UT, 84081"
490020301565,UT-4M-4M100,4900203,UT-4M,KG,08,Mountain Sunrise Academy,Mountain Sunrise Academy,Utah County,1802 East 145 North,SARATOGA SPRINGS,UT,84043,,(801)882-2525,41,"Rural, Fringe",Yes,493.00000,20.82000,23.6800000,43.00000,0.00000,–,Regular,Open,"40.3660285, -111.8729715",40.3660285,-111.8729715,OpenStreetMap Nominatim,Fallback,"Mountain Sunrise Academy, 1802, East Pony Express Parkway, Saratoga Springs, Utah County, Utah, 84045, United States"
490003001381,UT-01-01205,4900030,UT-01,PK,06,Mountain Trails School,Alpine District,Utah County,3951 NORTH WOOD ROAD,EAGLE MOUNTAIN,UT,84005,,(801)610-8724,41,"Rural, Fringe",No,846.00000,38.33000,22.0700000,236.00000,64.00000,–,Regular,Open,"40.304500223637, -112.025514223574",40.304500223637,-112.025514223574,US Census Geocoder,Non_Exact,"3951 WOOD RD, EAGLE MOUNTAIN, UT, 84005"
490003000706,UT-01-01711,4900030,UT-01,10,12,Mountain View High,Alpine District,Utah County,665 W CENTER,OREM,UT,84057,,(801)610-8160,13,"City, Small",No,1600.00000,64.90000,24.6500000,401.00000,92.00000,–,Regular,Open,"40.297112705483, -111.711374346187",40.297112705483,-111.711374346187,US Census Geocoder,Non_Exact,"665 W CENTER ST, OREM, UT, 84057"
490120001629,UT-35-35401,4901200,UT-35,07,09,Mountain View Jr High,Weber District,Weber County,2054 S 2700 West,WEST HAVEN,UT,84401,,(801)476-7800,21,"Suburban, Large",No,797.00000,34.34000,23.2100000,153.00000,47.00000,–,Regular,New,"41.228853339928, -112.044678820702",41.228853339928,-112.044678820702,US Census Geocoder,Exact,"2054 S 2700 W, WEST HAVEN, UT, 84401"
490016901452,UT-3J-3J100,4900169,UT-3J,KG,07,Mountain View Montessori,Mountain View Montessori,Washington County,1160 N. 645 W,WASHINGTON,UT,84780,,(435)251-8539,22,"Suburban, Midsize",Yes,210.00000,15.00000,14.0000000,81.00000,18.00000,–,Regular,Open,"37.1460650, -113.5200183",37.1460650,-113.5200183,OpenStreetMap Nominatim,Fallback,"Dixie Montessori Academy, 1160, North 645 West, Green Spring, Washington, Washington County, Utah, 84780, United States"
490087000493,UT-36-36160,4900870,UT-36,PK,06,Mountain View School,Salt Lake District,Salt Lake County,1380 S NAVAJO,SALT LAKE CITY,UT,84104,,(801)974-8315,12,"City, Midsize",No,629.00000,29.00000,21.6900000,616.00000,8.00000,–,Regular,Open,"40.739695954964, -111.929529534183",40.739695954964,-111.929529534183,US Census Geocoder,Non_Exact,"1380 NAVAJO ST, SALT LAKE CITY, UT, 84104"
490021000252,UT-07-07154,4900210,UT-07,PK,06,Mountain View School,Davis District,Davis County,2025 E 3100 N,LAYTON,UT,84040,,(801)402-3700,21,"Suburban, Large",No,696.00000,31.99000,21.7600000,146.00000,34.00000,–,Regular,Open,"41.10388545392, -111.928733332561",41.10388545392,-111.928733332561,US Census Geocoder,Exact,"2025 E 3100 N, LAYTON, UT, 84040"
490017501455,UT-5J-5J300,4900175,UT-5J,KG,09,Mountain West Montessori Academy,Mountain West Montessori Academy,Salt Lake County,4125 W Foxview Dr.,South Jordan,UT,84009,,(801)566-6962,21,"Suburban, Large",Yes,450.00000,22.09000,20.3700000,63.00000,12.00000,–,Regular,Open,"40.541719227017, -111.988282909356",40.541719227017,-111.988282909356,US Census Geocoder,Non_Exact,"4125 FOXVIEW DR, SOUTH JORDAN, UT, 84009"
490012001227,UT-04-04130,4900120,UT-04,PK,06,Mountainside School,Cache District,Cache County,235 E 125 N,MENDON,UT,84325,,(435)792-7688,41,"Rural, Fringe",No,514.00000,24.21000,21.2300000,64.00000,30.00000,–,Regular,Open,"41.7103262, -111.9711108",41.7103262,-111.9711108,OpenStreetMap Nominatim,Fallback,"125 North, Mendon, Cache County, Utah, 84325, United States"
490005101152,UT-8C-8C100,4900051,UT-8C,PK,09,Mountainville Academy,Mountainville Academy,Utah County,195 S MAIN,ALPINE,UT,84004,,(801)756-9805,21,"Suburban, Large",Yes,716.00000,32.22000,22.2200000,14.00000,10.00000,–,Regular,Open,"40.450548995119, -111.777766535451",40.450548995119,-111.777766535451,US Census Geocoder,Non_Exact,"195 S MAIN ST, ALPINE, UT, 84004"
490075001255,UT-22-22150,4900750,UT-22,PK,PK,MPES Preschool,Park City District,Summit County,2700 KEARNS BLVD,PARK CITY,UT,84060,,(435)645-5600,32,"Town, Distant",No,53.00000,0.00000,†,12.00000,3.00000,–,Special Education,Open,"40.668247437299, -111.48888579622",40.668247437299,-111.48888579622,US Census Geocoder,Exact,"2700 KEARNS BLVD, PARK CITY, UT, 84060"
490014200316,UT-42-42408,4900142,UT-42,06,08,Mt. Jordan Middle,Canyons District,Salt Lake County,9351 S. Mountaineer Ln.,SANDY,UT,84070,,(801)826-7400,21,"Suburban, Large",No,757.00000,37.22000,20.3400000,247.00000,54.00000,–,Regular,Open,"40.5818619338, -111.88404479462",40.5818619338,-111.88404479462,US Census Geocoder,Exact,"9351 S MOUNTAINEER LN, SANDY, UT, 84070"
490063000431,UT-19-19142,4900630,UT-19,PK,06,Mt. Loafer School,Nebo District,Utah County,1025 S 250 W,SALEM,UT,84653,,(801)423-2705,21,"Suburban, Large",No,642.00000,26.50000,24.2300000,87.00000,18.00000,–,Regular,Open,"40.03924749824, -111.678222628691",40.03924749824,-111.678222628691,US Census Geocoder,Exact,"1025 S 250 W, SALEM, UT, 84653"
490063001563,UT-19-19345,4900630,UT-19,06,07,Mt. Nebo Middle,Nebo District,Utah County,851 W. 450 South,PAYSON,UT,84651,,(801)465-6040,31,"Town, Fringe",No,1034.00000,49.25000,20.9900000,252.00000,96.00000,–,Regular,Open,"40.037420591431, -111.746878208873",40.037420591431,-111.746878208873,US Census Geocoder,Exact,"851 W 450 S, PAYSON, UT, 84651"
490066000411,UT-20-20112,4900660,UT-20,PK,06,Mt. Pleasant School,North Sanpete District,Sanpete County,579 S 400 E,MT PLEASANT,UT,84647,,(435)462-2077,43,"Rural, Remote",No,559.00000,23.53000,23.7600000,258.00000,57.00000,–,Regular,Open,"39.53837207935, -111.447612511787",39.53837207935,-111.447612511787,US Census Geocoder,Exact,"579 S 400 E, MT PLEASANT, UT, 84647"
490021000750,UT-07-07413,4900210,UT-07,07,09,Mueller Park Jr High,Davis District,Davis County,995 E 1800 S,BOUNTIFUL,UT,84010,,(801)402-6300,21,"Suburban, Large",No,1090.00000,42.28000,25.7800000,129.00000,35.00000,–,Regular,Open,"40.871256998876, -111.85797197124",40.871256998876,-111.85797197124,US Census Geocoder,Exact,"995 E 1800 S, BOUNTIFUL, UT, 84010"
490021000130,UT-07-07142,4900210,UT-07,PK,06,Muir School,Davis District,Davis County,2275 S DAVIS BLVD,BOUNTIFUL,UT,84010,,(801)402-1550,21,"Suburban, Large",No,596.00000,28.59000,20.8500000,38.00000,21.00000,–,Regular,Open,"40.865366229009, -111.871911462299",40.865366229009,-111.871911462299,US Census Geocoder,Exact,"2275 S DAVIS BLVD, BOUNTIFUL, UT, 84010"
490120000624,UT-35-35124,4901200,UT-35,KG,06,Municipal School,Weber District,Weber County,5775 S 2200 W,ROY,UT,84067,,(801)452-4120,21,"Suburban, Large",No,317.00000,15.26000,20.7700000,144.00000,45.00000,–,Regular,Open,"41.15833740461, -112.033552368758",41.15833740461,-112.033552368758,US Census Geocoder,Exact,"5775 S 2200 W, ROY, UT, 84067"
490060000988,UT-40-40650,4900600,UT-40,09,12,Murray Adult Transition,Murray District,Salt Lake County,147 E 5065 S,MURRAY,UT,84107,,(801)957-4693,13,"City, Small",No,0.00000,0.00000,†,†,†,†,Special Education,Open,"40.660489468682, -111.887142578533",40.660489468682,-111.887142578533,US Census Geocoder,Exact,"147 E 5065 S, MURRAY, UT, 84107"
490060000374,UT-40-40704,4900600,UT-40,10,12,Murray High,Murray District,Salt Lake County,5440 S STATE,MURRAY,UT,84107,,(801)264-7460,13,"City, Small",No,1364.00000,63.50000,21.4800000,359.00000,68.00000,–,Regular,Open,"40.653558939374, -111.888439637266",40.653558939374,-111.888439637266,US Census Geocoder,Non_Exact,"5440 S STATE ST, MURRAY, UT, 84107"
490024000165,UT-08-08112,4900240,UT-08,KG,05,Myton School,Duchesne District,Duchesne County,P O BOX 186,MYTON,UT,84052,,(435)725-4735,42,"Rural, Distant",No,120.00000,6.50000,18.4600000,50.00000,15.00000,–,Regular,Open,"40.1949599, -110.0565389",40.1949599,-110.0565389,OpenStreetMap Nominatim,Fallback,"Myton School, 435, East Main Street, Myton, Duchesne County, Utah, 84052, United States"
490108000583,UT-31-31124,4901080,UT-31,KG,05,Naples School,Uintah District,Uintah County,635 W 200 S,VERNAL,UT,84078,,(435)781-3150,33,"Town, Remote",No,456.00000,21.50000,21.2100000,203.00000,37.00000,–,Regular,Open,"40.452693063756, -109.54014823083",40.452693063756,-109.54014823083,US Census Geocoder,Exact,"635 W 200 S, VERNAL, UT, 84078"
490090000491,UT-25-25712,4900900,UT-25,09,12,Navajo Mountain High,San Juan District,San Juan County,P O BOX 10040,TONALEA,AZ,86044,,(435)678-1287,43,"Rural, Remote",No,24.00000,4.98000,4.8200000,24.00000,0.00000,–,Regular,Open,,,,,,
490003401088,UT-9B-9B100,4900034,UT-9B,KG,09,Navigator Pointe Academy,Navigator Pointe Academy,Salt Lake County,6844 S NAVIGATOR RD,WEST JORDAN,UT,84084,,(801)840-1210,21,"Suburban, Large",Yes,375.00000,19.55000,19.1800000,4.00000,0.00000,–,Regular,Open,"40.626758086632, -112.002003618617",40.626758086632,-112.002003618617,US Census Geocoder,Non_Exact,"6844 S NAVIGATOR DR, WEST JORDAN, UT, 84084"
490063001458,UT-19-19747,4900630,UT-19,KG,12,Nebo Advanced Learning Center,Nebo District,Utah County,161 E 400 N,SALEM,UT,84653,,(801)489-2833,21,"Suburban, Large",No,2.00000,18.55000,0.1100000,†,†,†,Regular,Open,"40.060706892652, -111.670126485252",40.060706892652,-111.670126485252,US Census Geocoder,Exact,"161 E 400 N, SALEM, UT, 84653"
490063001635,UT-19-19711,4900630,UT-19,KG,12,Nebo Online School,Nebo District,Utah County,161 E 400 North,SALEM,UT,84653,,(801)423-7029,21,"Suburban, Large",No,7791.00000,0.00000,†,482.00000,36.00000,–,Regular,Open,"40.060706892652, -111.670126485252",40.060706892652,-111.670126485252,US Census Geocoder,Exact,"161 E 400 N, SALEM, UT, 84653"
490045000951,UT-15-15114,4900450,UT-15,KG,06,Nebo View School,Juab District,Juab County,380 E 200 N,NEPHI,UT,84648,,(435)623-1812,32,"Town, Distant",No,353.00000,17.53000,20.1400000,71.00000,25.00000,–,Regular,Open,"39.711374403784, -111.82893443721",39.711374403784,-111.82893443721,US Census Geocoder,Exact,"380 E 200 N, NEPHI, UT, 84648"
490036001449,UT-12-12231,4900360,UT-12,PK,06,Neil Armstrong Academy,Granite District,Salt Lake County,5194 West Highbury Parkway,WEST VALLEY,UT,84120,,(385)646-5284,21,"Suburban, Large",No,688.00000,27.00000,25.4800000,147.00000,67.00000,–,Regular,Open,"40.71200985316, -112.01362904698",40.71200985316,-112.01362904698,US Census Geocoder,Non_Exact,"5194 HIGHBURY PKWY, WEST VALLEY, UT, 84120"
490024000166,UT-08-08116,4900240,UT-08,KG,05,Neola School,Duchesne District,Duchesne County,P O BOX 220,NEOLA,UT,84053,,(435)725-4715,42,"Rural, Distant",No,137.00000,7.56000,18.1200000,38.00000,13.00000,–,Regular,Open,"40.4332886, -110.0268195",40.4332886,-110.0268195,OpenStreetMap Nominatim,Fallback,"Neola School, 9000 North, Neola, Duchesne County, Utah, 84053, United States"
490072001506,UT-37-37158,4900720,UT-37,PK,06,New Bridge School,Ogden City District,Weber County,2150 Jefferson Ave.,OGDEN,UT,84401,,(801)737-8100,13,"City, Small",No,665.00000,32.40000,20.5200000,336.00000,17.00000,–,Regular,Open,"41.227846375011, -111.964613684546",41.227846375011,-111.964613684546,US Census Geocoder,Exact,"2150 JEFFERSON AVE, OGDEN, UT, 84401"
490003001641,UT-01-01440,4900030,UT-01,–,–,New Eagle Mountain Middle School,Alpine District,Utah County,575 N 100 E,AMERICAN FORK,UT,84003,,(801)610-8400,21,"Suburban, Large",No,†,†,†,†,†,†,Regular,Future,"40.388578716703, -111.795853087799",40.388578716703,-111.795853087799,US Census Geocoder,Exact,"575 N 100 E, AMERICAN FORK, UT, 84003"
490087000510,UT-36-36220,4900870,UT-36,PK,06,Newman School,Salt Lake District,Salt Lake County,1269 N COLORADO ST,SALT LAKE CITY,UT,84116,,(801)578-8537,12,"City, Midsize",No,405.00000,28.00000,14.4600000,222.00000,34.00000,–,Regular,Open,"40.796126853906, -111.930191125158",40.796126853906,-111.930191125158,US Census Geocoder,Non_Exact,"1269 COLORADO ST, SALT LAKE CITY, UT, 84116"
490087000511,UT-36-36224,4900870,UT-36,PK,08,Nibley Park School,Salt Lake District,Salt Lake County,2785 S 800 E,SALT LAKE CITY,UT,84106,,(801)481-4842,12,"City, Midsize",No,483.00000,32.00000,15.0900000,227.00000,38.00000,–,Regular,Open,"40.710878670902, -111.868243188611",40.710878670902,-111.868243188611,US Census Geocoder,Exact,"2785 S 800 E, SALT LAKE CITY, UT, 84106"
490012000598,UT-04-04140,4900120,UT-04,PK,06,Nibley School,Cache District,Cache County,2545 S 660 W,NIBLEY,UT,84321,,(435)792-7676,22,"Suburban, Midsize",No,511.00000,23.47000,21.7700000,100.00000,57.00000,–,Regular,Open,"41.6859070022, -111.849106985168",41.6859070022,-111.849106985168,US Census Geocoder,Exact,"2545 S 660 W, NIBLEY, UT, 84321"
490006300993,UT-A1-A1700,4900063,UT-A1,09,12,No. UT. Acad. for Math Engineering & Science,No. UT. Acad. for Math Engineering & Science,Davis County,2750 N UNIVERSITY PARK BLVD,LAYTON,UT,84041,,(801)395-3350,21,"Suburban, Large",Yes,667.00000,31.79000,20.9800000,25.00000,0.00000,–,Regular,Open,"41.099538833553, -111.98757816644",41.099538833553,-111.98757816644,US Census Geocoder,Non_Exact,"2750 UNIVERSITY PARK BLVD, LAYTON, UT, 84041"
490006301528,UT-A1-A1705,4900063,UT-A1,09,12,No. UT. Acad. of Math Engineering & Science Ogden,No. UT. Acad. for Math Engineering & Science,Weber County,1465 Edvalson Street,OGDEN,UT,84408,,(801)513-4084,13,"City, Small",Yes,459.00000,21.18000,21.6700000,36.00000,0.00000,–,Regular,Open,"41.195672622929, -111.941355922663",41.195672622929,-111.941355922663,US Census Geocoder,Exact,"1465 EDVALSON ST, OGDEN, UT, 84408"
490004801149,UT-6D-6D100,4900048,UT-6D,KG,06,Noah Webster Academy,Noah Webster Academy,Utah County,205 E 400 S,OREM,UT,84058,,(801)426-6624,13,"City, Small",Yes,520.00000,23.65000,21.9900000,164.00000,32.00000,–,Regular,Open,"40.289819995402, -111.691009176274",40.289819995402,-111.691009176274,US Census Geocoder,Exact,"205 E 400 S, OREM, UT, 84058"
490012000078,UT-04-04406,4900120,UT-04,07,08,North Cache Middle School,Cache District,Cache County,157 W 600 S,RICHMOND,UT,84333,,(435)258-2452,41,"Rural, Fringe",No,1194.00000,49.81000,23.9700000,237.00000,129.00000,–,Regular,Open,"41.91066603756, -111.813639396911",41.91066603756,-111.813639396911,US Census Geocoder,Exact,"157 W 600 S, RICHMOND, UT, 84333"
490021000135,UT-07-07412,4900210,UT-07,07,09,North Davis Jr High,Davis District,Davis County,835 S STATE ST,CLEARFIELD,UT,84015,,(801)402-6500,21,"Suburban, Large",No,941.00000,47.32000,19.8900000,375.00000,88.00000,–,Regular,Open,"41.102166951833, -112.013902255783",41.102166951833,-112.013902255783,US Census Geocoder,Non_Exact,"835 STATE ST, CLEARFIELD, UT, 84015"
490006800998,UT-A6-A6100,4900068,UT-A6,KG,09,North Davis Preparatory Academy,North Davis Preparatory Academy,Davis County,1765 W HILLFIELD RD,LAYTON,UT,84041,,(801)547-1809,21,"Suburban, Large",Yes,966.00000,47.22000,20.4600000,232.00000,37.00000,–,Regular,Open,"41.085454426746, -111.973509775639",41.085454426746,-111.973509775639,US Census Geocoder,Non_Exact,"1765 HILL FIELD RD, LAYTON, UT, 84041"
490021000136,UT-07-07414,4900210,UT-07,07,09,North Layton Jr High,Davis District,Davis County,1100 W 2000 N,LAYTON,UT,84041,,(801)402-6600,21,"Suburban, Large",No,959.00000,47.07000,20.3700000,254.00000,49.00000,–,Regular,Open,"41.089245229581, -111.986006386692",41.089245229581,-111.986006386692,US Census Geocoder,Exact,"1100 W 2000 N, LAYTON, UT, 84041"
490120000625,UT-35-35402,4901200,UT-35,07,09,North Ogden Jr High,Weber District,Weber County,575 E 2900 N,OGDEN,UT,84414,,(801)452-4800,21,"Suburban, Large",No,862.00000,37.77000,22.8200000,149.00000,56.00000,–,Regular,Open,"41.313755739962, -111.965603403359",41.313755739962,-111.965603403359,US Census Geocoder,Exact,"575 E 2900 N, OGDEN, UT, 84414"
490120000626,UT-35-35128,4901200,UT-35,KG,06,North Ogden School,Weber District,Weber County,530 E 2650 N,OGDEN,UT,84414,,(801)452-4300,21,"Suburban, Large",No,537.00000,23.50000,22.8500000,133.00000,47.00000,–,Regular,Open,"41.307162204006, -111.965126947841",41.307162204006,-111.965126947841,US Census Geocoder,Exact,"530 E 2650 N, OGDEN, UT, 84414"
490120000627,UT-35-35132,4901200,UT-35,PK,06,North Park School,Weber District,Weber County,4046 S 2175 W,ROY,UT,84067,,(801)452-4340,21,"Suburban, Large",No,523.00000,26.62000,19.6500000,250.00000,57.00000,–,Regular,Open,"41.189904381482, -112.032175196784",41.189904381482,-112.032175196784,US Census Geocoder,Exact,"4046 S 2175 W, ROY, UT, 84067"
490012000079,UT-04-04144,4900120,UT-04,PK,06,North Park School,Cache District,Cache County,2800 N 800 E,NORTH LOGAN,UT,84341,,(435)752-5121,22,"Suburban, Midsize",No,495.00000,22.50000,22.0000000,106.00000,20.00000,–,Regular,Open,"41.782390471857, -111.813112334958",41.782390471857,-111.813112334958,US Census Geocoder,Exact,"2800 N 800 E, NORTH LOGAN, UT, 84341"
490009000062,UT-03-03167,4900090,UT-03,KG,05,North Park School,Box Elder District,Box Elder County,50 E 700 N,TREMONTON,UT,84337,,(435)515-5080,32,"Town, Distant",No,661.00000,31.50000,20.9800000,189.00000,100.00000,–,Regular,Open,"41.720843529373, -112.167335901125",41.720843529373,-112.167335901125,US Census Geocoder,Non_Exact,"50 W 700 N, TREMONTON, UT, 84337"
490003001299,UT-01-01150,4900030,UT-01,PK,06,North Point School,Alpine District,Utah County,2300 W 1900 N,LEHI,UT,84043,,(801)610-8722,13,"City, Small",No,1128.00000,47.55000,23.7200000,174.00000,49.00000,–,Regular,Open,"40.4114060, -111.8689868",40.4114060,-111.8689868,OpenStreetMap Nominatim,Fallback,"West 1900 North, Lehi, Utah County, Utah, 84043, United States"
490006901138,UT-41-41111,4900069,UT-41,PK,12,North Region Blind,Utah Schools for the Deaf and the Blind,Weber County,742 HARRISON BLVD,Ogden,UT,84404,,(801)629-4735,13,"City, Small",No,18.00000,12.00000,1.5000000,4.00000,0.00000,–,Special Education,Open,"41.250726833694, -111.947910812642",41.250726833694,-111.947910812642,US Census Geocoder,Exact,"742 HARRISON BLVD, OGDEN, UT, 84404"
490084000470,UT-24-24110,4900840,UT-24,KG,05,North Rich School,Rich District,Rich County,P O BOX 129,LAKETOWN,UT,84038,,(435)946-3359,42,"Rural, Distant",No,122.00000,7.12000,17.1300000,32.00000,10.00000,–,Regular,Open,"41.8227667, -111.3216912",41.8227667,-111.3216912,OpenStreetMap Nominatim,Fallback,"North Rich Elementary School, East 100 South, Laketown, Rich County, Utah, 84038, United States"
490066000412,UT-20-20704,4900660,UT-20,09,12,North Sanpete High,North Sanpete District,Sanpete County,390 E 700 S,MT PLEASANT,UT,84647,,(435)462-2452,43,"Rural, Remote",No,782.00000,31.38000,24.9200000,298.00000,70.00000,–,Regular,Open,"39.536504773697, -111.447870614169",39.536504773697,-111.447870614169,US Census Geocoder,Exact,"390 E 700 S, MT PLEASANT, UT, 84647"
490066000413,UT-20-20404,4900660,UT-20,07,08,North Sanpete Middle,North Sanpete District,Sanpete County,655 E 100 S,MORONI,UT,84646,,(435)436-8206,43,"Rural, Remote",No,355.00000,20.65000,17.1900000,159.00000,39.00000,–,Regular,Open,"39.5235024, -111.5893023",39.5235024,-111.5893023,OpenStreetMap Nominatim,Fallback,"100 South, Moroni, Sanpete County, Utah, 84646, United States"
490093000542,UT-26-26704,4900930,UT-26,09,12,North Sevier High,Sevier District,Sevier County,350 W 400 N,SALINA,UT,84654,,(435)529-3717,43,"Rural, Remote",No,270.00000,17.15000,15.7400000,102.00000,0.00000,–,Regular,Open,"38.963206870867, -111.870982894679",38.963206870867,-111.870982894679,US Census Geocoder,Exact,"350 W 400 N, SALINA, UT, 84654"
490093000782,UT-26-26310,4900930,UT-26,06,08,North Sevier Middle,Sevier District,Sevier County,135 N 100 W,SALINA,UT,84654,,(435)529-3841,43,"Rural, Remote",No,196.00000,11.85000,16.5400000,100.00000,0.00000,–,Regular,Open,"38.959455441756, -111.861858682337",38.959455441756,-111.861858682337,US Census Geocoder,Exact,"135 N 100 W, SALINA, UT, 84654"
490002501089,UT-5B-5B100,4900025,UT-5B,KG,09,North Star Academy,North Star Academy,Salt Lake County,2920 W 14000 S,Bluffdale,UT,84065,,(801)302-9579,21,"Suburban, Large",Yes,522.00000,27.46000,19.0100000,22.00000,13.00000,–,Regular,Open,"40.4973719, -111.9378678",40.4973719,-111.9378678,OpenStreetMap Nominatim,Fallback,"14000 South, Bluffdale, Salt Lake County, Utah, 84065, United States"
490087000695,UT-36-36140,4900870,UT-36,PK,06,North Star School,Salt Lake District,Salt Lake County,1545 N MORTON DR,SALT LAKE CITY,UT,84116,,(801)578-8448,12,"City, Midsize",No,336.00000,22.01000,15.2700000,231.00000,44.00000,–,Regular,Open,"40.804099272264, -111.944401892542",40.804099272264,-111.944401892542,US Census Geocoder,Non_Exact,"1545 MORTON DR, SALT LAKE CITY, UT, 84116"
490069000415,UT-21-21704,4900690,UT-21,09,12,North Summit High,North Summit District,Summit County,BOX 497,COALVILLE,UT,84017,,(435)336-5656,42,"Rural, Distant",No,371.00000,20.23000,18.3400000,43.00000,18.00000,–,Regular,Open,"40.9161148, -111.3941932",40.9161148,-111.3941932,OpenStreetMap Nominatim,Fallback,"North Summit High School, 100 East, Coalville, Summit County, Utah, United States"
490069000724,UT-21-21304,4900690,UT-21,05,08,North Summit Middle,North Summit District,Summit County,BOX 497,COALVILLE,UT,84017,,(435)336-5678,42,"Rural, Distant",No,323.00000,16.63000,19.4200000,46.00000,21.00000,–,Regular,Open,"40.9155957, -111.3959262",40.9155957,-111.3959262,OpenStreetMap Nominatim,Fallback,"North Summit Middle School, 100 South, Coalville, Summit County, Utah, United States"
490069001254,UT-21-21100,4900690,UT-21,PK,PK,North Summit Preschool,North Summit District,Summit County,PO BOX 497,COALVILLE,UT,84017,,(435)336-5654,42,"Rural, Distant",No,30.00000,0.00000,†,5.00000,3.00000,–,Special Education,Open,,,,,,
490069000416,UT-21-21110,4900690,UT-21,KG,04,North Summit School,North Summit District,Summit County,BOX 497,COALVILLE,UT,84017,,(435)336-2101,42,"Rural, Distant",No,349.00000,22.25000,15.6900000,59.00000,24.00000,–,Regular,Open,"40.9155957, -111.3959262",40.9155957,-111.3959262,OpenStreetMap Nominatim,Fallback,"North Summit Middle School, 100 South, Coalville, Summit County, Utah, United States"
490105000562,UT-30-30132,4901050,UT-30,PK,06,Northlake School,Tooele District,Tooele County,268 N COLEMAN,TOOELE,UT,84074,,(435)833-1940,32,"Town, Distant",No,684.00000,35.50000,19.2700000,255.00000,53.00000,–,Regular,Open,"40.535692223753, -112.314125820512",40.535692223753,-112.314125820512,US Census Geocoder,Non_Exact,"268 N COLEMAN ST, TOOELE, UT, 84074"
490021000045,UT-07-07711,4900210,UT-07,10,12,Northridge High,Davis District,Davis County,2430 N HILLFIELD RD,LAYTON,UT,84041,,(801)402-8500,21,"Suburban, Large",No,1984.00000,78.87000,25.1600000,421.00000,110.00000,–,Regular,Open,"41.095384474499, -111.973394174195",41.095384474499,-111.973394174195,US Census Geocoder,Non_Exact,"2430 HILL FIELD RD, LAYTON, UT, 84041"
490003000647,UT-01-01155,4900030,UT-01,PK,06,Northridge School,Alpine District,Utah County,1660 N 50 E,OREM,UT,84057,,(801)610-8114,13,"City, Small",No,397.00000,21.09000,18.8200000,56.00000,11.00000,–,Regular,Open,"40.328091584945, -111.695195548633",40.328091584945,-111.695195548633,US Census Geocoder,Exact,"1660 N 50 E, OREM, UT, 84057"
490087000512,UT-36-36440,4900870,UT-36,07,08,Northwest Middle,Salt Lake District,Salt Lake County,1730 W 1700 N,SALT LAKE CITY,UT,84116,,(801)578-8547,12,"City, Midsize",No,542.00000,35.67000,15.1900000,399.00000,73.00000,–,Regular,Open,"40.805718257427, -111.941233053208",40.805718257427,-111.941233053208,US Census Geocoder,Exact,"1730 W 1700 N, SALT LAKE CITY, UT, 84116"
490003000075,UT-01-01412,4900030,UT-01,07,10,Oak Canyon Jr High,Alpine District,Utah County,111 S 725 E,LINDON,UT,84042,,(801)610-8138,21,"Suburban, Large",No,1295.00000,55.48000,23.3400000,159.00000,27.00000,–,Regular,Open,"40.335756681395, -111.699344659592",40.335756681395,-111.699344659592,US Census Geocoder,Exact,"111 S 725 E, LINDON, UT, 84042"
490021000137,UT-07-07146,4900210,UT-07,PK,06,Oak Hills School,Davis District,Davis County,1235 E 600 S,BOUNTIFUL,UT,84010,,(801)402-1650,21,"Suburban, Large",No,509.00000,23.00000,22.1300000,31.00000,13.00000,–,Regular,Open,"40.882536637267, -111.856323495474",40.882536637267,-111.856323495474,US Census Geocoder,Exact,"1235 E 600 S, BOUNTIFUL, UT, 84010"
490014200529,UT-42-42143,4900142,UT-42,KG,05,Oak Hollow School,Canyons District,Salt Lake County,14400 S 884 E,DRAPER,UT,84020,,(801)826-8875,21,"Suburban, Large",No,488.00000,23.00000,21.2200000,40.00000,14.00000,–,Regular,Open,"40.4899942, -111.8840134",40.4899942,-111.8840134,OpenStreetMap Nominatim,Fallback,"Bridgefield Drive, Draper, Salt Lake County, Utah, 84020, United States"
490042001599,UT-14-14141,4900420,UT-14,KG,06,Oak Leaf Elementary,Jordan District,Salt Lake County,6935 W Silver Sky Drive,HERRIMAN,UT,84096,,(801)567-8970,41,"Rural, Fringe",No,566.00000,27.56000,20.5400000,46.00000,9.00000,–,Regular,Open,"40.5170651, -112.0562375",40.5170651,-112.0562375,OpenStreetMap Nominatim,Fallback,"Oak Leaf Elementary School, 6936, Silver Sky Drive, Herriman, Salt Lake County, Utah, 84096, United States"
490042001090,UT-14-14114,4900420,UT-14,KG,06,Oakcrest School,Jordan District,Salt Lake County,8462 S HILLTOP OAK DR,WEST JORDAN,UT,84088,,(801)280-7243,21,"Suburban, Large",No,694.00000,32.00000,21.6900000,139.00000,32.00000,–,Regular,Open,"40.597250845502, -112.046051001641",40.597250845502,-112.046051001641,US Census Geocoder,Non_Exact,"8462 S HILLTOP OAK DR, WEST JORDAN, UT, 84081"
490014200317,UT-42-42149,4900142,UT-42,KG,05,Oakdale School,Canyons District,Salt Lake County,1900 E CREEK ROAD,SANDY,UT,84093,,(801)826-8950,21,"Suburban, Large",No,340.00000,16.00000,21.2500000,60.00000,20.00000,–,Regular,Open,"40.605405330572, -111.837422779601",40.605405330572,-111.837422779601,US Census Geocoder,Exact,"1900 E CREEK RD, SANDY, UT, 84093"
490036000246,UT-12-12170,4900360,UT-12,KG,05,Oakridge School,Granite District,Salt Lake County,4325 S JUPITER DR,SALT LAKE CITY,UT,84124,,(385)646-4936,21,"Suburban, Large",No,279.00000,13.00000,21.4600000,12.00000,5.00000,–,Regular,Open,"40.676748260052, -111.790330247453",40.676748260052,-111.790330247453,US Census Geocoder,Non_Exact,"4325 JUPITER DR, SALT LAKE CITY, UT, 84124"
490036000247,UT-12-12172,4900360,UT-12,PK,06,Oakwood School,Granite District,Salt Lake County,5815 S HIGHLAND DR,SALT LAKE CITY,UT,84121,,(385)646-4942,21,"Suburban, Large",No,580.00000,29.00000,20.0000000,92.00000,18.00000,–,Regular,Open,"40.645290720011, -111.834893715786",40.645290720011,-111.834893715786,US Census Geocoder,Non_Exact,"5815 HIGHLAND DR, SALT LAKE CITY, UT, 84121"
490002101092,UT-1C-1C100,4900021,UT-1C,KG,06,Odyssey Charter School,Odyssey Charter School,Utah County,738 E QUALITY DR,AMERICAN FORK,UT,84003,,(801)492-8105,21,"Suburban, Large",Yes,420.00000,24.63000,17.0500000,53.00000,22.00000,–,Regular,Open,"40.362153228182, -111.779820276838",40.362153228182,-111.779820276838,US Census Geocoder,Non_Exact,"738 QUALITY DR, AMERICAN FORK, UT, 84003"
490072001273,UT-37-37163,4900720,UT-37,PK,06,Odyssey School,Ogden City District,Weber County,375 GODDARD STREET,OGDEN,UT,84403,,(801)737-8400,13,"City, Small",No,520.00000,25.50000,20.3900000,400.00000,7.00000,–,Regular,Open,"41.204537624351, -111.971403453284",41.204537624351,-111.971403453284,US Census Geocoder,Non_Exact,"375 GODDARD ST, OGDEN, UT, 84401"
490021001474,UT-07-07167,4900210,UT-07,PK,06,Odyssey School,Davis District,Davis County,2050 S 1955 W,WOODS CROSS,UT,84087,,(801)402-0200,21,"Suburban, Large",No,553.00000,27.00000,20.4800000,32.00000,22.00000,–,Regular,Open,"40.8690206358, -111.934057995065",40.8690206358,-111.934057995065,US Census Geocoder,Exact,"2050 S 1955 W, WOODS CROSS, UT, 84087"
490072001271,UT-37-37707,4900720,UT-37,10,12,Ogden High,Ogden City District,Weber County,2828 HARRISON BLVD,OGDEN,UT,84403,,(801)737-8673,13,"City, Small",No,1127.00000,58.02000,19.4200000,401.00000,108.00000,–,Regular,Open,"41.213452415622, -111.948315450647",41.213452415622,-111.948315450647,US Census Geocoder,Exact,"2828 HARRISON BLVD, OGDEN, UT, 84403"
490072001606,UT-37-37200,4900720,UT-37,KG,06,Ogden Online Elementary,Ogden City District,Weber County,1950 Monroe Boulevard,OGDEN,UT,84401,,(801)737-7300,13,"City, Small",No,0.00000,0.00000,†,†,†,†,Regular,Open,"41.232289613653, -111.959002003137",41.232289613653,-111.959002003137,US Census Geocoder,Exact,"1950 MONROE BLVD, OGDEN, UT, 84401"
490072001607,UT-37-37750,4900720,UT-37,07,12,Ogden Online Secondary,Ogden City District,Weber County,1950 Monroe Boulevard,OGDEN,UT,84401,,(801)737-7300,13,"City, Small",No,0.00000,0.00000,†,†,†,†,Regular,Open,"41.232289613653, -111.959002003137",41.232289613653,-111.959002003137,US Census Geocoder,Exact,"1950 MONROE BLVD, OGDEN, UT, 84401"
490005800989,UT-68-68100,4900058,UT-68,PK,09,Ogden Preparatory Academy,Ogden Preparatory Academy,Weber County,1415 Lincoln Ave.,OGDEN,UT,84404,,(801)627-2066,13,"City, Small",Yes,1014.00000,56.05000,18.0900000,556.00000,94.00000,–,Regular,Open,"41.241101483488, -111.97565851222",41.241101483488,-111.97565851222,US Census Geocoder,Exact,"1415 LINCOLN AVE, OGDEN, UT, 84404"
490072001232,UT-37-37100,4900720,UT-37,PK,KG,Ogden Preschool,Ogden City District,Weber County,1950 MONROE BLVD,OGDEN,UT,84401,,(801)737-7300,13,"City, Small",No,86.00000,6.00000,14.3300000,36.00000,7.00000,–,Special Education,Open,"41.232289613653, -111.959002003137",41.232289613653,-111.959002003137,US Census Geocoder,Exact,"1950 MONROE BLVD, OGDEN, UT, 84401"
490072001649,UT-37-37712,4900720,UT-37,10,12,Ogden Technical High School,Ogden City District,Weber County,164 N. Tech College Circle,OGDEN,UT,84404,,(801)737-7300,13,"City, Small",No,0.00000,0.00000,†,†,†,†,Vocational,New,"41.2657554, -111.9630803",41.2657554,-111.9630803,OpenStreetMap Nominatim,Fallback,"Tech College Circle, Ogden, Weber County, Utah, 84404, United States"
490105001519,UT-30-30152,4901050,UT-30,PK,06,Old Mill School,Tooele District,Tooele County,130 E Brigham Rd,STANSBURY PARK,UT,84074,,(435)833-1900,32,"Town, Distant",No,665.00000,31.31000,21.2400000,106.00000,24.00000,–,Regular,Open,"40.650638436824, -112.302120691211",40.650638436824,-112.302120691211,US Census Geocoder,Non_Exact,"130 BRIGHAM RD, STANSBURY PARK, UT, 84074"
490111001162,UT-32-32114,4901110,UT-32,PK,05,Old Mill School,Wasatch District,Wasatch County,1600 E 980 S,HEBER CITY,UT,84032,,(435)657-3130,32,"Town, Distant",No,769.00000,36.51000,21.0600000,88.00000,33.00000,–,Regular,Open,"40.495501252223, -111.390205254499",40.495501252223,-111.390205254499,US Census Geocoder,Exact,"1600 E 980 S, HEBER CITY, UT, 84032"
490036000259,UT-12-12188,4900360,UT-12,PK,06,Olene Walker Elementary,Granite District,Salt Lake County,3225 S 800 E,SALT LAKE CITY,UT,84106,,(385)646-4996,21,"Suburban, Large",No,712.00000,27.80000,25.6100000,260.00000,42.00000,–,Regular,Open,"40.700760263433, -111.868261201399",40.700760263433,-111.868261201399,US Census Geocoder,Exact,"3225 S 800 E, SALT LAKE CITY, UT, 84106"
490036000248,UT-12-12716,4900360,UT-12,09,12,Olympus High,Granite District,Salt Lake County,4055 S 2300 E,SALT LAKE CITY,UT,84124,,(385)646-5400,21,"Suburban, Large",No,2151.00000,86.24000,24.9400000,314.00000,42.00000,–,Regular,Open,"40.686037799621, -111.824413228452",40.686037799621,-111.824413228452,US Census Geocoder,Exact,"4055 S 2300 E, SALT LAKE CITY, UT, 84124"
490036000249,UT-12-12424,4900360,UT-12,05,09,Olympus Jr High,Granite District,Salt Lake County,2217 E 4800 S,SALT LAKE CITY,UT,84117,,(385)646-5224,21,"Suburban, Large",No,807.00000,30.82000,26.1800000,82.00000,19.00000,–,Regular,Open,"40.667234216121, -111.827611982825",40.667234216121,-111.827611982825,US Census Geocoder,Exact,"2217 E 4800 S, SALT LAKE CITY, UT, 84117"
490011801135,UT-8D-8D240,4900118,UT-8D,PK,08,Open Classroom,Open Classroom,Salt Lake County,134 D STREET,SALT LAKE CITY,UT,84103,,(801)578-8144,12,"City, Midsize",Yes,307.00000,14.50000,21.1700000,95.00000,13.00000,–,Regular,Open,"40.772780664825, -111.878980107952",40.772780664825,-111.878980107952,US Census Geocoder,Exact,"134 D ST, SALT LAKE CITY, UT, 84103"
490042000720,UT-14-14409,4900420,UT-14,07,09,Oquirrh Hills Middle,Jordan District,Salt Lake County,12949 S 2700 W,RIVERTON,UT,84065,,(801)412-2350,21,"Suburban, Large",No,1261.00000,55.82000,22.5900000,122.00000,48.00000,–,Regular,Open,"40.515831451374, -111.957617917124",40.515831451374,-111.957617917124,US Census Geocoder,Exact,"12949 S 2700 W, RIVERTON, UT, 84065"
490042000684,UT-14-14147,4900420,UT-14,KG,06,Oquirrh School,Jordan District,Salt Lake County,7165 S PADDINGTON ROAD,WEST JORDAN,UT,84084,,(801)565-7474,21,"Suburban, Large",No,524.00000,28.75000,18.2300000,252.00000,57.00000,–,Regular,Open,"40.620196238486, -111.970402282483",40.620196238486,-111.970402282483,US Census Geocoder,Non_Exact,"7165 PADDINGTON RD, WEST JORDAN, UT, 84084"
490063001155,UT-19-19143,4900630,UT-19,PK,06,Orchard Hills School,Nebo District,Utah County,168 E 610 S,SANTAQUIN,UT,84655,,(801)754-5106,31,"Town, Fringe",No,742.00000,33.00000,22.4800000,125.00000,55.00000,–,Regular,Open,"39.966133296499, -111.780162467279",39.966133296499,-111.780162467279,US Census Geocoder,Exact,"168 E 610 S, SANTAQUIN, UT, 84655"
490021000138,UT-07-07147,4900210,UT-07,PK,06,Orchard School,Davis District,Davis County,205 E CENTER STREET,NORTH SALT LAKE,UT,84054,,(801)402-1700,21,"Suburban, Large",No,581.00000,28.16000,20.6300000,87.00000,19.00000,–,Regular,Open,"40.841897588288, -111.905502351908",40.841897588288,-111.905502351908,US Census Geocoder,Exact,"205 E CENTER ST, NORTH SALT LAKE, UT, 84054"
490003000791,UT-01-01151,4900030,UT-01,PK,06,Orchard School,Alpine District,Utah County,1035 N 800 E,OREM,UT,84097,,(801)610-8115,13,"City, Small",No,625.00000,24.92000,25.0800000,143.00000,33.00000,–,Regular,Open,"40.316974882305, -111.676836921222",40.316974882305,-111.676836921222,US Census Geocoder,Exact,"1035 N 800 E, OREM, UT, 84097"
490120001546,UT-35-35142,4901200,UT-35,PK,06,Orchard Springs,Weber District,Weber County,3300 N 975 W,Pleasant View,UT,84414,,(801)476-7800,21,"Suburban, Large",No,472.00000,20.47000,23.0600000,132.00000,27.00000,–,Regular,Open,"41.320842068672, -111.949090112764",41.320842068672,-111.949090112764,US Census Geocoder,Non_Exact,"975 E 3300 N, PLEASANT VIEW, UT, 84414"
490003000021,UT-01-01712,4900030,UT-01,10,12,Orem High,Alpine District,Utah County,175 S 400 E,OREM,UT,84097,,(801)610-8165,13,"City, Small",No,1225.00000,51.86000,23.6200000,209.00000,52.00000,–,Regular,Open,"40.293280009871, -111.685780576135",40.293280009871,-111.685780576135,US Census Geocoder,Exact,"175 S 400 E, OREM, UT, 84097"
490003000022,UT-01-01414,4900030,UT-01,07,09,Orem Jr High,Alpine District,Utah County,650 West Jaguar Ave,OREM,UT,84057,,(801)610-8142,13,"City, Small",No,969.00000,40.97000,23.6500000,304.00000,74.00000,–,Regular,Open,"40.3108379, -111.7125841",40.3108379,-111.7125841,OpenStreetMap Nominatim,Fallback,"Orem Junior High School, West 800 North, Orem Station, Orem, Utah County, Utah, 84057, United States"
490003000023,UT-01-01157,4900030,UT-01,PK,06,Orem School,Alpine District,Utah County,450 W 400 S,OREM,UT,84058,,(801)610-8116,13,"City, Small",No,659.00000,28.81000,22.8700000,152.00000,51.00000,–,Regular,Open,"40.289959869211, -111.705571932931",40.289959869211,-111.705571932931,US Census Geocoder,Exact,"450 W 400 S, OREM, UT, 84058"
490120000967,UT-35-35405,4901200,UT-35,07,09,Orion Jr High,Weber District,Weber County,370 W 2000 N,HARRISVILLE,UT,84414,,(801)452-4700,21,"Suburban, Large",No,1000.00000,43.90000,22.7800000,217.00000,37.00000,–,Regular,Open,"41.294787206798, -111.983100208236",41.294787206798,-111.983100208236,US Census Geocoder,Non_Exact,"370 W 2000 NORTH ST, HARRISVILLE, UT, 84414"
490078001262,UT-23-23102,4900780,UT-23,PK,PK,Oscarson Preschool,Piute District,Piute County,160 W SEVIER AVE,MARYSVALE,UT,84750,,(435)326-4341,43,"Rural, Remote",No,5.00000,0.00000,†,‡,‡,–,Special Education,Open,"38.4505073, -112.2335311",38.4505073,-112.2335311,OpenStreetMap Nominatim,Fallback,"Oscarson Preschool, West 100 North Street, Marysvale, Piute County, Utah, 84750, United States"
490078000449,UT-23-23112,4900780,UT-23,KG,06,Oscarson School,Piute District,Piute County,160 W SEVIER AVE,MARYSVALE,UT,84750,,(435)326-4341,43,"Rural, Remote",No,24.00000,2.80000,8.5700000,10.00000,4.00000,–,Regular,Open,"38.4511775, -112.2334717",38.4511775,-112.2334717,OpenStreetMap Nominatim,Fallback,"Oscarson School, North 200 West Street, Marysvale, Piute County, Utah, 84750, United States"
490114001371,UT-33-33701,4901140,UT-33,PK,12,Out of State School,Washington District,Washington County,121 W TABERNACLE,ST GEORGE,UT,84770,,(435)673-3553,12,"City, Midsize",No,0.00000,0.00000,†,†,†,†,Regular,Open,"37.108152210413, -113.585904028515",37.108152210413,-113.585904028515,US Census Geocoder,Exact,"121 W TABERNACLE, ST GEORGE, UT, 84770"
490105000775,UT-30-30134,4901050,UT-30,KG,06,Overlake School,Tooele District,Tooele County,2052 N 170 W,TOOELE,UT,84074,,(435)843-3805,32,"Town, Distant",No,690.00000,32.00000,21.5600000,114.00000,49.00000,–,Regular,Open,"40.566594528255, -112.307222782759",40.566594528255,-112.307222782759,US Census Geocoder,Non_Exact,"2052 170 W, TOOELE, UT, 84074"
490015901406,UT-7H-7H100,4900159,UT-7H,KG,08,Pacific Heritage Academy,Pacific Heritage Academy,Salt Lake County,1755 W 1100 N,SALT LAKE CITY,UT,84116,,(801)363-1892,12,"City, Midsize",Yes,327.00000,16.00000,20.4400000,128.00000,9.00000,–,Regular,Open,"40.793318667348, -111.940434180386",40.793318667348,-111.940434180386,US Census Geocoder,Exact,"1755 W 1100 N, SALT LAKE CITY, UT, 84116"
490093000543,UT-26-26124,4900930,UT-26,03,05,Pahvant School,Sevier District,Sevier County,520 N 300 W,RICHFIELD,UT,84701,,(435)896-4403,33,"Town, Remote",No,520.00000,21.50000,24.1900000,286.00000,0.00000,–,Regular,Open,"38.775498254057, -112.090077151219",38.775498254057,-112.090077151219,US Census Geocoder,Exact,"520 N 300 W, RICHFIELD, UT, 84701"
490030000188,UT-10-10712,4900300,UT-10,09,12,Panguitch High,Garfield District,Garfield County,PO BOX 393,PANGUITCH,UT,84759,,(435)676-8805,43,"Rural, Remote",No,149.00000,10.65000,13.9900000,23.00000,9.00000,–,Regular,Open,"37.8228204, -112.4357561",37.8228204,-112.4357561,OpenStreetMap Nominatim,Fallback,"Panguitch, Garfield County, Utah, 84759, United States"
490030000712,UT-10-10304,4900300,UT-10,07,08,Panguitch Middle,Garfield District,Garfield County,P O BOX 393,PANGUITCH,UT,84759,,(435)676-8225,43,"Rural, Remote",No,56.00000,4.50000,12.4400000,11.00000,7.00000,–,Regular,Open,"37.8216553, -112.4292184",37.8216553,-112.4292184,OpenStreetMap Nominatim,Fallback,"Panguitch High School-Middle School, 400 East, Panguitch, Garfield County, Utah, 84759, United States"
490030000189,UT-10-10124,4900300,UT-10,PK,06,Panguitch School,Garfield District,Garfield County,PO BOX 386,PANGUITCH,UT,84759,,(435)676-8847,43,"Rural, Remote",No,240.00000,13.70000,17.5200000,55.00000,34.00000,–,Regular,Open,"37.8183106, -112.4379861",37.8183106,-112.4379861,OpenStreetMap Nominatim,Fallback,"Panguitch School, 300 South, Panguitch, Garfield County, Utah, 84759, United States"
490114000866,UT-33-33121,4901140,UT-33,PK,05,Panorama School,Washington District,Washington County,301 N 2200 E,ST GEORGE,UT,84790,,(435)628-6881,12,"City, Midsize",No,447.00000,23.50000,19.0200000,213.00000,55.00000,–,Regular,Open,"37.11439579779, -113.536527224501",37.11439579779,-113.536527224501,US Census Geocoder,Exact,"301 N 2200 E, ST GEORGE, UT, 84790"
490005201153,UT-9C-9C700,4900052,UT-9C,07,12,Paradigm High School,Paradigm High School,Salt Lake County,11577 S 3600 W,SOUTH JORDAN,UT,84095,,(801)666-2981,21,"Suburban, Large",Yes,361.00000,21.07000,17.1300000,77.00000,0.00000,–,Regular,Open,"40.540950728178, -111.976704213281",40.540950728178,-111.976704213281,US Census Geocoder,Exact,"11577 S 3600 W, SOUTH JORDAN, UT, 84095"
490114000903,UT-33-33103,4901140,UT-33,PK,05,Paradise Canyon,Washington District,Washington County,1795 W 1230 N,ST GEORGE,UT,84770,,(435)673-8978,12,"City, Midsize",No,461.00000,21.50000,21.4400000,258.00000,66.00000,–,Regular,Open,"37.12935023895, -113.621977338346",37.12935023895,-113.621977338346,US Census Geocoder,Exact,"1795 W 1230 N, ST GEORGE, UT, 84770"
490075000447,UT-22-22704,4900750,UT-22,10,12,Park City High,Park City District,Summit County,1750 KEARNS BLVD,PARK CITY,UT,84060,,(435)645-5650,32,"Town, Distant",No,1177.00000,66.17000,17.7900000,177.00000,9.00000,–,Regular,Open,"40.666935481566, -111.495351067332",40.666935481566,-111.495351067332,US Census Geocoder,Exact,"1750 KEARNS BLVD, PARK CITY, UT, 84060"
490014200685,UT-42-42155,4900142,UT-42,KG,05,Park Lane School,Canyons District,Salt Lake County,9955 S 2300 E,SANDY,UT,84092,,(801)826-9025,21,"Suburban, Large",No,324.00000,17.63000,18.3800000,39.00000,10.00000,–,Regular,Open,"40.570347262401, -111.824488529764",40.570347262401,-111.824488529764,US Census Geocoder,Exact,"9955 S 2300 E, SANDY, UT, 84092"
490063000388,UT-19-19144,4900630,UT-19,PK,06,Park School,Nebo District,Utah County,90 N 600 E,SPANISH FORK,UT,84660,,(801)798-4045,21,"Suburban, Large",No,469.00000,23.98000,19.5600000,192.00000,76.00000,–,Regular,Open,"40.110971374033, -111.644086020726",40.110971374033,-111.644086020726,US Census Geocoder,Exact,"90 N 600 E, SPANISH FORK, UT, 84660"
490009000064,UT-03-03168,4900090,UT-03,KG,06,Park Valley Elementary,Box Elder District,Box Elder County,788 EDUCATION DR,PARK VALLEY,UT,84329,,(435)515-4400,43,"Rural, Remote",No,19.00000,2.00000,9.5000000,7.00000,2.00000,–,Regular,Open,,,,,,
490009000916,UT-03-03712,4900090,UT-03,07,10,Park Valley Secondary,Box Elder District,Box Elder County,788 EDUCATION DR,PARK VALLEY,UT,84329,,(435)515-4400,43,"Rural, Remote",No,10.00000,1.32000,7.5800000,0.00000,3.00000,–,Regular,Open,,,,,,
490063000389,UT-19-19148,4900630,UT-19,PK,06,Park View School,Nebo District,Utah County,360 S 100 E,PAYSON,UT,84651,,(801)465-6010,31,"Town, Fringe",No,356.00000,17.73000,20.0800000,90.00000,28.00000,–,Regular,Open,"40.038844521645, -111.730841379358",40.038844521645,-111.730841379358,US Census Geocoder,Exact,"360 S 100 E, PAYSON, UT, 84651"
490003001621,UT-01-01216,4900030,UT-01,PK,06,Parkside Elementary,Alpine District,Utah County,668 W 150 North,OREM,UT,84057,,(801)610-8120,13,"City, Small",No,588.00000,25.33000,23.2100000,314.00000,45.00000,–,Regular,Open,"40.300062296594, -111.712029343807",40.300062296594,-111.712029343807,US Census Geocoder,Exact,"668 W 150 N, OREM, UT, 84057"
490060000375,UT-40-40129,4900600,UT-40,KG,06,Parkside School,Murray District,Salt Lake County,495 E 5175 S,MURRAY,UT,84107,,(801)264-7434,13,"City, Small",No,454.00000,25.50000,17.8000000,291.00000,49.00000,–,Regular,Open,"40.6588342, -111.8754730",40.6588342,-111.8754730,OpenStreetMap Nominatim,Fallback,"Virginia Street, Murray, Salt Lake County, Utah, 84107, United States"
490021001114,UT-07-07121,4900210,UT-07,PK,06,Parkside School,Davis District,Davis County,2262 N 1500 W,CLINTON,UT,84015,,(801)402-1150,21,"Suburban, Large",No,408.00000,21.50000,18.9800000,67.00000,32.00000,–,Regular,Open,"41.146548987403, -112.054754344053",41.146548987403,-112.054754344053,US Census Geocoder,Exact,"2262 N 1500 W, CLINTON, UT, 84015"
490087000514,UT-36-36242,4900870,UT-36,PK,06,Parkview School,Salt Lake District,Salt Lake County,970 S EMERY ST,SALT LAKE CITY,UT,84104,,(801)974-8304,12,"City, Midsize",No,371.00000,25.80000,14.3800000,359.00000,7.00000,–,Regular,Open,"40.749227671035, -111.924788389585",40.749227671035,-111.924788389585,US Census Geocoder,Non_Exact,"970 EMERY ST, SALT LAKE CITY, UT, 84104"
490075001409,UT-22-22154,4900750,UT-22,PK,PK,Parley's Park Preschool,Park City District,Summit County,4600 SILVER SPRINGS DR,PARK CITY,UT,84098,,(435)645-5620,32,"Town, Distant",No,22.00000,0.00000,†,8.00000,1.00000,–,Special Education,Open,"40.697860984462, -111.542273465471",40.697860984462,-111.542273465471,US Census Geocoder,Exact,"4600 SILVER SPRINGS DR, PARK CITY, UT, 84098"
490075000726,UT-22-22104,4900750,UT-22,KG,05,Parley's Park School,Park City District,Summit County,4600 SILVER SPRINGS DR,PARK CITY,UT,84068,,(435)645-5620,32,"Town, Distant",No,400.00000,28.13000,14.2200000,66.00000,8.00000,–,Regular,Open,"40.697860984462, -111.542273465471",40.697860984462,-111.542273465471,US Census Geocoder,Non_Exact,"4600 SILVER SPRINGS DR, PARK CITY, UT, 84098"
490039000284,UT-13-13708,4900390,UT-13,07,12,Parowan High,Iron District,Iron County,50 W 100 N,PAROWAN,UT,84761,,(435)477-3366,43,"Rural, Remote",No,349.00000,20.84000,16.7500000,82.00000,34.00000,–,Regular,Open,"37.844305566255, -112.828850047342",37.844305566255,-112.828850047342,US Census Geocoder,Exact,"50 W 100 N, PAROWAN, UT, 84761"
490039000285,UT-13-13128,4900390,UT-13,KG,06,Parowan School,Iron District,Iron County,128 W 100 N,PAROWAN,UT,84761,,(435)477-3368,43,"Rural, Remote",No,418.00000,23.10000,18.1000000,130.00000,69.00000,–,Regular,Open,"37.844286663494, -112.830658229824",37.844286663494,-112.830658229824,US Census Geocoder,Exact,"128 W 100 N, PAROWAN, UT, 84761"
490063000390,UT-19-19704,4900630,UT-19,06,12,Payson High,Nebo District,Utah County,1050 S MAIN,PAYSON,UT,84651,,(801)465-6025,31,"Town, Fringe",No,1648.00000,69.69000,23.6500000,325.00000,104.00000,–,Regular,Open,"40.027549637024, -111.732484716441",40.027549637024,-111.732484716441,US Census Geocoder,Non_Exact,"1050 S MAIN ST, PAYSON, UT, 84651"
490063000391,UT-19-19408,4900630,UT-19,07,09,Payson Jr High,Nebo District,Utah County,1025 S HIGHWAY 198,PAYSON,UT,84651,,(801)465-6015,31,"Town, Fringe",No,1143.00000,48.28000,23.6700000,252.00000,89.00000,–,Regular,Open,"40.026722943889, -111.740578010392",40.026722943889,-111.740578010392,US Census Geocoder,Exact,"1025 S STATE HWY 198, PAYSON, UT, 84651"
490014200318,UT-42-42150,4900142,UT-42,KG,05,Peruvian Park School,Canyons District,Salt Lake County,1545 E 8425 S,SANDY,UT,84093,,(801)826-9100,21,"Suburban, Large",No,560.00000,25.88000,21.6400000,102.00000,22.00000,–,Regular,Open,"40.598292648754, -111.847461793985",40.598292648754,-111.847461793985,US Census Geocoder,Exact,"1545 E 8425 S, SANDY, UT, 84093"
490036000251,UT-12-12179,4900360,UT-12,PK,06,Philo T. Farnsworth School,Granite District,Salt Lake County,3751 S 4225 W,WEST VALLEY CITY,UT,84120,,(385)646-4822,21,"Suburban, Large",No,448.00000,20.50000,21.8500000,181.00000,39.00000,–,Regular,Open,"40.6910243, -111.9385181",40.6910243,-111.9385181,OpenStreetMap Nominatim,Fallback,"Calvo Drive, Meadowbrook, West Valley City, Salt Lake County, Utah, 84119, United States"
490114000807,UT-33-33720,4901140,UT-33,10,12,Pine View High,Washington District,Washington County,2850 E 750 N,ST GEORGE,UT,84790,,(435)628-5255,12,"City, Midsize",No,1124.00000,50.62000,22.2000000,280.00000,71.00000,–,Regular,Open,"37.12079267898, -113.524712744387",37.12079267898,-113.524712744387,US Census Geocoder,Exact,"2850 E 750 N, ST GEORGE, UT, 84790"
490114000880,UT-33-33420,4901140,UT-33,08,09,Pine View Middle,Washington District,Washington County,2145 E 130 N,ST GEORGE,UT,84790,,(435)628-7915,12,"City, Midsize",No,701.00000,30.99000,22.6200000,240.00000,56.00000,–,Regular,Open,"37.110707311811, -113.535941468712",37.110707311811,-113.535941468712,US Census Geocoder,Exact,"2145 E 130 N, ST GEORGE, UT, 84790"
490000800629,UT-86-86100,4900008,UT-86,PK,12,Pinnacle Canyon Academy,Pinnacle Canyon Academy,Carbon County,210 N 600 E,Price,UT,84501,,(435)613-8102,33,"Town, Remote",Yes,360.00000,22.72000,15.8500000,232.00000,32.00000,–,Regular,Open,"39.602727525511, -110.800006197467",39.602727525511,-110.800006197467,US Census Geocoder,Exact,"210 N 600 E, PRICE, UT, 84501"
490120000630,UT-35-35138,4901200,UT-35,KG,06,Pioneer School,Weber District,Weber County,250 N 1600 W,OGDEN,UT,84404,,(801)452-4560,21,"Suburban, Large",No,394.00000,18.00000,21.8900000,88.00000,30.00000,–,Regular,Open,"41.264480899363, -112.018709855094",41.264480899363,-112.018709855094,US Census Geocoder,Exact,"250 N 1600 W, OGDEN, UT, 84404"
490036000253,UT-12-12178,4900360,UT-12,PK,06,Pioneer School,Granite District,Salt Lake County,3860 S 3380 W,WEST VALLEY CITY,UT,84119,,(385)646-4966,21,"Suburban, Large",No,438.00000,19.50000,22.4600000,196.00000,37.00000,–,Regular,Open,"40.6879366, -111.9471548",40.6879366,-111.9471548,OpenStreetMap Nominatim,Fallback,"3860 South, West Valley City, Salt Lake County, Utah, 84119, United States"
490078000450,UT-23-23708,4900780,UT-23,07,12,Piute High,Piute District,Piute County,550 N 100 W,JUNCTION,UT,84740,,(855)577-2912,43,"Rural, Remote",No,141.00000,12.45000,11.3300000,57.00000,9.00000,–,Regular,Open,"38.2354215, -112.2227100",38.2354215,-112.2227100,OpenStreetMap Nominatim,Fallback,"West 100 South Street, Junction, Piute County, Utah, 84740, United States"
490120000631,UT-35-35140,4901200,UT-35,PK,06,Plain City School,Weber District,Weber County,2335 N 3600 W,PLAIN CITY,UT,84404,,(801)452-4220,21,"Suburban, Large",No,640.00000,27.00000,23.7000000,69.00000,26.00000,–,Regular,Open,"41.300168826965, -112.066769986463",41.300168826965,-112.066769986463,US Census Geocoder,Exact,"2335 N 3600 W, PLAIN CITY, UT, 84404"
490066001431,UT-20-20801,4900660,UT-20,KG,12,Pleasant Creek High School,North Sanpete District,Sanpete County,55 E 100 South,MOUNT PLEASANT,UT,84647,,(435)462-2817,43,"Rural, Remote",No,103.00000,6.52000,15.8000000,87.00000,2.00000,–,Other/Alternative,Open,"39.545340364526, -111.454248703103",39.545340364526,-111.454248703103,US Census Geocoder,Exact,"55 E 100 S, MOUNT PLEASANT, UT, 84647"
490036000854,UT-12-12182,4900360,UT-12,PK,06,Pleasant Green School,Granite District,Salt Lake County,8201 W 2700 S,MAGNA,UT,84044,,(385)646-4972,21,"Suburban, Large",No,482.00000,20.50000,23.5100000,159.00000,38.00000,–,Regular,Open,"40.7086201, -112.0863892",40.7086201,-112.0863892,OpenStreetMap Nominatim,Fallback,"Pleasant Green Elementary School, 8201, 2700 South, Magna, Salt Lake County, Utah, 84044, United States"
490003000024,UT-01-01716,4900030,UT-01,10,12,Pleasant Grove High,Alpine District,Utah County,700 E 200 S,PLEASANT GROVE,UT,84062,,(801)610-8170,21,"Suburban, Large",No,1905.00000,78.04000,24.4100000,233.00000,53.00000,–,Regular,Open,"40.366266729329, -111.725292732326",40.366266729329,-111.725292732326,US Census Geocoder,Non_Exact,"200 N 700 E, PLEASANT GROVE, UT, 84062"
490003000025,UT-01-01416,4900030,UT-01,07,09,Pleasant Grove Jr High,Alpine District,Utah County,810 N 100 E,PLEASANT GROVE,UT,84062,,(801)610-8146,21,"Suburban, Large",No,1181.00000,50.28000,23.4900000,242.00000,54.00000,–,Regular,Open,"40.371776699168, -111.73974614162",40.371776699168,-111.73974614162,US Census Geocoder,Exact,"810 N 100 E, PLEASANT GROVE, UT, 84062"
490036000254,UT-12-12180,4900360,UT-12,PK,06,Plymouth School,Granite District,Salt Lake County,5220 S 1470 W,SALT LAKE CITY,UT,84123,,(385)646-4978,21,"Suburban, Large",No,535.00000,25.00000,21.4000000,178.00000,43.00000,–,Regular,Open,"40.657027727321, -111.931163498155",40.657027727321,-111.931163498155,US Census Geocoder,Exact,"5220 S 1470 W, SALT LAKE CITY, UT, 84123"
490003001435,UT-01-01782,4900030,UT-01,09,12,Polaris High School,Alpine District,Utah County,708 So Utah Valley Drive,AMERICAN FORK,UT,84003,,(801)610-8180,21,"Suburban, Large",No,160.00000,19.67000,8.1300000,56.00000,8.00000,–,Other/Alternative,Open,"40.359807331529, -111.78147616982",40.359807331529,-111.78147616982,US Census Geocoder,Exact,"708 S UTAH VALLEY DR, AMERICAN FORK, UT, 84003"
490072001291,UT-37-37167,4900720,UT-37,KG,06,Polk School,Ogden City District,Weber County,2615 POLK AVE,OGDEN,UT,84401,,(801)737-8300,13,"City, Small",No,541.00000,25.00000,21.6400000,171.00000,62.00000,–,Regular,Open,"41.218005758277, -111.942837582619",41.218005758277,-111.942837582619,US Census Geocoder,Exact,"2615 POLK AVE, OGDEN, UT, 84401"
490003000907,UT-01-01153,4900030,UT-01,PK,06,Pony Express School,Alpine District,Utah County,3985 E SMITH RANCH RD,EAGLE MOUNTAIN,UT,84005,,(801)610-8714,21,"Suburban, Large",No,995.00000,44.31000,22.4600000,194.00000,43.00000,–,Regular,Open,"40.35811339871, -111.966993851385",40.35811339871,-111.966993851385,US Census Geocoder,Exact,"3985 E SMITH RANCH RD, EAGLE MOUNTAIN, UT, 84005"
490114000963,UT-33-33240,4901140,UT-33,KG,12,Post HS Self-Cont,Washington District,Washington County,2040 W 2000 North,ST GEORGE,UT,84770,,(435)673-3553,12,"City, Midsize",No,114.00000,5.00000,22.8000000,32.00000,3.00000,–,Special Education,Open,"37.143066561676, -113.627261211407",37.143066561676,-113.627261211407,US Census Geocoder,Exact,"2040 W 2000 N, ST GEORGE, UT, 84770"
490042001243,UT-14-14800,4900420,UT-14,PK,PK,Preschool,Jordan District,Salt Lake County,2827 W 13400 S,RIVERTON,UT,84065,,(801)412-2510,21,"Suburban, Large",No,1773.00000,14.55000,121.8600000,347.00000,62.00000,–,Special Education,Open,"40.507748700803, -111.960101504865",40.507748700803,-111.960101504865,US Census Geocoder,Exact,"2827 W 13400 S, RIVERTON, UT, 84065"
490015701416,UT-6H-6H100,4900157,UT-6H,KG,08,Promontory School of Expeditionary Learning,Promontory School of Expeditionary Learning,Box Elder County,1051 W 2700 S,PERRY,UT,84302,,(435)919-1900,31,"Town, Fringe",Yes,443.00000,25.34000,17.4800000,119.00000,65.00000,–,Regular,Open,"41.461584898832, -112.041117329856",41.461584898832,-112.041117329856,US Census Geocoder,Exact,"1051 W 2700 S, PERRY, UT, 84302"
490012401202,UT-9E-9E100,4900124,UT-9E,KG,12,Providence Hall,Providence Hall,Salt Lake County,4795 W Patriot Ridge Drive,HERRIMAN,UT,84096,,(801)727-8260,21,"Suburban, Large",Yes,2044.00000,123.07000,16.6100000,264.00000,128.00000,–,Regular,Open,"40.4861171, -111.9990254",40.4861171,-111.9990254,OpenStreetMap Nominatim,Fallback,"West Patriot Ridge Drive, Herriman, Salt Lake County, Utah, 84096, United States"
490012000081,UT-04-04156,4900120,UT-04,KG,06,Providence School,Cache District,Cache County,91 E CENTER,PROVIDENCE,UT,84332,,(435)752-6010,22,"Suburban, Midsize",No,719.00000,30.75000,23.3800000,72.00000,29.00000,–,Regular,Open,"41.708022148288, -111.815573245819",41.708022148288,-111.815573245819,US Census Geocoder,Non_Exact,"91 E CENTER ST, PROVIDENCE, UT, 84332"
490081000860,UT-38-38740,4900810,UT-38,09,12,Provo Adult Education,Provo District,Utah County,636 N INDEPENDENCE AVE,PROVO,UT,84601,,(801)374-4840,12,"City, Midsize",No,0.00000,0.00000,†,†,†,†,Other/Alternative,Open,"40.240880062093, -111.686931509504",40.240880062093,-111.686931509504,US Census Geocoder,Non_Exact,"636 INDEPENDENCE AVE, PROVO, UT, 84601"
490081001349,UT-38-38510,4900810,UT-38,KG,12,Provo eSchool,Provo District,Utah County,280 W 940 N,PROVO,UT,84604,,(801)374-4814,12,"City, Midsize",No,42.00000,2.47000,17.0000000,3.00000,0.00000,–,Regular,Open,"40.246469798744, -111.663625066811",40.246469798744,-111.663625066811,US Census Geocoder,Exact,"280 W 940 N, PROVO, UT, 84604"
490081000459,UT-38-38704,4900810,UT-38,07,12,Provo High,Provo District,Utah County,1199 North Lakeshore Dr,PROVO,UT,84601,,(801)373-6550,12,"City, Midsize",No,2023.00000,79.19000,25.5500000,568.00000,139.00000,–,Regular,Open,"40.248261380349, -111.711917727383",40.248261380349,-111.711917727383,US Census Geocoder,Exact,"1199 N LAKESHORE DR, PROVO, UT, 84601"
490081001074,UT-38-38103,4900810,UT-38,PK,06,Provo Peaks School,Provo District,Utah County,665 E CENTER ST,PROVO,UT,84606,,(801)374-4940,12,"City, Midsize",No,549.00000,34.50000,15.9100000,234.00000,51.00000,–,Regular,Open,"40.233726543431, -111.647190667644",40.233726543431,-111.647190667644,US Census Geocoder,Exact,"665 E CENTER ST, PROVO, UT, 84606"
490081000461,UT-38-38120,4900810,UT-38,KG,06,Provost School,Provo District,Utah County,629 S 1000 E,PROVO,UT,84606,,(801)374-4960,12,"City, Midsize",No,510.00000,24.00000,21.2500000,188.00000,62.00000,–,Regular,Open,"40.22504522569, -111.640512526139",40.22504522569,-111.640512526139,US Census Geocoder,Exact,"629 S 1000 E, PROVO, UT, 84606"
490014200768,UT-42-42154,4900142,UT-42,KG,05,Quail Hollow School,Canyons District,Salt Lake County,2625 E NEWCASTLE DR,SANDY,UT,84093,,(801)826-9175,21,"Suburban, Large",No,366.00000,18.50000,19.7800000,32.00000,7.00000,–,Regular,Open,"40.586423699861, -111.817030076781",40.586423699861,-111.817030076781,US Census Geocoder,Non_Exact,"2625 NEWCASTLE DR, SANDY, UT, 84093"
490013201218,UT-1F-1F100,4900132,UT-1F,KG,09,Quest Academy,Quest Academy,Weber County,4862 W 4000 S,WEST HAVEN,UT,84401,,(801)731-9859,21,"Suburban, Large",Yes,1009.00000,46.50000,21.7000000,187.00000,39.00000,–,Regular,Open,"41.190837227196, -112.096075010124",41.190837227196,-112.096075010124,US Census Geocoder,Exact,"4862 W 4000 S, WEST HAVEN, UT, 84401"
490006400994,UT-A2-A2100,4900064,UT-A2,KG,06,Ranches Academy,Ranches Academy,Utah County,7789 TAWNY OWL CIR,EAGLE MOUNTAIN,UT,84005,,(801)789-4000,21,"Suburban, Large",Yes,360.00000,18.00000,20.0000000,36.00000,17.00000,–,Regular,Open,"40.359068760037, -111.984374174408",40.359068760037,-111.984374174408,US Census Geocoder,Non_Exact,"7789 N TAWNY OWL CIR, EAGLE MOUNTAIN, UT, 84005"
490021000810,UT-07-07150,4900210,UT-07,PK,06,Reading School,Davis District,Davis County,360 W 2025 N,CENTERVILLE,UT,84014,,(801)402-1750,21,"Suburban, Large",No,444.00000,16.50000,26.9100000,34.00000,10.00000,–,Regular,Open,"40.947390150945, -111.885981575647",40.947390150945,-111.885981575647,US Census Geocoder,Exact,"360 W 2025 N, CENTERVILLE, UT, 84014"
490003201095,UT-7B-7B100,4900032,UT-7B,KG,08,Reagan Academy,Reagan Academy,Utah County,1143 W CENTER,SPRINGVILLE,UT,84663,,(801)489-7828,21,"Suburban, Large",Yes,683.00000,39.35000,17.3600000,109.00000,49.00000,–,Regular,Open,"40.166717365312, -111.630480226447",40.166717365312,-111.630480226447,US Census Geocoder,Non_Exact,"1143 W CENTER ST, SPRINGVILLE, UT, 84663"
490045000336,UT-15-15112,4900450,UT-15,PK,06,Red Cliff School,Juab District,Juab County,1199 S MAIN,NEPHI,UT,84648,,(435)623-0328,32,"Town, Distant",No,599.00000,29.37000,20.3900000,125.00000,46.00000,–,Regular,Open,"39.692769375646, -111.836042454027",39.692769375646,-111.836042454027,US Census Geocoder,Non_Exact,"1199 S MAIN ST, NEPHI, UT, 84648"
490093000839,UT-26-26330,4900930,UT-26,06,08,Red Hills Middle,Sevier District,Sevier County,400 S 600 W,RICHFIELD,UT,84701,,(435)896-6421,33,"Town, Remote",No,503.00000,24.16000,20.8200000,215.00000,0.00000,–,Regular,Open,"38.763203818356, -112.095160954971",38.763203818356,-112.095160954971,US Census Geocoder,Exact,"400 S 600 W, RICHFIELD, UT, 84701"
490114000570,UT-33-33123,4901140,UT-33,PK,05,Red Mountain School,Washington District,Washington County,263 E 200 S,IVINS,UT,84738,,(435)656-3802,22,"Suburban, Midsize",No,447.00000,25.25000,17.7000000,186.00000,55.00000,–,Regular,Open,"37.164775302973, -113.673684298549",37.164775302973,-113.673684298549,US Census Geocoder,Exact,"263 E 200 S, IVINS, UT, 84738"
490036000255,UT-12-12184,4900360,UT-12,PK,06,Redwood School,Granite District,Salt Lake County,2650 S REDWOOD RD,WEST VALLEY CITY,UT,84119,,(385)646-4984,21,"Suburban, Large",No,511.00000,24.50000,20.8600000,176.00000,9.00000,–,Regular,Open,"40.712971984933, -111.93904646444",40.712971984933,-111.93904646444,US Census Geocoder,Exact,"2650 S REDWOOD RD, WEST VALLEY CITY, UT, 84119"
490063000394,UT-19-19156,4900630,UT-19,PK,06,Rees School,Nebo District,Utah County,574 N REES AVE,SPANISH FORK,UT,84660,,(801)798-4055,21,"Suburban, Large",No,728.00000,33.38000,21.8100000,166.00000,47.00000,–,Regular,Open,"40.117824187683, -111.6292318609",40.117824187683,-111.6292318609,US Census Geocoder,Exact,"574 N REES AVE, SPANISH FORK, UT, 84660"
490003801128,UT-1D-1D100,4900038,UT-1D,KG,09,Renaissance Academy,Renaissance Academy,Utah County,3435 N 1120 E,LEHI,UT,84043,,(801)768-4202,13,"City, Small",Yes,742.00000,40.73000,18.2200000,65.00000,14.00000,–,Regular,Open,"40.429683765278, -111.832284990547",40.429683765278,-111.832284990547,US Census Geocoder,Exact,"3435 N 1120 E, LEHI, UT, 84043"
490021000306,UT-07-07733,4900210,UT-07,KG,12,Renaissance Academy,Davis District,Davis County,264 S 500 EAST,KAYSVILLE,UT,84037,,(801)402-0350,21,"Suburban, Large",No,43.00000,7.20000,5.9700000,26.00000,1.00000,–,Other/Alternative,Open,"41.030451091998, -111.927345267247",41.030451091998,-111.927345267247,US Census Geocoder,Exact,"264 S 500 E, KAYSVILLE, UT, 84037"
490084000471,UT-24-24708,4900840,UT-24,09,12,Rich High,Rich District,Rich County,P O BOX 278,RANDOLPH,UT,84064,,(435)793-2365,43,"Rural, Remote",No,162.00000,9.25000,17.5100000,38.00000,8.00000,–,Regular,Open,"41.6645770, -111.1892416",41.6645770,-111.1892416,OpenStreetMap Nominatim,Fallback,"Rich High School, West Church Street, Randolph, Rich County, Utah, United States"
490084000838,UT-24-24304,4900840,UT-24,06,08,Rich Middle School,Rich District,Rich County,P O BOX 129,LAKETOWN,UT,84038,,(435)946-3359,42,"Rural, Distant",No,113.00000,8.14000,13.8800000,30.00000,11.00000,–,Regular,Open,,,,,,
490084001264,UT-24-24150,4900840,UT-24,PK,PK,Rich Preschool,Rich District,Rich County,BOX 67,RANDOLPH,UT,84064,,(435)793-2135,43,"Rural, Remote",No,6.00000,0.00000,†,‡,‡,–,Special Education,Open,,,,,,
490093000544,UT-26-26708,4900930,UT-26,09,12,Richfield High,Sevier District,Sevier County,495 West Center,RICHFIELD,UT,84701,,(435)896-8247,33,"Town, Remote",No,789.00000,37.70000,20.9300000,326.00000,0.00000,–,Regular,Open,"38.768000308556, -112.092666808777",38.768000308556,-112.092666808777,US Census Geocoder,Exact,"495 W CENTER, RICHFIELD, UT, 84701"
490093000495,UT-26-26820,4900930,UT-26,PK,PK,Richfield Preschool,Sevier District,Sevier County,80 W CENTER,RICHFIELD,UT,84701,,(435)896-8776,33,"Town, Remote",No,145.00000,3.00000,48.3300000,65.00000,0.00000,–,Special Education,Open,"38.768122318396, -112.08622584078",38.768122318396,-112.08622584078,US Census Geocoder,Exact,"80 W CENTER, RICHFIELD, UT, 84701"
490042001542,UT-14-14125,4900420,UT-14,KG,06,Ridge View Elementary,Jordan District,Salt Lake County,14120 S Greenford Ln.,HERRIMAN,UT,84096,,(801)567-8930,21,"Suburban, Large",No,713.00000,37.50000,19.0100000,157.00000,41.00000,–,Regular,Open,"40.493807814918, -111.993647280134",40.493807814918,-111.993647280134,US Census Geocoder,Exact,"14120 S GREENFORD LN, HERRIMAN, UT, 84096"
490014200319,UT-42-42151,4900142,UT-42,KG,05,Ridgecrest School,Canyons District,Salt Lake County,1800 E 7200 S,COTTONWOOD HEIGHTS,UT,84121,,(801)826-9250,21,"Suburban, Large",No,491.00000,26.00000,18.8800000,108.00000,21.00000,–,Regular,Open,"40.620327800765, -111.840163219731",40.620327800765,-111.840163219731,US Census Geocoder,Exact,"1800 E 7200 S, COTTONWOOD HEIGHTS, UT, 84121"
490012001487,UT-04-04705,4900120,UT-04,08,12,Ridgeline High School,Cache District,Cache County,PO Box 798,MILLVILLE,UT,84326,,(435)792-7780,22,"Suburban, Midsize",No,1894.00000,75.34000,25.1400000,258.00000,104.00000,–,Regular,Open,"41.6863757, -111.8292587",41.6863757,-111.8292587,OpenStreetMap Nominatim,Fallback,"Ridgeline High School, 180, 300 West, Millville, Cache County, Utah, 84326, United States"
490003001113,UT-01-01165,4900030,UT-01,PK,06,Ridgeline School,Alpine District,Utah County,6250 W 11800 N,HIGHLAND,UT,84003,,(801)610-8715,21,"Suburban, Large",No,746.00000,29.53000,25.2600000,57.00000,9.00000,–,Regular,Open,"40.446328645565, -111.810294706644",40.446328645565,-111.810294706644,US Census Geocoder,Non_Exact,"6250 11800 N, HIGHLAND, UT, 84003"
490012000082,UT-04-04160,4900120,UT-04,PK,06,River Heights School,Cache District,Cache County,780 E 600 S,LOGAN,UT,84321,,(435)753-4948,22,"Suburban, Midsize",No,608.00000,28.00000,21.7100000,115.00000,60.00000,–,Regular,Open,"41.721270172524, -111.816315212595",41.721270172524,-111.816315212595,US Census Geocoder,Exact,"780 E 600 S, LOGAN, UT, 84321"
490003001481,UT-01-01201,4900030,UT-01,PK,06,River Rock School,Alpine District,Utah County,520 North 1700 West,LEHI,UT,84043,,(801)610-8731,13,"City, Small",No,935.00000,38.86000,24.0600000,39.00000,14.00000,–,Regular,Open,"40.393724743484, -111.876676382691",40.393724743484,-111.876676382691,US Census Geocoder,Exact,"520 N 1700 W, LEHI, UT, 84043"
490120000632,UT-35-35144,4901200,UT-35,KG,06,Riverdale School,Weber District,Weber County,1160 W 4400 S,OGDEN,UT,84405,,(801)452-4540,21,"Suburban, Large",No,390.00000,19.00000,20.5300000,168.00000,40.00000,–,Regular,Open,"41.182599631266, -112.004528046493",41.182599631266,-112.004528046493,US Census Geocoder,Exact,"1160 W 4400 S, OGDEN, UT, 84405"
490042000308,UT-14-14820,4900420,UT-14,KG,08,Rivers Edge School,Jordan District,Salt Lake County,319 W 11000 S,SOUTH JORDAN,UT,84095,,(801)565-7584,21,"Suburban, Large",No,13.00000,6.31000,2.0600000,5.00000,1.00000,–,Special Education,Open,"40.551623691296, -111.900960088615",40.551623691296,-111.900960088615,US Census Geocoder,Exact,"319 W 11000 S, SOUTH JORDAN, UT, 84095"
490051001234,UT-39-39113,4900510,UT-39,PK,PK,Riverside Preschool,Logan City District,Cache County,1075 SUMAC DR,LOGAN,UT,84321,,(435)755-2337,13,"City, Small",No,56.00000,4.00000,14.0000000,17.00000,1.00000,–,Special Education,Open,"41.735038166011, -111.807312021571",41.735038166011,-111.807312021571,US Census Geocoder,Exact,"1075 SUMAC DR, LOGAN, UT, 84321"
490042000721,UT-14-14153,4900420,UT-14,KG,06,Riverside School,Jordan District,Salt Lake County,8737 S 1220 W,WEST JORDAN,UT,84088,,(801)565-7484,21,"Suburban, Large",No,591.00000,32.88000,17.9700000,189.00000,66.00000,–,Regular,Open,"40.593436698672, -111.926870974891",40.593436698672,-111.926870974891,US Census Geocoder,Exact,"8737 S 1220 W, WEST JORDAN, UT, 84088"
490114001096,UT-33-33144,4901140,UT-33,PK,05,Riverside School,Washington District,Washington County,2500 S HARVEST LANE,WASHINGTON,UT,84780,,(435)652-4760,22,"Suburban, Midsize",No,610.00000,29.50000,20.6800000,92.00000,38.00000,–,Regular,Open,"37.097289207216, -113.518338213636",37.097289207216,-113.518338213636,US Census Geocoder,Non_Exact,"2500 HARVEST LN, WASHINGTON, UT, 84780"
490042000661,UT-14-14710,4900420,UT-14,10,12,Riverton High,Jordan District,Salt Lake County,12476 S 2700 W,RIVERTON,UT,84065,,(801)256-5800,21,"Suburban, Large",No,2295.00000,94.27000,24.3400000,225.00000,83.00000,–,Regular,Open,"40.52412572885, -111.957795659297",40.52412572885,-111.957795659297,US Census Geocoder,Exact,"12476 S 2700 W, RIVERTON, UT, 84065"
490042000320,UT-14-14152,4900420,UT-14,KG,06,Riverton School,Jordan District,Salt Lake County,13150 S 1830 W,RIVERTON,UT,84065,,(801)254-8050,21,"Suburban, Large",No,657.00000,31.00000,21.1900000,118.00000,41.00000,–,Regular,Open,"40.51234836006, -111.941228112168",40.51234836006,-111.941228112168,US Census Geocoder,Exact,"13150 S 1830 W, RIVERTON, UT, 84065"
490060000376,UT-40-40412,4900600,UT-40,07,09,Riverview Jr High,Murray District,Salt Lake County,751 W TRIPP LANE,MURRAY,UT,84123,,(801)264-7446,13,"City, Small",No,614.00000,28.16000,21.8000000,125.00000,31.00000,–,Regular,Open,"40.645826681602, -111.91214953227",40.645826681602,-111.91214953227,US Census Geocoder,Non_Exact,"751 TRIPP LN, MURRAY, UT, 84123"
490003001405,UT-01-01219,4900030,UT-01,PK,06,Riverview School,Alpine District,Utah County,273 W ASPEN HILLS BLVD,SARATOGA SPRINGS,UT,84045,,(801)610-8726,41,"Rural, Fringe",No,1002.00000,41.65000,24.0600000,137.00000,49.00000,–,Regular,Open,"40.392316736473, -111.923830450114",40.392316736473,-111.923830450114,US Census Geocoder,Non_Exact,"273 ASPEN HILLS BLVD, SARATOGA SPRINGS, UT, 84045"
490063001156,UT-19-19158,4900630,UT-19,PK,06,Riverview School,Nebo District,Utah County,628 S WEST PARK DRIVE,SPANISH FORK,UT,84660,,(801)798-4050,21,"Suburban, Large",No,738.00000,31.50000,23.4300000,106.00000,41.00000,–,Regular,Open,"40.1019687, -111.6644494",40.1019687,-111.6644494,OpenStreetMap Nominatim,Fallback,"Riverview Elementary School, 628, South West Park Drive, Spanish Fork, Utah County, Utah, 84660, United States"
490036000257,UT-12-12126,4900360,UT-12,PK,06,Robert Frost School,Granite District,Salt Lake County,3444 W 4400 S,WEST VALLEY CITY,UT,84119,,(385)646-4840,21,"Suburban, Large",No,304.00000,14.50000,20.9700000,117.00000,26.00000,–,Regular,Open,"40.674903274483, -111.972915805362",40.674903274483,-111.972915805362,US Census Geocoder,Exact,"3444 W 4400 S, WEST VALLEY CITY, UT, 84119"
490081000462,UT-38-38122,4900810,UT-38,KG,06,Rock Canyon School,Provo District,Utah County,435 East 2320 North,PROVO,UT,84604,,(801)374-4935,12,"City, Midsize",No,490.00000,22.80000,21.4900000,83.00000,26.00000,–,Regular,Open,"40.264692295911, -111.650313554743",40.264692295911,-111.650313554743,US Census Geocoder,Exact,"435 E 2320 N, PROVO, UT, 84604"
490012501199,UT-2F-2F700,4900125,UT-2F,07,12,Rockwell Charter High School,Rockwell Charter High School,Utah County,3435 E STONEBRIDGE LANE,EAGLE MOUNTAIN,UT,84005,,(801)789-7625,21,"Suburban, Large",Yes,315.00000,14.27000,22.0700000,53.00000,8.00000,–,Regular,Open,"40.378699659806, -111.97748274426",40.378699659806,-111.97748274426,US Census Geocoder,Non_Exact,"3435 STONEBRIDGE LN, EAGLE MOUNTAIN, UT, 84005"
490120000212,UT-35-35403,4901200,UT-35,07,09,Rocky Mountain Jr High,Weber District,Weber County,4350 W 4800 S,WEST HAVEN,UT,84401,,(801)476-5220,21,"Suburban, Large",No,795.00000,32.41000,24.5300000,120.00000,53.00000,–,Regular,Open,"41.176194444802, -112.085788192382",41.176194444802,-112.085788192382,US Census Geocoder,Exact,"4350 W 4800 S, WEST HAVEN, UT, 84401"
490111000738,UT-32-32310,4901110,UT-32,06,08,Rocky Mountain Middle,Wasatch District,Wasatch County,800 W SCHOOL HOUSE WAY,HEBER CITY,UT,84032,,(435)654-9350,32,"Town, Distant",No,673.00000,41.91000,16.0600000,138.00000,32.00000,–,Regular,Open,"40.496083687966, -111.423573518084",40.496083687966,-111.423573518084,US Census Geocoder,Non_Exact,"800 SCHOOL HOUSE WAY, HEBER CITY, UT, 84032"
490003000349,UT-01-01162,4900030,UT-01,PK,06,Rocky Mountain School,Alpine District,Utah County,55 S 500 E,LINDON,UT,84042,,(801)610-8117,21,"Suburban, Large",No,483.00000,26.49000,18.2300000,79.00000,20.00000,–,Regular,Open,"40.336007606283, -111.703438344659",40.336007606283,-111.703438344659,US Census Geocoder,Exact,"55 S 500 E, LINDON, UT, 84042"
490042001613,UT-14-14190,4900420,UT-14,KG,06,Rocky Peak Virtual School,Jordan District,Salt Lake County,7905 South Redwood Road,WEST JORDAN,UT,84084,,(801)567-8480,21,"Suburban, Large",No,227.00000,12.50000,18.1600000,59.00000,7.00000,–,Regular,Open,"40.607497610054, -111.938663805191",40.607497610054,-111.938663805191,US Census Geocoder,Non_Exact,"7905 S REDWOOD RD, WEST JORDAN, UT, 84088"
490036000258,UT-12-12186,4900360,UT-12,PK,06,Rolling Meadows School,Granite District,Salt Lake County,2950 WHITEHALL DR,WEST VALLEY CITY,UT,84119,,(385)646-4990,21,"Suburban, Large",No,456.00000,21.50000,21.2100000,170.00000,45.00000,–,Regular,Open,"40.684402879954, -111.961678325306",40.684402879954,-111.961678325306,US Census Geocoder,Exact,"2950 WHITEHALL DR, WEST VALLEY CITY, UT, 84119"
490024000167,UT-08-08404,4900240,UT-08,06,08,Roosevelt Jr High,Duchesne District,Duchesne County,350 W 200 S,ROOSEVELT,UT,84066,,(435)725-4585,41,"Rural, Fringe",No,787.00000,43.07000,18.2700000,235.00000,44.00000,–,Regular,Open,"40.304040953997, -109.995072981712",40.304040953997,-109.995072981712,US Census Geocoder,Non_Exact,"350 N 200 W, ROOSEVELT, UT, 84066"
490120000633,UT-35-35148,4901200,UT-35,PK,06,Roosevelt School,Weber District,Weber County,190 W 5100 S,OGDEN,UT,84405,,(801)452-4520,21,"Suburban, Large",No,374.00000,24.00000,15.5800000,181.00000,34.00000,–,Regular,Open,"41.170722297254, -111.980361996091",41.170722297254,-111.980361996091,US Census Geocoder,Exact,"190 W 5100 S, OGDEN, UT, 84405"
490017801477,UT-3K-3K700,4900178,UT-3K,09,12,Roots Charter High School,Roots Charter High School,Salt Lake County,2250 South 1300 West,WEST VALLEY CITY,UT,84119,,(801)573-8719,21,"Suburban, Large",Yes,218.00000,10.83000,20.1300000,129.00000,0.00000,–,Regular,Open,"40.722967751224, -111.929136345383",40.722967751224,-111.929136345383,US Census Geocoder,Exact,"2250 S 1300 W, WEST VALLEY CITY, UT, 84119"
490042000814,UT-14-14157,4900420,UT-14,KG,06,Rosamond School,Jordan District,Salt Lake County,12195 S 1975 W,RIVERTON,UT,84065,,(801)254-8043,21,"Suburban, Large",No,573.00000,24.50000,23.3900000,80.00000,25.00000,–,Regular,Open,"40.52993369706, -111.943915401988",40.52993369706,-111.943915401988,US Census Geocoder,Exact,"12195 S 1975 W, RIVERTON, UT, 84065"
490042000530,UT-14-14163,4900420,UT-14,KG,06,Rose Creek School,Jordan District,Salt Lake County,12812 S 3600 W,RIVERTON,UT,84065,,(801)254-8082,21,"Suburban, Large",No,649.00000,34.30000,18.9200000,91.00000,40.00000,–,Regular,Open,"40.518426737156, -111.976754148989",40.518426737156,-111.976754148989,US Census Geocoder,Exact,"12812 S 3600 W, RIVERTON, UT, 84065"
490087000516,UT-36-36252,4900870,UT-36,PK,06,Rose Park School,Salt Lake District,Salt Lake County,1105 W 1000 N,SALT LAKE CITY,UT,84116,,(801)578-8554,12,"City, Midsize",No,358.00000,20.75000,17.2500000,352.00000,4.00000,–,Regular,Open,"40.791014666279, -111.923521075425",40.791014666279,-111.923521075425,US Census Geocoder,Exact,"1105 W 1000 N, SALT LAKE CITY, UT, 84116"
490105001097,UT-30-30124,4901050,UT-30,PK,06,Rose Springs School,Tooele District,Tooele County,5349 N INSBROOK PLACE,STANSBURY PARK,UT,84074,,(435)833-9015,32,"Town, Distant",No,541.00000,26.08000,20.7400000,74.00000,22.00000,–,Regular,Open,"40.626204734072, -112.292931947314",40.626204734072,-112.292931947314,US Census Geocoder,Non_Exact,"5349 INNSBROOK PL, STANSBURY PARK, UT, 84074"
490036000260,UT-12-12190,4900360,UT-12,PK,06,Rosecrest School,Granite District,Salt Lake County,2420 FISHER LN,SALT LAKE CITY,UT,84109,,(385)646-5002,21,"Suburban, Large",No,334.00000,13.37000,24.9800000,35.00000,3.00000,–,Regular,Open,"40.707143667702, -111.821850428625",40.707143667702,-111.821850428625,US Census Geocoder,Non_Exact,"2420 E FISHER LN, SALT LAKE CITY, UT, 84109"
490120000634,UT-35-35708,4901200,UT-35,10,12,Roy High,Weber District,Weber County,2150 W 4800 S,ROY,UT,84067,,(801)476-3600,21,"Suburban, Large",No,1661.00000,64.89000,25.6000000,507.00000,124.00000,–,Regular,Open,"41.176257223646, -112.031555800098",41.176257223646,-112.031555800098,US Census Geocoder,Exact,"2150 W 4800 S, ROY, UT, 84067"
490120000635,UT-35-35404,4901200,UT-35,07,09,Roy Jr High,Weber District,Weber County,5347 S 2100 W,ROY,UT,84067,,(801)476-5260,21,"Suburban, Large",No,960.00000,41.75000,22.9900000,322.00000,86.00000,–,Regular,Open,"41.168006633791, -112.030900199698",41.168006633791,-112.030900199698,US Census Geocoder,Exact,"5347 S 2100 W, ROY, UT, 84067"
490120000636,UT-35-35152,4901200,UT-35,PK,06,Roy School,Weber District,Weber County,2888 W 5600 S,ROY,UT,84067,,(801)452-4160,21,"Suburban, Large",No,423.00000,19.00000,22.2600000,163.00000,48.00000,–,Regular,Open,"41.161718196665, -112.049578317892",41.161718196665,-112.049578317892,US Census Geocoder,Exact,"2888 W 5600 S, ROY, UT, 84067"
490063000395,UT-19-19160,4900630,UT-19,PK,06,Sage Creek School,Nebo District,Utah County,1050 S 700 E,SPRINGVILLE,UT,84663,,(801)489-2860,21,"Suburban, Large",No,466.00000,23.00000,20.2600000,94.00000,28.00000,–,Regular,Open,"40.151105993174, -111.598272728701",40.151105993174,-111.598272728701,US Census Geocoder,Exact,"1050 S 700 E, SPRINGVILLE, UT, 84663"
490003001320,UT-01-01167,4900030,UT-01,PK,06,Sage Hills School,Alpine District,Utah County,3033 SWAINSON AVE,SARATOGA SPRINGS,UT,84045,,(801)610-8723,21,"Suburban, Large",No,870.00000,37.42000,23.2500000,103.00000,34.00000,–,Regular,Open,"40.3066887, -111.8950690",40.3066887,-111.8950690,OpenStreetMap Nominatim,Fallback,"Sage Hills Elementary School, 3033, West Swainson Avenue, Saratoga Springs, Utah County, Utah, 84045, United States"
490063001160,UT-19-19706,4900630,UT-19,09,12,Salem Hills High,Nebo District,Utah County,150 N SKYHAWK BLVD,SALEM,UT,84653,,(801)423-3200,21,"Suburban, Large",No,1593.00000,64.73000,24.6100000,193.00000,73.00000,–,Regular,Open,"40.0587514, -111.6739304",40.0587514,-111.6739304,OpenStreetMap Nominatim,Fallback,"West Skyhawk Boulevard, Salem, Utah County, Utah, 84653, United States"
490063001390,UT-19-19416,4900630,UT-19,07,09,Salem Junior High,Nebo District,Utah County,598 NORTH MAIN,SALEM,UT,84653,,(801)423-6558,21,"Suburban, Large",No,950.00000,41.66000,22.8000000,161.00000,54.00000,–,Regular,Open,"40.0641054, -111.6725310",40.0641054,-111.6725310,OpenStreetMap Nominatim,Fallback,"Salem Junior High, 598, North Main Street, Salem, Utah County, Utah, 84653, United States"
490063000396,UT-19-19164,4900630,UT-19,PK,06,Salem School,Nebo District,Utah County,140 W 100 S,SALEM,UT,84653,,(801)423-1182,21,"Suburban, Large",No,508.00000,20.83000,24.3900000,88.00000,17.00000,–,Regular,Open,"40.053106801532, -111.676182943205",40.053106801532,-111.676182943205,US Census Geocoder,Exact,"140 W 100 S, SALEM, UT, 84653"
490093000546,UT-26-26132,4900930,UT-26,KG,05,Salina School,Sevier District,Sevier County,210 W 300 N,SALINA,UT,84654,,(435)529-7462,43,"Rural, Remote",No,435.00000,22.00000,19.7700000,219.00000,0.00000,–,Regular,Open,"38.961747283165, -111.86373415647",38.961747283165,-111.86373415647,US Census Geocoder,Exact,"210 W 300 N, SALINA, UT, 84654"
490015000097,UT-05-05120,4900150,UT-05,PK,05,Sally Mauro School,Carbon District,Carbon County,20 - 2ND AVE,HELPER,UT,84526,,(435)472-5311,33,"Town, Remote",No,293.00000,16.00000,18.3100000,120.00000,21.00000,–,Regular,Open,"39.691753851444, -110.864239615413",39.691753851444,-110.864239615413,US Census Geocoder,Exact,"20 2ND AVE, HELPER, UT, 84526"
490019701517,UT-8L-8L700,4900197,UT-8L,09,12,Salt Lake Academy High School,Salt Lake Academy High School,Salt Lake County,14787 S ACADEMY PKWY,HERRIMAN,UT,84096,,(801)597-3096,21,"Suburban, Large",Yes,403.00000,21.40000,18.8300000,22.00000,0.00000,–,Regular,Open,"40.482395268706, -111.980195117862",40.482395268706,-111.980195117862,US Census Geocoder,Non_Exact,"14787 ACADEMY PKWY, HERRIMAN, UT, 84096"
490001800905,UT-97-97300,4900018,UT-97,05,08,Salt Lake Arts Academy,Salt Lake Arts Academy,Salt Lake County,844 S 200 E,SALT LAKE CITY,UT,84111,,(801)531-1173,12,"City, Midsize",Yes,415.00000,22.35000,18.5700000,64.00000,0.00000,–,Regular,Open,"40.750974089595, -111.885434028141",40.750974089595,-111.885434028141,US Census Geocoder,Exact,"844 S 200 E, SALT LAKE CITY, UT, 84111"
490012301208,UT-4F-4F300,4900123,UT-4F,06,12,Salt Lake Center for Science Education,Salt Lake Center for Science Education,Salt Lake County,1400 W GOODWIN AVE,SALT LAKE CITY,UT,84116,,(801)578-8226,12,"City, Midsize",Yes,368.00000,21.89000,16.8100000,136.00000,25.00000,–,Regular,Open,"40.793924219695, -111.932732754775",40.793924219695,-111.932732754775,US Census Geocoder,Non_Exact,"1400 GOODWIN AVE, SALT LAKE CITY, UT, 84116"
490087000477,UT-36-36404,4900870,UT-36,07,08,Salt Lake Center for Science Education Bryant,Salt Lake District,Salt Lake County,40 S 800 E,SALT LAKE CITY,UT,84102,,(801)578-8118,12,"City, Midsize",No,348.00000,22.84000,15.2400000,201.00000,42.00000,–,Regular,Open,"40.767920836124, -111.868268420295",40.767920836124,-111.868268420295,US Census Geocoder,Exact,"40 S 800 E, SALT LAKE CITY, UT, 84102"
490087001230,UT-36-36292,4900870,UT-36,PK,PK,Salt Lake Head Start,Salt Lake District,Salt Lake County,1240 AMERICAN BEAUTY DRI,SALT LAKE CITY,UT,84116,,(801)578-8173,12,"City, Midsize",No,75.00000,0.00000,†,7.00000,0.00000,–,Regular,Open,"40.795624003961, -111.921880176996",40.795624003961,-111.921880176996,US Census Geocoder,Non_Exact,"1240 AMERICAN BEAUTY DR, SALT LAKE CITY, UT, 84116"
490014301151,UT-5G-5G700,4900143,UT-5G,09,12,Salt Lake School for the Performing Arts,Canyon Grove Academy,Salt Lake County,350 South 400 East,SALT LAKE CITY,UT,84111,,(801)466-6700,12,"City, Midsize",Yes,0.00000,9.50000,†,†,†,†,Regular,Changed Agency,"40.761719906626, -111.879711911949",40.761719906626,-111.879711911949,US Census Geocoder,Exact,"350 S 400 E, SALT LAKE CITY, UT, 84111"
490087001170,UT-36-36749,4900870,UT-36,09,12,Salt Lake Technology Center,Salt Lake District,Salt Lake County,1560 S 200 E,SALT LAKE CITY,UT,84115,,(801)481-4946,12,"City, Midsize",No,0.00000,9.97000,†,†,†,†,Vocational,Open,"40.736391092696, -111.885426884927",40.736391092696,-111.885426884927,US Census Geocoder,Exact,"1560 S 200 E, SALT LAKE CITY, UT, 84115"
490090000537,UT-25-25708,4900900,UT-25,06,12,San Juan High,San Juan District,San Juan County,311 N 100 E,BLANDING,UT,84511,,(435)678-1301,43,"Rural, Remote",No,425.00000,23.70000,17.9300000,229.00000,7.00000,–,Regular,Open,"37.626855464804, -109.473388087892",37.626855464804,-109.473388087892,US Census Geocoder,Non_Exact,"311 E 100 N, BLANDING, UT, 84511"
490027000182,UT-09-09408,4900270,UT-09,06,08,San Rafael Middle School,Emery District,Emery County,P O BOX 790,FERRON,UT,84523,,(435)384-2335,43,"Rural, Remote",No,221.00000,13.38000,16.5200000,80.00000,23.00000,–,Regular,Open,,,,,,
490120000637,UT-35-35406,4901200,UT-35,07,09,Sand Ridge Jr High,Weber District,Weber County,2075 W 4600 S,ROY,UT,84067,,(801)476-5320,21,"Suburban, Large",No,695.00000,35.39000,19.6400000,230.00000,69.00000,–,Regular,Open,"41.179382631759, -112.029700724569",41.179382631759,-112.029700724569,US Census Geocoder,Exact,"2075 W 4600 S, ROY, UT, 84067"
490021001098,UT-07-07160,4900210,UT-07,PK,06,Sand Springs School,Davis District,Davis County,242 N 3200 W,LAYTON,UT,84041,,(801)402-3850,21,"Suburban, Large",No,682.00000,34.00000,20.0600000,37.00000,16.00000,–,Regular,Open,"41.063548765477, -112.026189784324",41.063548765477,-112.026189784324,US Census Geocoder,Exact,"242 N 3200 W, LAYTON, UT, 84041"
490114000739,UT-33-33122,4901140,UT-33,PK,05,Sandstone School,Washington District,Washington County,850 N 2450 E,ST GEORGE,UT,84790,,(435)674-6460,12,"City, Midsize",No,518.00000,25.50000,20.3100000,275.00000,62.00000,–,Regular,Open,"37.123593353967, -113.531797272426",37.123593353967,-113.531797272426,US Census Geocoder,Exact,"850 N 2450 E, ST GEORGE, UT, 84790"
490014200321,UT-42-42156,4900142,UT-42,PK,05,Sandy School,Canyons District,Salt Lake County,8725 S 280 E,SANDY,UT,84070,,(801)826-9325,21,"Suburban, Large",No,514.00000,27.50000,18.6900000,249.00000,49.00000,–,Regular,Open,"40.592878108016, -111.882026206431",40.592878108016,-111.882026206431,US Census Geocoder,Exact,"8725 S 280 E, SANDY, UT, 84070"
490114000701,UT-33-33124,4901140,UT-33,PK,05,Santa Clara School,Washington District,Washington County,2950 W CRESTVIEW DRIVE,SANTA CLARA,UT,84765,,(435)628-2624,22,"Suburban, Midsize",No,450.00000,22.50000,20.0000000,101.00000,35.00000,–,Regular,Open,"37.136338883572, -113.652535096851",37.136338883572,-113.652535096851,US Census Geocoder,Non_Exact,"2950 CRESTVIEW DR, SANTA CLARA, UT, 84765"
490063000397,UT-19-19168,4900630,UT-19,PK,06,Santaquin School,Nebo District,Utah County,25 S 400 W,SANTAQUIN,UT,84655,,(801)754-3611,31,"Town, Fringe",No,579.00000,27.28000,21.2200000,137.00000,62.00000,–,Regular,Open,"39.975379242746, -111.792953213188",39.975379242746,-111.792953213188,US Census Geocoder,Exact,"25 S 400 W, SANTAQUIN, UT, 84655"
490003001099,UT-01-01163,4900030,UT-01,PK,06,Saratoga Shores School,Alpine District,Utah County,1415 S PARKSIDE DR,SARATOGA SPRINGS,UT,84045,,(801)610-8716,21,"Suburban, Large",No,777.00000,33.60000,23.1300000,47.00000,20.00000,–,Regular,Open,"40.335896232465, -111.918948674273",40.335896232465,-111.918948674273,US Census Geocoder,Non_Exact,"1415 PARKSIDE CT, SARATOGA SPRINGS, UT, 84045"
490017001456,UT-6J-6J100,4900170,UT-6J,KG,08,Scholar Academy,Scholar Academy,Tooele County,928 N 100 E,TOOELE,UT,84074,,(435)566-6957,32,"Town, Distant",Yes,690.00000,30.38000,22.7100000,150.00000,54.00000,–,Regular,Open,"40.545626885807, -112.295243811707",40.545626885807,-112.295243811707,US Census Geocoder,Exact,"928 N 100 E, TOOELE, UT, 84074"
490036000763,UT-12-12423,4900360,UT-12,07,08,Scott M Matheson Jr High,Granite District,Salt Lake County,3650 S MONTCLAIR ST,MAGNA,UT,84044,,(385)646-5290,21,"Suburban, Large",No,1051.00000,41.32000,25.4400000,452.00000,98.00000,–,Regular,Open,"40.693697928267, -112.075737141775",40.693697928267,-112.075737141775,US Census Geocoder,Non_Exact,"3650 MONTCLAIR ST, MAGNA, UT, 84044"
490003000027,UT-01-01164,4900030,UT-01,PK,06,Sego Lily School,Alpine District,Utah County,550 E 900 N,LEHI,UT,84043,,(801)610-8717,13,"City, Small",No,625.00000,26.28000,23.7800000,98.00000,20.00000,–,Regular,Open,"40.398810422355, -111.840740279833",40.398810422355,-111.840740279833,US Census Geocoder,Exact,"550 E 900 N, LEHI, UT, 84043"
490003000911,UT-01-01850,4900030,UT-01,PK,03,Serv By Appt,Alpine District,Utah County,575 N 100 E,AMERICAN FORK,UT,84003,,(801)756-8400,21,"Suburban, Large",No,0.00000,0.00000,†,†,†,†,Regular,Open,"40.388578716703, -111.795853087799",40.388578716703,-111.795853087799,US Census Geocoder,Exact,"575 N 100 E, AMERICAN FORK, UT, 84003"
490105001179,UT-30-30138,4901050,UT-30,KG,06,Settlement Canyon School,Tooele District,Tooele County,935 WEST TIMPIE ROAD,TOOELE,UT,84074,,(435)882-4597,32,"Town, Distant",No,519.00000,26.27000,19.7600000,129.00000,43.00000,–,Regular,Open,"40.514021728279, -112.323471312186",40.514021728279,-112.323471312186,US Census Geocoder,Non_Exact,"935 TIMPIE RD, TOOELE, UT, 84074"
490093001465,UT-26-26600,4900930,UT-26,09,12,Sevier Career and Technical Education Center,Sevier District,Sevier County,53 North 400 West,RICHFIELD,UT,84701,,(435)633-4989,33,"Town, Remote",No,0.00000,0.00000,†,†,†,†,Vocational,Open,"38.768806902771, -112.091979460264",38.768806902771,-112.091979460264,US Census Geocoder,Exact,"53 N 400 W, RICHFIELD, UT, 84701"
490072001317,UT-37-37174,4900720,UT-37,KG,06,Shadow Valley School,Ogden City District,Weber County,4911 S 1500 E,OGDEN,UT,84403,,(801)737-8150,13,"City, Small",No,594.00000,26.00000,22.8500000,116.00000,31.00000,–,Regular,Open,"41.174149215201, -111.941501085992",41.174149215201,-111.941501085992,US Census Geocoder,Non_Exact,"4911 1500 E, OGDEN, UT, 84403"
490003000029,UT-01-01170,4900030,UT-01,PK,06,Shelley School,Alpine District,Utah County,602 N 200 W,AMERICAN FORK,UT,84003,,(801)610-8718,21,"Suburban, Large",No,731.00000,32.05000,22.8100000,102.00000,22.00000,–,Regular,Open,"40.388570064023, -111.803628956489",40.388570064023,-111.803628956489,US Census Geocoder,Exact,"602 N 200 W, AMERICAN FORK, UT, 84003"
490021001569,UT-07-07428,4900210,UT-07,07,09,Shoreline Junior High,Davis District,Davis County,1150 S Westside Drive,LAYTON,UT,84041,,(801)402-7700,21,"Suburban, Large",No,1225.00000,42.49000,28.8300000,70.00000,20.00000,–,Regular,Open,"41.044368856063, -111.998689633104",41.044368856063,-111.998689633104,US Census Geocoder,Exact,"1150 S WESTSIDE DR, LAYTON, UT, 84041"
490081000452,UT-38-38408,4900810,UT-38,07,08,Shoreline Middle School,Provo District,Utah County,1201 West 890 South,PROVO,UT,84601,,(801)374-4980,12,"City, Midsize",No,877.00000,45.94000,19.0900000,336.00000,72.00000,–,Regular,Open,"40.221989711488, -111.67778291771",40.221989711488,-111.67778291771,US Census Geocoder,Exact,"1201 W 890 S, PROVO, UT, 84601"
490063001391,UT-19-19169,4900630,UT-19,PK,06,Sierra Bonita Elementary,Nebo District,Utah County,53 S 1800 E,SPANISH FORK,UT,84660,,(801)798-4480,21,"Suburban, Large",No,568.00000,24.62000,23.0700000,71.00000,20.00000,–,Regular,Open,"40.108418266371, -111.623845905506",40.108418266371,-111.623845905506,US Census Geocoder,Non_Exact,"53 1800 E, SPANISH FORK, UT, 84660"
490042001353,UT-14-14117,4900420,UT-14,KG,06,Silver Crest School,Jordan District,Salt Lake County,12937 S ELEMENTARY DR,HERRIMAN,UT,84096,,(801)253-1034,21,"Suburban, Large",No,879.00000,38.00000,23.1300000,191.00000,66.00000,–,Regular,Open,"40.5169121, -112.0210535",40.5169121,-112.0210535,OpenStreetMap Nominatim,Fallback,"Silver Crest Elementary School, 5492, West Herriman Main Street, Towne Center Apartments, Herriman, Salt Lake County, Utah, 84096, United States"
490036000852,UT-12-12191,4900360,UT-12,PK,06,Silver Hills School,Granite District,Salt Lake County,5770 W 5100 S,KEARNS,UT,84118,,(385)646-5014,21,"Suburban, Large",No,475.00000,22.50000,21.1100000,154.00000,53.00000,–,Regular,Open,"40.659092509958, -112.027715224876",40.659092509958,-112.027715224876,US Census Geocoder,Non_Exact,"5770 5100 S, KEARNS, UT, 84118"
490003001596,UT-01-01152,4900030,UT-01,PK,06,Silver Lake Elementary,Alpine District,Utah County,5069 Golden Eagle Road,EAGLE MOUNTAIN,UT,84005,,(801)640-8400,21,"Suburban, Large",No,870.00000,35.98000,24.1800000,134.00000,57.00000,–,Regular,Open,"40.3498143, -111.9470894",40.3498143,-111.9470894,OpenStreetMap Nominatim,Fallback,"Silver Lake Elementary School, 5069, Golden Eagle Road, Eagle Mountain, Utah County, Utah, 84005, United States"
490014200658,UT-42-42158,4900142,UT-42,KG,05,Silver Mesa School,Canyons District,Salt Lake County,8920 S 1700 E,SANDY,UT,84093,,(801)826-9400,21,"Suburban, Large",No,551.00000,27.80000,19.8200000,66.00000,19.00000,–,Regular,Open,"40.589810409061, -111.843725792943",40.589810409061,-111.843725792943,US Census Geocoder,Exact,"8920 S 1700 E, SANDY, UT, 84093"
490120001552,UT-35-35141,4901200,UT-35,KG,06,Silver Ridge Elementary,Weber District,Weber County,3340 North 3050 West,FARR WEST,UT,84404,,(801)476-7800,21,"Suburban, Large",No,602.00000,27.00000,22.3000000,91.00000,32.00000,–,Regular,Open,"41.322011233518, -112.054073276953",41.322011233518,-112.054073276953,US Census Geocoder,Exact,"3340 N 3050 W, FARR WEST, UT, 84404"
490099001534,UT-28-28705,4900990,UT-28,06,12,Silver Summit Academy,South Summit District,Summit County,6407 N Business Park Loop Rd.,PARK CITY,UT,84098,,(435)783-4010,41,"Rural, Fringe",No,104.00000,8.34000,12.4700000,4.00000,2.00000,–,Regular,Open,,,,,,
490099001535,UT-28-28105,4900990,UT-28,KG,05,Silver Summit School,South Summit District,Summit County,6409 N. Business Loop Rd,PARK CITY,UT,84098,,(435)783-4010,41,"Rural, Fringe",No,55.00000,3.80000,14.4700000,5.00000,0.00000,–,Regular,Open,"40.723872231242, -111.488296427554",40.723872231242,-111.488296427554,US Census Geocoder,Exact,"6409 N BUSINESS LOOP RD, PARK CITY, UT, 84098"
490087001636,UT-36-36790,4900870,UT-36,12,12,Sky View Academy,Salt Lake District,Salt Lake County,1234 S Main Street,SALT LAKE CITY,UT,84101,,(801)578-8574,41,"Rural, Fringe",No,1.00000,1.00000,1.0000000,†,†,†,Special Education,Open,"40.742546065465, -111.891150890088",40.742546065465,-111.891150890088,US Census Geocoder,Exact,"1234 S MAIN ST, SALT LAKE CITY, UT, 84101"
490012000083,UT-04-04706,4900120,UT-04,08,12,Sky View High,Cache District,Cache County,520 S 250 E,SMITHFIELD,UT,84335,,(435)563-6273,22,"Suburban, Midsize",No,1600.00000,64.00000,25.0000000,242.00000,164.00000,–,Regular,Open,"41.825602494646, -111.826178386969",41.825602494646,-111.826178386969,US Census Geocoder,Exact,"520 S 250 E, SMITHFIELD, UT, 84335"
490036000261,UT-12-12718,4900360,UT-12,07,12,Skyline High,Granite District,Salt Lake County,3251 E 3760 S,SALT LAKE CITY,UT,84109,,(385)646-5420,21,"Suburban, Large",No,2186.00000,79.55000,27.4800000,152.00000,37.00000,–,Regular,Open,"40.689544046254, -111.801469244877",40.689544046254,-111.801469244877,US Census Geocoder,Exact,"3251 E 3760 S, SALT LAKE CITY, UT, 84109"
490003001486,UT-01-01785,4900030,UT-01,09,12,Skyridge High School,Alpine District,Utah County,3000 North Center Street,LEHI,UT,84043,,(801)610-8820,13,"City, Small",No,2483.00000,94.70000,26.2200000,202.00000,35.00000,–,Regular,Open,"40.42338929317, -111.849613554575",40.42338929317,-111.849613554575,US Census Geocoder,Exact,"3000 N CENTER ST, LEHI, UT, 84043"
490081001650,UT-38-38558,4900810,UT-38,KG,12,Slate Mountain School,Provo District,Utah County,1991 South State Street,PROVO,UT,84606,,(801)342-7840,12,"City, Midsize",No,52.00000,14.92000,3.4900000,†,†,†,Other/Alternative,Open,"40.207084125249, -111.629087130367",40.207084125249,-111.629087130367,US Census Geocoder,Exact,"1991 S STATE ST, PROVO, UT, 84606"
490114000206,UT-33-33725,4901140,UT-33,10,12,Snow Canyon High,Washington District,Washington County,1385 N LAVA FLOW DR.,ST GEORGE,UT,84770,,(435)634-1967,12,"City, Midsize",No,1324.00000,54.76000,24.1800000,294.00000,61.00000,–,Regular,Open,"37.133269451184, -113.633835779417",37.133269451184,-113.633835779417,US Census Geocoder,Exact,"1385 N LAVA FLOW DR, ST GEORGE, UT, 84770"
490114000063,UT-33-33425,4901140,UT-33,PK,09,Snow Canyon Middle,Washington District,Washington County,1215 N LAVA FLOW DRIVE,ST GEORGE,UT,84770,,(435)674-6474,12,"City, Midsize",No,796.00000,31.72000,25.0900000,221.00000,56.00000,–,Regular,Open,"37.12701802503, -113.635477885144",37.12701802503,-113.635477885144,US Census Geocoder,Exact,"1215 N LAVA FLOW DR, ST GEORGE, UT, 84770"
490021001206,UT-07-07162,4900210,UT-07,PK,06,Snow Horse School,Davis District,Davis County,1095 W SMITH LANE,KAYSVILLE,UT,84037,,(801)402-7350,21,"Suburban, Large",No,490.00000,25.30000,19.3700000,33.00000,6.00000,–,Regular,Open,"41.021188309095, -111.962140353224",41.021188309095,-111.962140353224,US Census Geocoder,Non_Exact,"1095 SMITH LN, KAYSVILLE, UT, 84037"
490003000699,UT-01-01172,4900030,UT-01,PK,06,Snow Springs School,Alpine District,Utah County,850 S 1700 W,LEHI,UT,84043,,(801)610-8719,13,"City, Small",No,843.00000,33.70000,25.0100000,118.00000,27.00000,–,Regular,Open,"40.37776763886, -111.876861027406",40.37776763886,-111.876861027406,US Census Geocoder,Exact,"850 S 1700 W, LEHI, UT, 84043"
490120000669,UT-35-35412,4901200,UT-35,07,09,Snowcrest Jr High,Weber District,Weber County,2755 N HIGHWAY 162,EDEN,UT,84310,,(801)476-5360,42,"Rural, Distant",No,265.00000,16.19000,16.3700000,24.00000,9.00000,–,Regular,Open,"41.308826047966, -111.832158339342",41.308826047966,-111.832158339342,US Census Geocoder,Exact,"2755 N HWY 162, EDEN, UT, 84310"
490009000067,UT-03-03188,4900090,UT-03,KG,05,Snowville School,Box Elder District,Box Elder County,160 N STONE RD,SNOWVILLE,UT,84336,,(435)515-5070,43,"Rural, Remote",No,28.00000,3.00000,9.3300000,10.00000,2.00000,–,Regular,Open,"41.968849354741, -112.71044409265",41.968849354741,-112.71044409265,US Census Geocoder,Exact,"160 N STONE RD, SNOWVILLE, UT, 84336"
490001100587,UT-89-89100,4900011,UT-89,PK,08,Soldier Hollow Charter School,Soldier Hollow Charter School,Wasatch County,3444 West 3000 South,HEBER CITY,UT,84032,,(435)654-1347,41,"Rural, Fringe",Yes,328.00000,18.49000,17.7400000,6.00000,0.00000,–,Regular,Open,"40.470758839532, -111.467236437437",40.470758839532,-111.467236437437,US Census Geocoder,Exact,"3444 W 3000 S, HEBER CITY, UT, 84032"
490012000084,UT-04-04410,4900120,UT-04,07,08,South Cache Middle School,Cache District,Cache County,10 S 480 W,HYRUM,UT,84319,,(435)245-6433,22,"Suburban, Midsize",No,1143.00000,49.41000,23.1300000,246.00000,109.00000,–,Regular,Open,"41.6344285, -111.8681568",41.6344285,-111.8681568,OpenStreetMap Nominatim,Fallback,"South Cache Middle School, 500 West, Hyrum, Cache County, Utah, 84319, United States"
490021000141,UT-07-07156,4900210,UT-07,PK,06,South Clearfield School,Davis District,Davis County,990 E 700 S,CLEARFIELD,UT,84015,,(801)402-2500,21,"Suburban, Large",No,703.00000,34.39000,20.4400000,301.00000,64.00000,–,Regular,Open,"41.103458638294, -112.007089609418",41.103458638294,-112.007089609418,US Census Geocoder,Exact,"990 E 700 S, CLEARFIELD, UT, 84015"
490021000142,UT-07-07416,4900210,UT-07,07,09,South Davis Jr High,Davis District,Davis County,298 W 2600 S,BOUNTIFUL,UT,84010,,(801)402-6400,21,"Suburban, Large",No,953.00000,41.21000,23.1300000,169.00000,44.00000,–,Regular,Open,"40.861680246945, -111.886980992673",40.861680246945,-111.886980992673,US Census Geocoder,Exact,"298 W 2600 S, BOUNTIFUL, UT, 84010"
490042000531,UT-14-14415,4900420,UT-14,07,09,South Hills Middle,Jordan District,Salt Lake County,13508 S 4000 W,RIVERTON,UT,84065,,(801)412-2400,21,"Suburban, Large",No,1181.00000,51.36000,22.9900000,184.00000,68.00000,–,Regular,Open,"40.506348278265, -111.986510449444",40.506348278265,-111.986510449444,US Census Geocoder,Exact,"13508 S 4000 W, RIVERTON, UT, 84065"
490042000896,UT-14-14411,4900420,UT-14,07,09,South Jordan Middle,Jordan District,Salt Lake County,10245 S 2700 W,SOUTH JORDAN,UT,84095,,(801)412-2900,21,"Suburban, Large",No,1182.00000,50.59000,23.3600000,104.00000,39.00000,–,Regular,Open,"40.565101125534, -111.9576763548",40.565101125534,-111.9576763548,US Census Geocoder,Exact,"10245 S 2700 W, SOUTH JORDAN, UT, 84095"
490042000322,UT-14-14160,4900420,UT-14,KG,06,South Jordan School,Jordan District,Salt Lake County,11205 S BLACK CHERRY WAY,SOUTH JORDAN,UT,84095,,(801)254-8000,21,"Suburban, Large",No,863.00000,40.00000,21.5800000,123.00000,32.00000,–,Regular,Open,"40.548194649647, -111.931009659241",40.548194649647,-111.931009659241,US Census Geocoder,Exact,"11205 S BLACK CHERRY WAY, SOUTH JORDAN, UT, 84095"
490036000262,UT-12-12196,4900360,UT-12,PK,06,South Kearns School,Granite District,Salt Lake County,4430 W 5570 S,KEARNS,UT,84118,,(385)646-5026,21,"Suburban, Large",No,536.00000,27.50000,19.4900000,201.00000,50.00000,–,Regular,Open,"40.649910279249, -111.998274051068",40.649910279249,-111.998274051068,US Census Geocoder,Exact,"4430 W 5570 S, KEARNS, UT, 84118"
490114001602,UT-33-33148,4901140,UT-33,KG,05,South Mesa Elementary,Washington District,Washington County,2969 S 3300 East,SAINT GEORGE,UT,84790,,(435)634-7030,12,"City, Midsize",No,595.00000,26.50000,22.4500000,44.00000,10.00000,–,Regular,Open,"37.057248666349, -113.515514106791",37.057248666349,-113.515514106791,US Census Geocoder,Exact,"2969 S 3300 E, SAINT GEORGE, UT, 84790"
490120000638,UT-35-35408,4901200,UT-35,07,09,South Ogden Jr High,Weber District,Weber County,650 E PLEASANT VALLEY DR,OGDEN,UT,84405,,(801)452-4460,21,"Suburban, Large",No,799.00000,37.31000,21.4200000,236.00000,57.00000,–,Regular,Open,"41.1597340, -111.9633052",41.1597340,-111.9633052,OpenStreetMap Nominatim,Fallback,"South Ogden Junior High, 650, East 5700 South, South Ogden, Weber County, Utah, 84405, United States"
490084000472,UT-24-24112,4900840,UT-24,KG,05,South Rich School,Rich District,Rich County,P O BOX 67,RANDOLPH,UT,84064,,(435)793-2135,43,"Rural, Remote",No,104.00000,7.70000,13.5100000,29.00000,26.00000,–,Regular,Open,"41.6649426, -111.1882523",41.6649426,-111.1882523,OpenStreetMap Nominatim,Fallback,"South Rich School, South First West, Randolph, Rich County, Utah, United States"
490096001425,UT-27-27801,4900960,UT-27,KG,12,South Sanpete Education Support Center,South Sanpete District,Sanpete County,39 S MAIN ST,MANTI,UT,84642,,(435)835-2261,42,"Rural, Distant",No,12.00000,4.42000,2.7100000,7.00000,0.00000,–,Regular,Open,"39.264865064656, -111.636900756621",39.264865064656,-111.636900756621,US Census Geocoder,Exact,"39 S MAIN ST, MANTI, UT, 84642"
490093000547,UT-26-26712,4900930,UT-26,09,12,South Sevier High,Sevier District,Sevier County,430 W 100 S,MONROE,UT,84754,,(435)527-4651,42,"Rural, Distant",No,426.00000,21.36000,19.9400000,162.00000,0.00000,–,Regular,Open,"38.630080904687, -112.129421374643",38.630080904687,-112.129421374643,US Census Geocoder,Exact,"430 W 100 S, MONROE, UT, 84754"
490093000783,UT-26-26320,4900930,UT-26,06,08,South Sevier Middle,Sevier District,Sevier County,300 E CENTER,MONROE,UT,84754,,(435)527-4607,42,"Rural, Distant",No,288.00000,12.58000,22.8900000,131.00000,0.00000,–,Regular,Open,"38.631949684395, -112.115890706871",38.631949684395,-112.115890706871,US Census Geocoder,Non_Exact,"300 E CENTER ST, MONROE, UT, 84754"
490099000557,UT-28-28704,4900990,UT-28,09,12,South Summit High,South Summit District,Summit County,45 S 300 E,KAMAS,UT,84036,,(435)783-4313,42,"Rural, Distant",No,486.00000,24.55000,19.8000000,60.00000,17.00000,–,Regular,Open,"40.642306156132, -111.274242175304",40.642306156132,-111.274242175304,US Census Geocoder,Exact,"45 S 300 E, KAMAS, UT, 84036"
490099000733,UT-28-28304,4900990,UT-28,05,08,South Summit Middle,South Summit District,Summit County,355 E 300 S,KAMAS,UT,84036,,(435)783-4341,42,"Rural, Distant",No,475.00000,23.57000,20.1500000,63.00000,17.00000,–,Regular,Open,"40.637262410841, -111.274238903153",40.637262410841,-111.274238903153,US Census Geocoder,Non_Exact,"355 S 300 E, KAMAS, UT, 84036"
490099001244,UT-28-28100,4900990,UT-28,PK,PK,South Summit Preschool,South Summit District,Summit County,535 E 300 South,KAMAS,UT,84036,,(435)783-4318,42,"Rural, Distant",No,0.00000,0.00000,†,†,†,†,Special Education,Open,"40.638336224121, -111.271147891138",40.638336224121,-111.271147891138,US Census Geocoder,Exact,"535 E 300 S, KAMAS, UT, 84036"
490099000558,UT-28-28104,4900990,UT-28,PK,04,South Summit School,South Summit District,Summit County,535 E 300 S,KAMAS,UT,84036,,(435)783-4318,42,"Rural, Distant",No,496.00000,27.00000,18.3700000,70.00000,17.00000,–,Regular,Open,"40.638336224121, -111.271147891138",40.638336224121,-111.271147891138,US Census Geocoder,Exact,"535 E 300 S, KAMAS, UT, 84036"
490042000323,UT-14-14802,4900420,UT-14,09,12,South Valley School,Jordan District,Salt Lake County,8400 S 1700 W,WEST JORDAN,UT,84088,,(801)565-7592,21,"Suburban, Large",No,165.00000,14.00000,11.7900000,48.00000,7.00000,–,Special Education,Open,"40.598522688972, -111.938810236252",40.598522688972,-111.938810236252,US Census Geocoder,Exact,"8400 S 1700 W, WEST JORDAN, UT, 84088"
490021000143,UT-07-07158,4900210,UT-07,PK,06,South Weber School,Davis District,Davis County,1285 E LESTER ST,SOUTH WEBER,UT,84405,,(801)402-3750,21,"Suburban, Large",No,809.00000,33.45000,24.1900000,53.00000,16.00000,–,Regular,Open,"41.132332702355, -111.948601718958",41.132332702355,-111.948601718958,US Census Geocoder,Non_Exact,"1285 E LESTER ST S, SOUTH WEBER, UT, 84405"
490006901632,UT-41-41621,4900069,UT-41,PK,12,Southern Utah School of the Deaf,Utah Schools for the Deaf and the Blind,Washington County,919 East Brigham Road,SAINT GEORGE,UT,84790,,(801)431-5103,41,"Rural, Fringe",No,13.00000,11.17000,1.1600000,3.00000,0.00000,–,Special Education,Open,"37.054200545995, -113.56503743096",37.054200545995,-113.56503743096,US Census Geocoder,Exact,"919 E BRIGHAM RD, SAINT GEORGE, UT, 84790"
490042000324,UT-14-14161,4900420,UT-14,KG,06,Southland School,Jordan District,Salt Lake County,12675 S 2700 W,RIVERTON,UT,84065,,(801)254-8047,21,"Suburban, Large",No,592.00000,30.50000,19.4100000,74.00000,21.00000,–,Regular,Open,"40.520943621121, -111.9576428897",40.520943621121,-111.9576428897,US Census Geocoder,Exact,"12675 S 2700 W, RIVERTON, UT, 84065"
490042001427,UT-14-14660,4900420,UT-14,09,12,Southpointe Adult High,Jordan District,Salt Lake County,9301 S WIGHTS FORT RD,WEST JORDAN,UT,84084,,(801)256-5952,21,"Suburban, Large",No,0.00000,0.00000,†,†,†,†,Other/Alternative,Open,"40.584929150119, -111.973315585093",40.584929150119,-111.973315585093,US Census Geocoder,Non_Exact,"9301 S WIGHTS FORT RD, WEST JORDAN, UT, 84088"
490039000872,UT-13-13750,4900390,UT-13,KG,12,Southwest Educational Academy,Iron District,Iron County,510 W 800 S,CEDAR CITY,UT,84720,,(435)586-2870,33,"Town, Remote",No,4239.00000,14.98000,282.9800000,364.00000,60.00000,–,Other/Alternative,Open,"37.663554518429, -113.069859430886",37.663554518429,-113.069859430886,US Census Geocoder,Exact,"510 W 800 S, CEDAR CITY, UT, 84720"
490114001306,UT-33-33850,4901140,UT-33,09,12,Southwest High,Washington District,Washington County,756 West Tabernacle,SAINT GEORGE,UT,84770,,(435)652-4709,12,"City, Midsize",No,0.00000,1.00000,†,†,†,†,Other/Alternative,Open,"37.10810331943, -113.567284810176",37.10810331943,-113.567284810176,US Census Geocoder,Non_Exact,"756 E TABERNACLE, SAINT GEORGE, UT, 84770"
490063000399,UT-19-19708,4900630,UT-19,09,12,Spanish Fork High,Nebo District,Utah County,158 N 630 West,SPANISH FORK,UT,84660,,(801)798-4060,21,"Suburban, Large",No,1640.00000,69.44000,23.6200000,245.00000,79.00000,–,Regular,Open,"40.111959355182, -111.665033549852",40.111959355182,-111.665033549852,US Census Geocoder,Exact,"158 N 630 W, SPANISH FORK, UT, 84660"
490063000482,UT-19-19420,4900630,UT-19,07,09,Spanish Fork Jr High,Nebo District,Utah County,600 S 820 E,SPANISH FORK,UT,84660,,(801)798-4075,21,"Suburban, Large",No,1070.00000,50.57000,21.1600000,190.00000,64.00000,–,Regular,Open,"40.101911332447, -111.640508793209",40.101911332447,-111.640508793209,US Census Geocoder,Exact,"600 S 820 E, SPANISH FORK, UT, 84660"
490063000747,UT-19-19170,4900630,UT-19,PK,06,Spanish Oaks School,Nebo District,Utah County,2701 E CANYON CREST DR,SPANISH FORK,UT,84660,,(801)798-7411,21,"Suburban, Large",No,416.00000,22.97000,18.1100000,61.00000,34.00000,–,Regular,Open,"40.085928421149, -111.607562387664",40.085928421149,-111.607562387664,US Census Geocoder,Exact,"2701 E CANYON CREST DR, SPANISH FORK, UT, 84660"
490072000978,UT-37-37620,4900720,UT-37,PK,12,Spec. Educ. ATC,Ogden City District,Weber County,1950 MONROE BLVD,OGDEN,UT,84401,,(801)625-8700,13,"City, Small",No,0.00000,0.00000,†,†,†,†,Special Education,Open,"41.232289613653, -111.959002003137",41.232289613653,-111.959002003137,US Census Geocoder,Exact,"1950 MONROE BLVD, OGDEN, UT, 84401"
490014201309,UT-42-42800,4900142,UT-42,PK,PK,Special Ed Preschool,Canyons District,Salt Lake County,9361 S 300 E,SANDY,UT,84070,,(801)501-1067,21,"Suburban, Large",No,312.00000,24.13000,12.9300000,83.00000,6.00000,–,Special Education,Open,"40.58162258895, -111.881643531118",40.58162258895,-111.881643531118,US Census Geocoder,Exact,"9361 S 300 E, SANDY, UT, 84070"
490004201137,UT-3D-3D100,4900042,UT-3D,KG,12,Spectrum Academy - NSL,Spectrum Academy,Davis County,575 CUTLER DRIVE,NORTH SALT LAKE,UT,84054,,(801)936-0318,21,"Suburban, Large",Yes,829.00000,74.14000,11.1800000,213.00000,44.00000,–,Regular,Open,"40.852389705866, -111.93201495485",40.852389705866,-111.93201495485,US Census Geocoder,Exact,"575 CUTLER DR, NORTH SALT LAKE, UT, 84054"
490004201464,UT-3D-3D300,4900042,UT-3D,KG,12,Spectrum Academy - Pleasant Grove,Spectrum Academy,Utah County,867 S. 800 W.,PLEASANT GROVE,UT,84062,,(801)785-9019,21,"Suburban, Large",Yes,696.00000,65.82000,10.5700000,129.00000,32.00000,–,Regular,Open,"40.3640349, -111.7386884",40.3640349,-111.7386884,OpenStreetMap Nominatim,Fallback,"Pleasant Grove, Utah County, Utah, 84062, United States"
490063001558,UT-19-19360,4900630,UT-19,06,08,Spring Canyon Middle,Nebo District,Utah County,599 W 700 S,SPRINGVILLE,UT,84663,,(801)609-2400,21,"Suburban, Large",No,1038.00000,47.77000,21.7300000,218.00000,77.00000,–,Regular,Open,"40.157432714508, -111.620343431494",40.157432714508,-111.620343431494,US Census Geocoder,Exact,"599 W 700 S, SPRINGVILLE, UT, 84663"
490066000414,UT-20-20120,4900660,UT-20,KG,06,Spring City School,North Sanpete District,Sanpete County,100 N 453 E,SPRING CITY,UT,84662,,(435)462-2169,42,"Rural, Distant",No,142.00000,7.75000,18.3200000,62.00000,19.00000,–,Regular,Open,"39.479595374862, -111.489683312822",39.479595374862,-111.489683312822,US Census Geocoder,Non_Exact,"453 E 100 N, SPRING CITY, UT, 84662"
490012000846,UT-04-04330,4900120,UT-04,07,08,Spring Creek Middle School,Cache District,Cache County,350 W 100 N,PROVIDENCE,UT,84332,,(435)753-6200,22,"Suburban, Midsize",No,869.00000,37.02000,23.4700000,146.00000,42.00000,–,Regular,Open,"41.709997443659, -111.826723971336",41.709997443659,-111.826723971336,US Census Geocoder,Exact,"350 W 100 N, PROVIDENCE, UT, 84332"
490081000789,UT-38-38123,4900810,UT-38,PK,06,Spring Creek School,Provo District,Utah County,1740 S NEVADA AVE,PROVO,UT,84606,,(801)370-4650,12,"City, Midsize",No,452.00000,25.80000,17.5200000,232.00000,44.00000,–,Regular,Open,"40.209446568289, -111.624760567096",40.209446568289,-111.624760567096,US Census Geocoder,Exact,"1740 S NEVADA AVE, PROVO, UT, 84606"
490063000766,UT-19-19171,4900630,UT-19,PK,06,Spring Lake School,Nebo District,Utah County,1750 S 500 W,PAYSON,UT,84651,,(801)465-6070,31,"Town, Fringe",No,531.00000,23.60000,22.5000000,112.00000,35.00000,–,Regular,Open,"40.0183520, -111.7392336",40.0183520,-111.7392336,OpenStreetMap Nominatim,Fallback,"500 West, Payson, Utah County, Utah, 84651, United States"
490114000604,UT-33-33128,4901140,UT-33,PK,05,Springdale School,Washington District,Washington County,898 ZION PARK BLVD,SPRINGDALE,UT,84767,,(435)772-3279,42,"Rural, Distant",No,35.00000,2.26000,15.4900000,8.00000,13.00000,–,Regular,Open,"37.18887850899, -112.999351327894",37.18887850899,-112.999351327894,US Census Geocoder,Exact,"898 ZION PARK BLVD, SPRINGDALE, UT, 84767"
490003001515,UT-01-01202,4900030,UT-01,PK,06,Springside School,Alpine District,Utah County,694 South Highpoint Drive,SARATOGA SPRINGS,UT,84045,,(801)610-8732,21,"Suburban, Large",No,827.00000,34.87000,23.7200000,69.00000,36.00000,–,Regular,Open,"40.348341113269, -111.913548938839",40.348341113269,-111.913548938839,US Census Geocoder,Exact,"694 S HIGHPOINT DR, SARATOGA SPRINGS, UT, 84045"
490063000402,UT-19-19712,4900630,UT-19,06,12,Springville High,Nebo District,Utah County,1205 E 900 S,SPRINGVILLE,UT,84663,,(801)489-2870,21,"Suburban, Large",No,1665.00000,73.55000,22.6400000,300.00000,82.00000,–,Regular,Open,"40.154352114064, -111.589399815861",40.154352114064,-111.589399815861,US Census Geocoder,Exact,"1205 E 900 S, SPRINGVILLE, UT, 84663"
490063000403,UT-19-19424,4900630,UT-19,07,09,Springville Jr High,Nebo District,Utah County,189 S 1470 East,SPRINGVILLE,UT,84663,,(801)489-2880,21,"Suburban, Large",No,1086.00000,47.77000,22.7300000,245.00000,65.00000,–,Regular,Open,"40.1660884, -111.5838479",40.1660884,-111.5838479,OpenStreetMap Nominatim,Fallback,"South 1470 East Street, Springville, Utah County, Utah, 84664, United States"
490014200325,UT-42-42164,4900142,UT-42,KG,05,Sprucewood School,Canyons District,Salt Lake County,12025 S 1000 E,SANDY,UT,84094,,(801)826-9475,21,"Suburban, Large",No,342.00000,16.50000,20.7300000,73.00000,15.00000,–,Regular,Open,"40.533146014832, -111.86265018135",40.533146014832,-111.86265018135,US Census Geocoder,Exact,"12025 S 1000 E, SANDY, UT, 84094"
490018801485,UT-9K-9K700,4900188,UT-9K,07,12,St. George Academy,St. George Academy,Washington County,380 E 3090 South,WASHINGTON,UT,84780,,(435)319-0105,41,"Rural, Fringe",Yes,229.00000,15.43000,14.8400000,47.00000,0.00000,–,Regular,Open,"37.088832424342, -113.502415441577",37.088832424342,-113.502415441577,US Census Geocoder,Exact,"380 E 3090 S, WASHINGTON, UT, 84780"
490105001177,UT-30-30720,4901050,UT-30,09,12,Stansbury High,Tooele District,Tooele County,5300 N ABERDEEN LANE,STANSBURY PARK,UT,84074,,(435)882-2479,32,"Town, Distant",No,2314.00000,76.26000,30.3400000,268.00000,75.00000,–,Regular,Open,"40.6256014, -112.3007025",40.6256014,-112.3007025,OpenStreetMap Nominatim,Fallback,"Stansbury High School, 5300, Stallion Way, Stansbury Park, Tooele County, Utah, 84074, United States"
490105001645,UT-30-30410,4901050,UT-30,–,–,Stansbury Jr High,Tooele District,Tooele County,140 E Bates Canyon Road,STANSBURY PARK,UT,84074,,(435)833-1900,41,"Rural, Fringe",No,†,†,†,†,†,†,Regular,Future,"40.623605714473, -112.302173648613",40.623605714473,-112.302173648613,US Census Geocoder,Non_Exact,"140 BATES CANYON RD, STANSBURY PARK, UT, 84074"
490105000697,UT-30-30120,4901050,UT-30,PK,06,Stansbury Park School,Tooele District,Tooele County,485 COUNTRY CLUB DR,STANSBURY PARK,UT,84074,,(435)833-1968,32,"Town, Distant",No,712.00000,30.31000,23.4900000,91.00000,37.00000,–,Regular,Open,"40.637245960828, -112.29083716484",40.637245960828,-112.29083716484,US Census Geocoder,Exact,"485 COUNTRY CLUB DR, STANSBURY PARK, UT, 84074"
490036000263,UT-12-12197,4900360,UT-12,PK,06,Stansbury School,Granite District,Salt Lake County,3050 S 2700 W,WEST VALLEY CITY,UT,84119,,(385)646-5032,21,"Suburban, Large",No,582.00000,27.20000,21.4000000,278.00000,48.00000,–,Regular,Open,"40.705384769998, -111.958081516192",40.705384769998,-111.958081516192,US Census Geocoder,Exact,"3050 S 2700 W, WEST VALLEY CITY, UT, 84119"
490021000761,UT-07-07660,4900210,UT-07,07,12,Star Transition,Davis District,Davis County,97 S 200 EAST,FARMINGTON,UT,84025,,(801)402-5975,21,"Suburban, Large",No,0.00000,0.00000,†,†,†,†,Special Education,Open,"40.979701409353, -111.88311788863",40.979701409353,-111.88311788863,US Census Geocoder,Exact,"97 S 200 E, FARMINGTON, UT, 84025"
490105001497,UT-30-30150,4901050,UT-30,PK,06,Sterling School,Tooele District,Tooele County,251 N. 1st St.,TOOELE,UT,84074,,(435)833-1961,32,"Town, Distant",No,772.00000,38.50000,20.0500000,216.00000,62.00000,–,Regular,Open,"40.535142851525, -112.291830601863",40.535142851525,-112.291830601863,US Census Geocoder,Exact,"251 N 1ST ST, TOOELE, UT, 84074"
490021000651,UT-07-07159,4900210,UT-07,PK,06,Stewart School,Davis District,Davis County,1155 N MAIN ST,CENTERVILLE,UT,84014,,(801)402-1850,21,"Suburban, Large",No,524.00000,22.67000,23.1100000,48.00000,18.00000,–,Regular,Open,"40.931648647147, -111.879037081162",40.931648647147,-111.879037081162,US Census Geocoder,Exact,"1155 N MAIN ST, CENTERVILLE, UT, 84014"
490003701470,UT-A9-A9710,4900037,UT-A9,10,12,Success DSU,Success Academy,Washington County,225 South 700 East,ST GEORGE,UT,84770,,(435)652-7830,12,"City, Midsize",Yes,310.00000,6.31000,49.1300000,11.00000,6.00000,–,Regular,Open,"37.104297061318, -113.568400934758",37.104297061318,-113.568400934758,US Census Geocoder,Exact,"225 S 700 E, ST GEORGE, UT, 84770"
490003701101,UT-A9-A9700,4900037,UT-A9,09,12,Success SUU,Success Academy,Iron County,351 W UNIVERSITY BLVD,CEDAR CITY,UT,84720,,(435)865-8790,33,"Town, Remote",Yes,224.00000,7.40000,30.2700000,34.00000,14.00000,–,Regular,Open,,,,,,
490006601499,UT-A4-A4310,4900066,UT-A4,PK,06,Summit Academy - Bluffdale,Summit Academy,Salt Lake County,1940 W. 14400 S,BLUFFDALE,UT,84065,,(801)254-9488,21,"Suburban, Large",Yes,537.00000,26.00000,20.6500000,85.00000,19.00000,–,Regular,Open,"40.489656664702, -111.943682607538",40.489656664702,-111.943682607538,US Census Geocoder,Exact,"1940 W 14400 S, BLUFFDALE, UT, 84065"
490006600996,UT-A4-A4100,4900066,UT-A4,PK,08,Summit Academy - Draper Campus,Summit Academy,Salt Lake County,1285 E 13200 S,DRAPER,UT,84020,,(801)572-4166,21,"Suburban, Large",Yes,601.00000,37.77000,15.9100000,128.00000,22.00000,–,Regular,Open,"40.511589283539, -111.853724000194",40.511589283539,-111.853724000194,US Census Geocoder,Exact,"1285 E 13200 S, DRAPER, UT, 84020"
490006601469,UT-A4-A4300,4900066,UT-A4,PK,08,Summit Academy - Independence,Summit Academy,Salt Lake County,15327 S. Noell Nelson Drive,BLUFFDALE,UT,84065,,(801)987-8755,21,"Suburban, Large",Yes,830.00000,45.43000,18.2700000,119.00000,30.00000,–,Regular,Open,"40.474379959155, -111.919997143593",40.474379959155,-111.919997143593,US Census Geocoder,Non_Exact,"15327 NOELL NELSON DR, BLUFFDALE, UT, 84065"
490006601396,UT-A4-A4700,4900066,UT-A4,KG,12,Summit Academy High School,Summit Academy,Salt Lake County,14942 S 560 West,BLUFFDALE,UT,84065,,(801)495-3272,21,"Suburban, Large",Yes,599.00000,33.40000,17.9300000,90.00000,30.00000,–,Regular,Open,"40.4810783, -111.9091147",40.4810783,-111.9091147,OpenStreetMap Nominatim,Fallback,"Summit Academy High School, Porter Rockwell Boulevard, Bluffdale, Salt Lake County, Utah, 84065, United States"
490003000366,UT-01-01730,4900030,UT-01,07,12,Summit High,Alpine District,Utah County,704 S Utah Valley Drive,AMERICAN FORK,UT,84003,,(801)610-8183,21,"Suburban, Large",No,104.00000,15.17000,6.8600000,77.00000,0.00000,–,Other/Alternative,Open,"40.359845743105, -111.781507264895",40.359845743105,-111.781507264895,US Census Geocoder,Exact,"704 S UTAH VALLEY DR, AMERICAN FORK, UT, 84003"
490012000085,UT-04-04164,4900120,UT-04,PK,06,Summit School,Cache District,Cache County,80 W CENTER,SMITHFIELD,UT,84335,,(435)563-6269,22,"Suburban, Midsize",No,705.00000,31.50000,22.3800000,189.00000,109.00000,–,Regular,Open,"41.836493625406, -111.833852513903",41.836493625406,-111.833852513903,US Census Geocoder,Non_Exact,"80 W CENTER ST, SMITHFIELD, UT, 84335"
490021001597,UT-07-07171,4900210,UT-07,PK,06,Sunburst School,Davis District,Davis County,2504 W Sunburst Drive,LAYTON,UT,84041,,(801)402-8750,21,"Suburban, Large",No,871.00000,35.68000,24.4100000,94.00000,26.00000,–,Regular,Open,"41.0549283, -112.0134646",41.0549283,-112.0134646,OpenStreetMap Nominatim,Fallback,"Sunburst Elementary, 2504, Sunburst Drive, Layton, Davis County, Utah, 84041, United States"
490009000707,UT-03-03778,4900090,UT-03,05,12,Sunrise High School,Box Elder District,Box Elder County,230 W 200 S,BRIGHAM CITY,UT,84302,,(435)734-4834,31,"Town, Fringe",No,161.00000,14.00000,11.5000000,56.00000,10.00000,–,Other/Alternative,Open,"41.506199930115, -112.019487697687",41.506199930115,-112.019487697687,US Census Geocoder,Exact,"230 W 200 S, BRIGHAM CITY, UT, 84302"
490081001233,UT-38-38641,4900810,UT-38,PK,PK,Sunrise Preschool,Provo District,Utah County,87 N. 700 E.,PROVO,UT,84606,,(801)374-4915,12,"City, Midsize",No,267.00000,5.75000,46.4300000,†,†,†,Special Education,Open,"40.243074298941, -111.657658392242",40.243074298941,-111.657658392242,US Census Geocoder,Non_Exact,"87 E 700 N, PROVO, UT, 84606"
490114001300,UT-33-33303,4901140,UT-33,06,07,Sunrise Ridge Intermediate,Washington District,Washington County,3167 S 2350 E,SAINT GEORGE,UT,84790,,(435)652-4772,12,"City, Midsize",No,802.00000,35.58000,22.5400000,101.00000,36.00000,–,Regular,Open,"37.055353362138, -113.534726070016",37.055353362138,-113.534726070016,US Census Geocoder,Non_Exact,"3167 S 2350 EAST ST, SAINT GEORGE, UT, 84790"
490014200326,UT-42-42159,4900142,UT-42,KG,05,Sunrise School,Canyons District,Salt Lake County,1520 E 11265 S,SANDY,UT,84092,,(801)826-9550,21,"Suburban, Large",No,647.00000,29.40000,22.0100000,54.00000,17.00000,–,Regular,Open,"40.547475895473, -111.848072323343",40.547475895473,-111.848072323343,US Census Geocoder,Non_Exact,"11265 S 1520 E, SANDY, UT, 84092"
490012000882,UT-04-04166,4900120,UT-04,KG,06,Sunrise School,Cache District,Cache County,225 S 455 E,SMITHFIELD,UT,84335,,(435)563-3866,22,"Suburban, Midsize",No,713.00000,32.56000,21.9000000,71.00000,48.00000,–,Regular,Open,"41.832243273174, -111.820081001332",41.832243273174,-111.820081001332,US Census Geocoder,Exact,"225 S 455 E, SMITHFIELD, UT, 84335"
490021000145,UT-07-07418,4900210,UT-07,07,09,Sunset Jr High,Davis District,Davis County,1610 N 250 W,SUNSET,UT,84015,,(801)402-6700,21,"Suburban, Large",No,926.00000,37.76000,24.5200000,197.00000,52.00000,–,Regular,Open,"41.1378296364, -112.030751108299",41.1378296364,-112.030751108299,US Census Geocoder,Exact,"1610 N 250 W, SUNSET, UT, 84015"
490042001103,UT-14-14416,4900420,UT-14,07,09,Sunset Ridge Middle,Jordan District,Salt Lake County,6881 W 8200 S,WEST JORDAN,UT,84081,,(801)412-2475,21,"Suburban, Large",No,1377.00000,55.90000,24.6300000,242.00000,94.00000,–,Regular,Open,"40.6009281, -112.0552106",40.6009281,-112.0552106,OpenStreetMap Nominatim,Fallback,"Sunset Ridge Middle School, 8292, Skyline Arch Drive, West Jordan, Salt Lake County, Utah, 84081, United States"
490114000842,UT-33-33130,4901140,UT-33,PK,05,Sunset School,Washington District,Washington County,495 N WESTRIDGE DRIVE,ST GEORGE,UT,84770,,(435)673-5669,12,"City, Midsize",No,481.00000,24.00000,20.0400000,234.00000,56.00000,–,Regular,Open,"37.117513761809, -113.614543712354",37.117513761809,-113.614543712354,US Census Geocoder,Non_Exact,"495 WESTRIDGE DR, ST GEORGE, UT, 84770"
490021000146,UT-07-07164,4900210,UT-07,PK,06,Sunset School,Davis District,Davis County,2014 N 250 W,SUNSET,UT,84015,,(801)402-2550,21,"Suburban, Large",No,386.00000,16.50000,23.3900000,144.00000,35.00000,–,Regular,Open,"41.1433106358, -112.030773600965",41.1433106358,-112.030773600965,US Census Geocoder,Exact,"2014 N 250 W, SUNSET, UT, 84015"
490081000463,UT-38-38124,4900810,UT-38,PK,06,Sunset View School,Provo District,Utah County,1520 West 600 South,PROVO,UT,84601,,(801)374-4950,12,"City, Midsize",No,628.00000,29.50000,21.2900000,230.00000,70.00000,–,Regular,Open,"40.225834031346, -111.685840409152",40.225834031346,-111.685840409152,US Census Geocoder,Exact,"1520 W 600 S, PROVO, UT, 84601"
490004401668,UT-4D-4D300,4900044,UT-4D,–,–,Syracus Arts Antelope Jr High,Syracuse Arts Academy,Davis County,2893 W 1700 S,SYRACUSE,UT,84075,,(801)779-2066,21,"Suburban, Large",Yes,†,†,†,†,†,†,Regular,Future,"41.089137711005, -112.077949690407",41.089137711005,-112.077949690407,US Census Geocoder,Exact,"2893 W 1700 S, SYRACUSE, UT, 84075"
490004401145,UT-4D-4D100,4900044,UT-4D,KG,09,Syracuse Arts Academy - Antelope,Syracuse Arts Academy,Davis County,2893 W 1700 S,SYRACUSE,UT,84075,,(801)779-2066,21,"Suburban, Large",Yes,988.00000,56.55000,17.4700000,126.00000,51.00000,–,Regular,Open,"41.089137711005, -112.077949690407",41.089137711005,-112.077949690407,US Census Geocoder,Exact,"2893 W 1700 S, SYRACUSE, UT, 84075"
490004401494,UT-4D-4D110,4900044,UT-4D,KG,06,Syracuse Arts Academy - North,Syracuse Arts Academy,Davis County,357 South 1550 West,SYRACUSE,UT,84075,,(801)827-0540,21,"Suburban, Large",Yes,730.00000,35.00000,20.8600000,87.00000,28.00000,–,Regular,Open,"41.109181668486, -112.055876426049",41.109181668486,-112.055876426049,US Census Geocoder,Exact,"357 S 1550 W, SYRACUSE, UT, 84075"
490004401667,UT-4D-4D115,4900044,UT-4D,–,–,Syracuse Arts Academy South,Syracuse Arts Academy,Davis County,2965 W 1700 S,SYRACUSE,UT,84075,,(801)784-5211,41,"Rural, Fringe",No,†,†,†,†,†,†,Regular,Future,"41.089139569866, -112.07826058066",41.089139569866,-112.07826058066,US Census Geocoder,Exact,"2965 W 1700 S, SYRACUSE, UT, 84075"
490021001205,UT-07-07716,4900210,UT-07,10,12,Syracuse High,Davis District,Davis County,665 S 2000 W,SYRACUSE,UT,84075,,(801)402-7900,21,"Suburban, Large",No,2608.00000,101.31000,25.7400000,313.00000,75.00000,–,Regular,Open,"41.104471861071, -112.064485945573",41.104471861071,-112.064485945573,US Census Geocoder,Exact,"665 S 2000 W, SYRACUSE, UT, 84075"
490021000848,UT-07-07420,4900210,UT-07,07,09,Syracuse Jr High,Davis District,Davis County,1450 S 2000 W,SYRACUSE,UT,84075,,(801)402-6800,21,"Suburban, Large",No,1216.00000,48.94000,24.8500000,126.00000,49.00000,–,Regular,Open,"41.092839068217, -112.064653208573",41.092839068217,-112.064653208573,US Census Geocoder,Exact,"1450 S 2000 W, SYRACUSE, UT, 84075"
490021000147,UT-07-07168,4900210,UT-07,PK,06,Syracuse School,Davis District,Davis County,1503 S 2000 W,SYRACUSE,UT,84075,,(801)402-2600,21,"Suburban, Large",No,865.00000,39.00000,22.1800000,102.00000,16.00000,–,Regular,Open,"41.09183723553, -112.064501159638",41.09183723553,-112.064501159638,US Census Geocoder,Exact,"1503 S 2000 W, SYRACUSE, UT, 84075"
490120000639,UT-35-35410,4901200,UT-35,07,09,T.H. Bell Jr High,Weber District,Weber County,165 W 5100 S,OGDEN,UT,84405,,(801)452-4600,21,"Suburban, Large",No,607.00000,30.97000,19.6000000,250.00000,58.00000,–,Regular,Open,"41.170594207338, -111.979637659565",41.170594207338,-111.979637659565,US Census Geocoder,Exact,"165 W 5100 S, OGDEN, UT, 84405"
490024000711,UT-08-08712,4900240,UT-08,07,12,Tabiona High,Duchesne District,Duchesne County,P O BOX 470,TABIONA,UT,84072,,(435)738-1320,43,"Rural, Remote",No,74.00000,5.93000,12.4800000,14.00000,5.00000,–,Regular,Open,,,,,,
490024000170,UT-08-08124,4900240,UT-08,KG,06,Tabiona School,Duchesne District,Duchesne County,P O BOX 470,TABIONA,UT,84072,,(435)738-1320,43,"Rural, Remote",No,109.00000,8.00000,13.6300000,23.00000,8.00000,–,Regular,Open,"40.3533971, -110.7080024",40.3533971,-110.7080024,OpenStreetMap Nominatim,Fallback,"Tabiona Public School, 37900 West, Tabiona, Duchesne County, Utah, 84072, United States"
490021000125,UT-07-07138,4900210,UT-07,PK,06,Taylor School,Davis District,Davis County,293 E PAGES LN,CENTERVILLE,UT,84014,,(801)402-1500,21,"Suburban, Large",No,336.00000,18.67000,18.0000000,40.00000,15.00000,–,Regular,Open,"40.906635240955, -111.874363758156",40.906635240955,-111.874363758156,US Census Geocoder,Exact,"293 E PAGES LN, CENTERVILLE, UT, 84014"
490063000405,UT-19-19172,4900630,UT-19,PK,06,Taylor School,Nebo District,Utah County,92 S 500 W,PAYSON,UT,84651,,(801)465-6050,31,"Town, Fringe",No,424.00000,21.50000,19.7200000,156.00000,48.00000,–,Regular,Open,"40.042668287702, -111.739801238044",40.042668287702,-111.739801238044,US Census Geocoder,Exact,"92 S 500 W, PAYSON, UT, 84651"
490036000764,UT-12-12722,4900360,UT-12,09,12,Taylorsville High,Granite District,Salt Lake County,5225 S REDWOOD ROAD,TAYLORSVILLE,UT,84123,,(385)646-5455,21,"Suburban, Large",No,2685.00000,102.06000,26.3100000,966.00000,230.00000,–,Regular,Open,"40.655689342518, -111.938747434181",40.655689342518,-111.938747434181,US Census Geocoder,Exact,"5225 S REDWOOD RD, TAYLORSVILLE, UT, 84123"
490036000264,UT-12-12198,4900360,UT-12,PK,06,Taylorsville School,Granite District,Salt Lake County,2010 W 4230 S,SALT LAKE CITY,UT,84119,,(385)646-5038,21,"Suburban, Large",No,404.00000,18.00000,22.4400000,124.00000,35.00000,–,Regular,Open,"40.6722977, -111.9430599",40.6722977,-111.9430599,OpenStreetMap Nominatim,Fallback,"Salt Lake Community College Taylorsville Campus, 4600, Redwood Road, Salt Lake City, Salt Lake County, Utah, 84123, United States"
490017901476,UT-8J-8J300,4900179,UT-8J,KG,12,Terra Academy,Terra Academy,Uintah County,267 Aggie Blvd,VERNAL,UT,84078,,(844)322-6562,33,"Town, Remote",Yes,595.00000,30.69000,19.3900000,72.00000,43.00000,–,Regular,Open,"40.45183745755, -109.565724477343",40.45183745755,-109.565724477343,US Census Geocoder,Exact,"267 AGGIE BLVD, VERNAL, UT, 84078"
490042000327,UT-14-14162,4900420,UT-14,KG,06,Terra Linda School,Jordan District,Salt Lake County,8400 S 3400 W,WEST JORDAN,UT,84088,,(801)282-8036,21,"Suburban, Large",No,474.00000,30.00000,15.8000000,193.00000,62.00000,–,Regular,Open,"40.5986191, -111.9420016",40.5986191,-111.9420016,OpenStreetMap Nominatim,Fallback,"8400 South, West Jordan, Salt Lake County, Utah, 84088, United States"
490019301513,UT-2L-2L300,4900193,UT-2L,KG,08,The Center for Creativity Innovation and Discovery,The Center for Creativity Innovation and Discovery,Cache County,PO Box 693,PROVIDENCE,UT,84332,,(435)258-7097,22,"Suburban, Midsize",Yes,332.00000,21.00000,15.8100000,74.00000,35.00000,–,Regular,Open,"41.7142995, -111.8219765",41.7142995,-111.8219765,OpenStreetMap Nominatim,Fallback,"The Center for Creativity, Innovation, and Discovery, Spring Creek Parkway, Providence, Cache County, Utah, 84332, United States"
490001500820,UT-94-94100,4900015,UT-94,KG,08,Thomas Edison - North,Thomas Edison,Cache County,180 E 2600 N,NORTH LOGAN,UT,84341,,(435)787-2820,22,"Suburban, Midsize",Yes,490.00000,26.62000,18.4100000,111.00000,0.00000,–,Regular,Open,"41.780019918146, -111.828948733532",41.780019918146,-111.828948733532,US Census Geocoder,Exact,"180 E 2600 N, NORTH LOGAN, UT, 84341"
490001501284,UT-94-94110,4900015,UT-94,KG,08,Thomas Edison - South,Thomas Edison,Cache County,1275 W 2350 S,NIBLEY,UT,84321,,(435)752-0123,22,"Suburban, Midsize",Yes,699.00000,36.61000,19.0900000,181.00000,0.00000,–,Regular,Open,"41.689144639917, -111.864463664546",41.689144639917,-111.864463664546,US Census Geocoder,Non_Exact,"2350 S 1275 W, NIBLEY, UT, 84321"
490036000871,UT-12-12419,4900360,UT-12,06,08,Thomas Jefferson Jr High,Granite District,Salt Lake County,5850 S 5600 W,KEARNS,UT,84118,,(385)646-5194,21,"Suburban, Large",No,915.00000,40.40000,22.6500000,362.00000,86.00000,–,Regular,Open,"40.644752545687, -112.024659863596",40.644752545687,-112.024659863596,US Census Geocoder,Exact,"5850 S 5600 W, KEARNS, UT, 84118"
490036000755,UT-12-12104,4900360,UT-12,KG,06,Thomas W. Bacchus School,Granite District,Salt Lake County,5925 S 5975 W,KEARNS,UT,84118,,(385)646-4762,21,"Suburban, Large",No,315.00000,14.50000,21.7200000,114.00000,28.00000,–,Regular,Open,"40.6405395, -112.0335639",40.6405395,-112.0335639,OpenStreetMap Nominatim,Fallback,"Copper City Drive, Walnut Hills, Kearns, Salt Lake County, Utah, 84118, United States"
490114000433,UT-33-33134,4901140,UT-33,PK,05,Three Falls School,Washington District,Washington County,789 S 700 W,HURRICANE,UT,84737,,(435)635-7229,31,"Town, Fringe",No,533.00000,27.50000,19.3800000,99.00000,46.00000,–,Regular,Open,"37.165233736895, -113.300684516521",37.165233736895,-113.300684516521,US Census Geocoder,Exact,"789 S 700 W, HURRICANE, UT, 84737"
490009000065,UT-03-03172,4900090,UT-03,02,05,Three Mile Creek School,Box Elder District,Box Elder County,1030 W 2625 S,PERRY,UT,84302,,(435)734-4930,31,"Town, Fringe",No,531.00000,26.00000,20.4200000,78.00000,26.00000,–,Regular,Open,"41.4642708, -112.0400451",41.4642708,-112.0400451,OpenStreetMap Nominatim,Fallback,"Rose A. Young Elementary at Three Mile Creek, Three Mile Creek Bike Jumps, Perry, Box Elder County, Utah, 84302, United States"
490039001238,UT-13-13160,4900390,UT-13,PK,PK,Three Peaks Pre School,Iron District,Iron County,1521 W MIDVALLEY ROAD,CEDAR CITY,UT,84720,,(435)867-4288,41,"Rural, Fringe",No,103.00000,1.00000,103.0000000,†,†,†,Special Education,Open,"37.764777828116, -113.080885106054",37.764777828116,-113.080885106054,US Census Geocoder,Non_Exact,"1521 W MIDVALLEY RD, CEDAR CITY, UT, 84721"
490039001121,UT-13-13136,4900390,UT-13,KG,05,Three Peaks School,Iron District,Iron County,1685 W MIDVALLEY ROAD,CEDAR CITY,UT,84721,,(435)586-8871,41,"Rural, Fringe",No,646.00000,31.70000,20.3800000,188.00000,74.00000,–,Regular,Open,"37.764778983736, -113.083107806416",37.764778983736,-113.083107806416,US Census Geocoder,Exact,"1685 W MIDVALLEY RD, CEDAR CITY, UT, 84721"
490120401665,UT-2N-2N701,4901204,UT-2N,–,–,ThrivePoint Academy,ThrivePoint Academy,Salt Lake County,1585 W 9000 South,WEST JORDAN,UT,84088,,(385)402-8406,21,"Suburban, Large",Yes,†,†,†,†,†,†,Regular,Future,"40.587710291448, -111.936038559882",40.587710291448,-111.936038559882,US Census Geocoder,Exact,"1585 W 9000 S, WEST JORDAN, UT, 84088"
490003001413,UT-01-01256,4900030,UT-01,PK,06,Thunder Ridge School,Alpine District,Utah County,264 N. 750 W,SARATOGA SPRINGS,UT,84045,,(801)610-8727,21,"Suburban, Large",No,1093.00000,42.88000,25.4900000,132.00000,44.00000,–,Regular,Open,"40.366937172103, -111.934483284862",40.366937172103,-111.934483284862,US Census Geocoder,Non_Exact,"264 750 W, SARATOGA SPRINGS, UT, 84045"
490003000909,UT-01-01420,4900030,UT-01,07,09,Timberline Middle,Alpine District,Utah County,500 W CANYON CREST RD,ALPINE,UT,84004,,(801)610-8765,21,"Suburban, Large",No,1322.00000,49.17000,26.8900000,62.00000,13.00000,–,Regular,Open,"40.445615836495, -111.773678539906",40.445615836495,-111.773678539906,US Census Geocoder,Non_Exact,"500 S CANYON CREST RD, ALPINE, UT, 84004"
490001600830,UT-95-95110,4900016,UT-95,KG,06,Timpanogos Academy,Timpanogos Academy,Utah County,70 S TITAN TRAIL,LINDON,UT,84042,,(801)785-4979,21,"Suburban, Large",Yes,490.00000,23.69000,20.6800000,20.00000,0.00000,–,Regular,Open,"40.3367906, -111.7123267",40.3367906,-111.7123267,OpenStreetMap Nominatim,Fallback,"Timpanogos Academy, 70, South 100 East, Lindon, Utah County, Utah, 84042, United States"
490003000362,UT-01-01718,4900030,UT-01,10,12,Timpanogos High,Alpine District,Utah County,1450 N 200 E,OREM,UT,84057,,(801)610-8175,13,"City, Small",No,1471.00000,65.04000,22.6200000,241.00000,44.00000,–,Regular,Open,"40.3251681, -111.6912076",40.3251681,-111.6912076,OpenStreetMap Nominatim,Fallback,"North 200 East, Orem, Utah County, Utah, 84057, United States"
490111001533,UT-32-32314,4901110,UT-32,06,08,Timpanogos Middle School,Wasatch District,Wasatch County,1441 East 980 South,HEBER CITY,UT,84032,,(435)654-0550,32,"Town, Distant",No,1033.00000,46.52000,22.2100000,160.00000,39.00000,–,Regular,Open,"40.49556737716, -111.392604941085",40.49556737716,-111.392604941085,US Census Geocoder,Exact,"1441 E 980 S, HEBER CITY, UT, 84032"
490081000465,UT-38-38128,4900810,UT-38,KG,06,Timpanogos School,Provo District,Utah County,449 N 500 W,PROVO,UT,84601,,(801)374-4955,12,"City, Midsize",No,636.00000,31.50000,20.1900000,343.00000,58.00000,–,Regular,Open,"40.239742471185, -111.66750951925",40.239742471185,-111.66750951925,US Census Geocoder,Exact,"449 N 500 W, PROVO, UT, 84601"
490081000466,UT-38-38712,4900810,UT-38,09,12,Timpview High,Provo District,Utah County,3570 N 650 E,PROVO,UT,84604,,(801)221-9720,12,"City, Midsize",No,2300.00000,92.78000,24.7900000,482.00000,100.00000,–,Regular,Open,"40.2574984, -111.6472091",40.2574984,-111.6472091,OpenStreetMap Nominatim,Fallback,"North 650 East, Pleasant View, Provo, Utah County, Utah, 84604, United States"
490102000560,UT-29-29704,4901020,UT-29,07,12,Tintic High,Tintic District,Juab County,P O BOX 230,EUREKA,UT,84628,,(435)433-6939,42,"Rural, Distant",No,142.00000,10.71000,13.2600000,33.00000,11.00000,–,Regular,Open,"39.9607463, -112.1044110",39.9607463,-112.1044110,OpenStreetMap Nominatim,Fallback,"Tintic High School, Main Street, Eureka, Juab County, Utah, 84628, United States"
490102001245,UT-29-29100,4901020,UT-29,PK,PK,Tintic Preschool,Tintic District,Juab County,PO BOX 210,EUREKA,UT,84628,,(435)433-6363,42,"Rural, Distant",No,0.00000,0.00000,†,†,†,†,Special Education,Open,"39.9540899, -112.1201881",39.9540899,-112.1201881,OpenStreetMap Nominatim,Fallback,"Eureka, Juab County, Utah, United States"
490021000148,UT-07-07172,4900210,UT-07,PK,06,Tolman School,Davis District,Davis County,300 E 1200 N,BOUNTIFUL,UT,84010,,(801)402-1900,21,"Suburban, Large",No,363.00000,20.00000,18.1500000,39.00000,23.00000,–,Regular,Open,"40.901551534162, -111.873518449904",40.901551534162,-111.873518449904,US Census Geocoder,Exact,"300 E 1200 N, BOUNTIFUL, UT, 84010"
490114001198,UT-33-33304,4901140,UT-33,06,07,Tonaquint Intermediate,Washington District,Washington County,1210 W CURLY HOLLOW DRIVE,SAINT GEORGE,UT,84770,,(435)688-2238,41,"Rural, Fringe",No,653.00000,29.28000,22.3000000,211.00000,51.00000,–,Regular,Open,"37.072360886953, -113.609536750767",37.072360886953,-113.609536750767,US Census Geocoder,Non_Exact,"1210 CURLY HOLLOW DR, SAINT GEORGE, UT, 84770"
490105001401,UT-30-30730,4901050,UT-30,09,12,Tooele Community Learning Center,Tooele District,Tooele County,211 S TOOELE BLVD,TOOELE,UT,84074,,(435)833-8700,32,"Town, Distant",No,1.00000,8.30000,0.1200000,†,†,†,Regular,Open,"40.527016403775, -112.324612841396",40.527016403775,-112.324612841396,US Census Geocoder,Non_Exact,"211 TOOELE BLVD, TOOELE, UT, 84074"
490105000574,UT-30-30712,4901050,UT-30,09,12,Tooele High,Tooele District,Tooele County,301 W VINE ST,TOOELE,UT,84074,,(435)833-1978,32,"Town, Distant",No,1900.00000,77.60000,24.4800000,406.00000,85.00000,–,Regular,Open,"40.530554725232, -112.307883432283",40.530554725232,-112.307883432283,US Census Geocoder,Exact,"301 W VINE ST, TOOELE, UT, 84074"
490105000575,UT-30-30404,4901050,UT-30,07,08,Tooele Jr High,Tooele District,Tooele County,411 W VINE ST,TOOELE,UT,84074,,(435)833-1921,32,"Town, Distant",No,769.00000,45.47000,16.9100000,189.00000,47.00000,–,Regular,Open,"40.530568319143, -112.309797795272",40.530568319143,-112.309797795272,US Census Geocoder,Exact,"411 W VINE ST, TOOELE, UT, 84074"
490003001617,UT-01-01206,4900030,UT-01,PK,06,Trailside Elementary,Alpine District,Utah County,452 N Vineyard Loop Road,VINEYARD,UT,84058,,(801)610-8400,21,"Suburban, Large",No,1052.00000,44.80000,23.4800000,181.00000,68.00000,–,Regular,Open,"40.304830148088, -111.747570463176",40.304830148088,-111.747570463176,US Census Geocoder,Non_Exact,"452 N VINEYARD LOOP RD, VINEYARD, UT, 84059"
490075001410,UT-22-22156,4900750,UT-22,PK,PK,Trailside Preschool,Park City District,Summit County,5700 TRAILSIDE DR,PARK CITY,UT,84098,,(435)645-5680,32,"Town, Distant",No,24.00000,0.00000,†,3.00000,0.00000,–,Special Education,Open,"40.714471686748, -111.502917724397",40.714471686748,-111.502917724397,US Census Geocoder,Exact,"5700 TRAILSIDE DR, PARK CITY, UT, 84098"
490075000751,UT-22-22116,4900750,UT-22,KG,05,Trailside School,Park City District,Summit County,5700 TRAILSIDE DR,PARK CITY,UT,84098,,(435)645-5680,32,"Town, Distant",No,360.00000,25.00000,14.4000000,71.00000,0.00000,–,Regular,Open,"40.714471686748, -111.502917724397",40.714471686748,-111.502917724397,US Census Geocoder,Exact,"5700 TRAILSIDE DR, PARK CITY, UT, 84098"
490003001385,UT-01-01258,4900030,UT-01,PK,06,Traverse Mountain School,Alpine District,Utah County,2500 W CHAPEL RIDGE RD,LEHI,UT,84043,,(801)610-8725,13,"City, Small",No,881.00000,34.14000,25.8100000,86.00000,23.00000,–,Regular,Open,"40.4439058, -111.8792971",40.4439058,-111.8792971,OpenStreetMap Nominatim,Fallback,"West Chapel Ridge Road, Lehi, Utah County, Utah, 84048, United States"
490075000773,UT-22-22304,4900750,UT-22,08,09,Treasure Mtn. Junior High School,Park City District,Summit County,2530 KEARNS BLVD,PARK CITY,UT,84060,,(435)645-5640,32,"Town, Distant",No,739.00000,40.42000,18.2800000,127.00000,8.00000,–,Regular,Open,"40.668092127967, -111.491040818501",40.668092127967,-111.491040818501,US Census Geocoder,Exact,"2530 KEARNS BLVD, PARK CITY, UT, 84060"
490019201514,UT-7L-7L110,4900192,UT-7L,KG,06,Treeside Charter School,Treeside Charter School,Utah County,1724 South State Street,PROVO,UT,84606,,(385)309-1668,12,"City, Midsize",Yes,434.00000,27.76000,15.6300000,99.00000,1.00000,–,Regular,Open,"40.210380029162, -111.632085269375",40.210380029162,-111.632085269375,US Census Geocoder,Exact,"1724 S STATE ST, PROVO, UT, 84606"
490090001426,UT-25-25148,4900900,UT-25,PK,06,Tse'Bii'Nidzisgai School,San Juan District,San Juan County,10 W MEDICAL DR,MONUMENT VALLEY,UT,84536,,(435)678-1286,43,"Rural, Remote",No,255.00000,16.45000,15.5000000,255.00000,0.00000,–,Regular,Open,"37.0004153, -110.1776777",37.0004153,-110.1776777,OpenStreetMap Nominatim,Fallback,"Tse'Bii'Nidzisgai Elementary School, 10, US 163, Oljato-Monument Valley, San Juan County, Utah, 84536, United States"
490105001626,UT-30-30144,4901050,UT-30,PK,06,Twenty Wells Elementary,Tooele District,Tooele County,636 E Nygreen,GRANTSVILLE,UT,84029,,(435)833-1900,41,"Rural, Fringe",No,625.00000,29.00000,21.5500000,113.00000,27.00000,–,Regular,Open,"40.578271580011, -112.436294425676",40.578271580011,-112.436294425676,US Census Geocoder,Non_Exact,"636 NYGREEN ST, GRANTSVILLE, UT, 84029"
490120000972,UT-35-35730,4901200,UT-35,07,12,Two Rivers High,Weber District,Weber County,955 W 12TH ST,OGDEN,UT,84404,,(801)476-3920,21,"Suburban, Large",No,175.00000,13.72000,12.7600000,71.00000,10.00000,–,Other/Alternative,Open,"41.244452622416, -112.001950109796",41.244452622416,-112.001950109796,US Census Geocoder,Exact,"955 W 12TH ST, OGDEN, UT, 84404"
490108000585,UT-31-31704,4901080,UT-31,09,12,Uintah High,Uintah District,Uintah County,1880 W 500 N,VERNAL,UT,84078,,(435)781-3110,33,"Town, Remote",No,1843.00000,76.01000,24.2500000,435.00000,91.00000,–,Regular,Open,"40.462701114399, -109.564562684857",40.462701114399,-109.564562684857,US Census Geocoder,Exact,"1880 W 500 N, VERNAL, UT, 84078"
490108000588,UT-31-31408,4901080,UT-31,06,08,Uintah Middle School,Uintah District,Uintah County,161 N 1000 W,VERNAL,UT,84078,,(435)781-3130,33,"Town, Remote",No,579.00000,28.20000,20.5300000,174.00000,35.00000,–,Regular,Open,"40.457796380643, -109.546011355427",40.457796380643,-109.546011355427,US Census Geocoder,Exact,"161 N 1000 W, VERNAL, UT, 84078"
490108001222,UT-31-31350,4901080,UT-31,KG,08,Uintah Online School,Uintah District,Uintah County,PO Box 274,VERNAL,UT,84078,,(435)781-3100,33,"Town, Remote",No,37.00000,0.00000,†,16.00000,1.00000,–,Regular,Open,,,,,,
490001300671,UT-92-92700,4900013,UT-92,09,12,Uintah River High,Uintah River High,Uintah County,998 E 7500 S,FORT DUCHESNE,UT,84026,,(435)725-4088,42,"Rural, Distant",Yes,82.00000,9.57000,8.5700000,29.00000,0.00000,–,Other/Alternative,Open,,,,,,
490087000520,UT-36-36268,4900870,UT-36,KG,06,Uintah School,Salt Lake District,Salt Lake County,1571 E 1300 S,SALT LAKE CITY,UT,84105,,(801)584-2940,12,"City, Midsize",No,464.00000,20.50000,22.6300000,37.00000,4.00000,–,Regular,Open,"40.741701257081, -111.845548399746",40.741701257081,-111.845548399746,US Census Geocoder,Exact,"1571 E 1300 S, SALT LAKE CITY, UT, 84105"
490120000640,UT-35-35154,4901200,UT-35,KG,06,Uintah School,Weber District,Weber County,6115 S 2250 E,OGDEN,UT,84403,,(801)452-4980,21,"Suburban, Large",No,629.00000,31.02000,20.2800000,158.00000,36.00000,–,Regular,Open,,,,,,
490108001247,UT-31-31810,4901080,UT-31,PK,PK,Uintah Specialized Preschool,Uintah District,Uintah County,250 S VERNAL AVE,VERNAL,UT,84078,,(435)781-3125,33,"Town, Remote",No,205.00000,3.00000,68.3300000,64.00000,5.00000,–,Special Education,Open,"40.452052485558, -109.528530316467",40.452052485558,-109.528530316467,US Census Geocoder,Exact,"250 S VERNAL AVE, VERNAL, UT, 84078"
490024000171,UT-08-08714,4900240,UT-08,09,12,Union High,Duchesne District,Duchesne County,850 East Lagoon Street,ROOSEVELT,UT,84066,,(435)725-4525,33,"Town, Remote",No,1166.00000,46.56000,25.0400000,280.00000,65.00000,–,Regular,Open,"40.299452574005, -109.981614721564",40.299452574005,-109.981614721564,US Census Geocoder,Exact,"850 E LAGOON ST, ROOSEVELT, UT, 84066"
490014200328,UT-42-42410,4900142,UT-42,06,08,Union Middle,Canyons District,Salt Lake County,615 E 8000 S,SANDY,UT,84070,,(801)826-1500,21,"Suburban, Large",No,911.00000,39.11000,23.2900000,277.00000,52.00000,–,Regular,Open,"40.605918274699, -111.876485688665",40.605918274699,-111.876485688665,US Census Geocoder,Exact,"615 E 8000 S, SANDY, UT, 84070"
490036000266,UT-12-12195,4900360,UT-12,PK,05,Upland Terrace School,Granite District,Salt Lake County,3700 S 2860 E,SALT LAKE CITY,UT,84109,,(385)646-5055,21,"Suburban, Large",No,477.00000,21.50000,22.1900000,39.00000,16.00000,–,Regular,Open,"40.613963360621, -111.811608128036",40.613963360621,-111.811608128036,US Census Geocoder,Non_Exact,"3700 S 2860 E, SALT LAKE CITY, UT, 84121"
490006901572,UT-41-41521,4900069,UT-41,01,12,USD Online,Utah Schools for the Deaf and the Blind,Weber County,742 Harrison Blvd,OGDEN,UT,84404,,(801)629-4700,13,"City, Small",No,0.00000,1.80000,†,†,†,†,Special Education,Open,"41.250726833694, -111.947910812642",41.250726833694,-111.947910812642,US Census Geocoder,Exact,"742 HARRISON BLVD, OGDEN, UT, 84404"
490001200673,UT-91-91700,4900012,UT-91,08,12,Utah Arts Academy,Utah Arts Academy,Washington County,1091 N Bluff St,SAINT GEORGE,UT,84770,,(435)414-4535,12,"City, Midsize",Yes,311.00000,17.56000,17.7100000,80.00000,2.00000,–,Regular,Open,"37.126334265305, -113.601250176708",37.126334265305,-113.601250176708,US Census Geocoder,Exact,"1091 N BLUFF ST, SAINT GEORGE, UT, 84770"
490017101460,UT-9I-9I600,4900171,UT-9I,09,12,Utah Career Path High School,Utah Career Path High School,Davis County,550 E 300 S RM 2025,KAYSVILLE,UT,84037,,(801)593-2440,21,"Suburban, Large",Yes,148.00000,10.39000,14.2400000,10.00000,0.00000,–,Regular,Open,"41.03004637357, -111.923804859431",41.03004637357,-111.923804859431,US Census Geocoder,Exact,"550 E 300 S, KAYSVILLE, UT, 84037"
490015101386,UT-2H-2H101,4900151,UT-2H,KG,12,Utah Connections Academy,Utah Connections Academy,Salt Lake County,675 E. 2100 South,SALT LAKE CITY,UT,84106,,(801)298-6660,12,"City, Midsize",Yes,1052.00000,42.63000,24.6800000,233.00000,92.00000,–,Regular,Open,"40.725483261049, -111.873144427497",40.725483261049,-111.873144427497,US Census Geocoder,Exact,"675 E 2100 S, SALT LAKE CITY, UT, 84106"
490002001106,UT-1B-1B700,4900020,UT-1B,09,12,Utah County Academy of Science,Utah County Academy of Science,Utah County,940 W 800 S,OREM,UT,84058,,(801)863-2222,13,"City, Small",Yes,510.00000,20.93000,24.3700000,77.00000,23.00000,–,Regular,Open,"40.282722137228, -111.717843283631",40.282722137228,-111.717843283631,US Census Geocoder,Exact,"940 W 800 S, OREM, UT, 84058"
490016601433,UT-1I-1I700,4900166,UT-1I,06,12,Utah International Charter School,Utah International Charter School,Salt Lake County,3761 South 1100 East,SALT LAKE CITY,UT,84106,,(385)290-1306,21,"Suburban, Large",Yes,244.00000,14.75000,16.5400000,236.00000,0.00000,–,Regular,Open,"40.68955976323, -111.85971804802",40.68955976323,-111.85971804802,US Census Geocoder,Exact,"3761 S 1100 E, SALT LAKE CITY, UT, 84106"
490017601463,UT-2K-2K700,4900176,UT-2K,07,12,Utah Military Academy,Utah Military Academy,Weber County,5120 S. 1050 W.,RIVERDALE,UT,84405,,(801)689-3013,21,"Suburban, Large",Yes,595.00000,30.83000,19.3000000,133.00000,21.00000,–,Regular,Open,"41.171919985548, -112.005479506583",41.171919985548,-112.005479506583,US Census Geocoder,Non_Exact,"5120 1050 WEST ST, RIVERDALE, UT, 84405"
490017601501,UT-2K-2K710,4900176,UT-2K,07,12,Utah Military Academy - Camp Williams,Utah Military Academy,Utah County,3901 West Waterberry Drive,LEHI,UT,84043,,(385)498-6167,13,"City, Small",Yes,357.00000,22.21000,16.0700000,86.00000,15.00000,–,Regular,Open,,,,,,
490114001432,UT-33-33500,4901140,UT-33,06,12,Utah Online 7-12,Washington District,Washington County,121 W. TABERNACLE,SAINT GEORGE,UT,84770,,(435)673-3553,12,"City, Midsize",No,1547.00000,81.80000,18.9100000,193.00000,32.00000,–,Regular,Open,"37.108152210413, -113.585904028515",37.108152210413,-113.585904028515,US Census Geocoder,Exact,"121 W TABERNACLE, SAINT GEORGE, UT, 84770"
490114001161,UT-33-33200,4901140,UT-33,KG,08,Utah Online K8,Washington District,Washington County,121 W TABERNACLE,St George,UT,84770,,(435)986-5181,12,"City, Midsize",No,2693.00000,11.50000,234.1700000,20.00000,3.00000,–,Regular,Open,"37.108152210413, -113.585904028515",37.108152210413,-113.585904028515,US Census Geocoder,Exact,"121 W TABERNACLE, ST GEORGE, UT, 84770"
490078001664,UT-23-23100,4900780,UT-23,KG,08,Utah Peak Academy,Piute District,Piute County,PO Box 69,JUNCTION,UT,84740,,(435)577-1202,43,"Rural, Remote",No,161.00000,1.65000,97.5800000,†,†,†,Regular,New,,,,,,
490013001196,UT-5F-5F700,4900130,UT-5F,KG,12,Utah Virtual Academy,Utah Virtual Academy,Salt Lake County,310 E 4500 S,MURRAY,UT,84107,,(801)262-4922,13,"City, Small",Yes,1890.00000,92.27000,20.4800000,772.00000,0.00000,–,Regular,Open,"40.67425919163, -111.882595962143",40.67425919163,-111.882595962143,US Census Geocoder,Exact,"310 E 4500 S, MURRAY, UT, 84107"
490021000149,UT-07-07193,4900210,UT-07,PK,06,Vae View School,Davis District,Davis County,1750 W 1600 N,LAYTON,UT,84041,,(801)402-2800,21,"Suburban, Large",No,394.00000,19.50000,20.2100000,146.00000,35.00000,–,Regular,Open,"41.082801231365, -111.999540912447",41.082801231365,-111.999540912447,US Census Geocoder,Exact,"1750 W 1600 N, LAYTON, UT, 84041"
490015801421,UT-8H-8H100,4900158,UT-8H,KG,09,Valley Academy,Valley Academy,Washington County,539 N 870 W,HURRICANE,UT,84737,,(435)635-7815,31,"Town, Fringe",Yes,642.00000,34.94000,18.3700000,225.00000,48.00000,–,Regular,Open,"37.183548329815, -113.303908828039",37.183548329815,-113.303908828039,US Census Geocoder,Exact,"539 N 870 W, HURRICANE, UT, 84737"
490036000827,UT-12-12203,4900360,UT-12,PK,06,Valley Crest School,Granite District,Salt Lake County,5240 W 3100 S,WEST VALLEY CITY,UT,84120,,(385)646-5061,21,"Suburban, Large",No,455.00000,20.50000,22.2000000,146.00000,24.00000,–,Regular,Open,"40.703886457777, -112.016312182281",40.703886457777,-112.016312182281,US Census Geocoder,Exact,"5240 W 3100 S, WEST VALLEY CITY, UT, 84120"
490048000341,UT-16-16708,4900480,UT-16,07,12,Valley High,Kane District,Kane County,P O BOX 128,ORDERVILLE,UT,84758,,(435)648-2278,43,"Rural, Remote",No,154.00000,10.96000,14.0500000,36.00000,9.00000,–,Regular,Open,,,,,,
490042000329,UT-14-14716,4900420,UT-14,07,12,Valley High School,Jordan District,Salt Lake County,325 W 11000 S,SOUTH JORDAN,UT,84095,,(801)572-7035,21,"Suburban, Large",No,347.00000,24.51000,14.1600000,91.00000,9.00000,–,Other/Alternative,Open,"40.5516236913, -111.901007885712",40.5516236913,-111.901007885712,US Census Geocoder,Exact,"325 W 11000 S, SOUTH JORDAN, UT, 84095"
490036000267,UT-12-12428,4900360,UT-12,07,08,Valley Jr High,Granite District,Salt Lake County,4195 S 3200 W,WEST VALLEY CITY,UT,84119,,(385)646-5234,21,"Suburban, Large",No,546.00000,24.48000,22.3000000,290.00000,55.00000,–,Regular,Open,"40.6799006821, -111.967432207834",40.6799006821,-111.967432207834,US Census Geocoder,Exact,"4195 S 3200 W, WEST VALLEY CITY, UT, 84119"
490120000641,UT-35-35156,4901200,UT-35,KG,06,Valley School,Weber District,Weber County,5821 E 1900 N,EDEN,UT,84310,,(801)452-4180,42,"Rural, Distant",No,553.00000,27.00000,20.4800000,58.00000,22.00000,–,Regular,Open,"41.293179397411, -111.807868905902",41.293179397411,-111.807868905902,US Census Geocoder,Exact,"5821 E 1900 N, EDEN, UT, 84310"
490048000342,UT-16-16120,4900480,UT-16,KG,06,Valley School,Kane District,Kane County,P O BOX 129,ORDERVILLE,UT,84758,,(435)648-2277,43,"Rural, Remote",No,162.00000,8.25000,19.6400000,50.00000,23.00000,–,Regular,Open,,,,,,
490063001561,UT-19-19380,4900630,UT-19,06,07,Valley View Middle,Nebo District,Utah County,1044 E 340 S,SALEM,UT,84653,,(801)609-2795,41,"Rural, Fringe",No,963.00000,41.56000,23.1700000,164.00000,67.00000,–,Regular,Open,,,,,,
490021000150,UT-07-07194,4900210,UT-07,PK,06,Valley View School,Davis District,Davis County,1395 S 600 E,BOUNTIFUL,UT,84010,,(801)402-2050,21,"Suburban, Large",No,426.00000,17.00000,25.0600000,18.00000,10.00000,–,Regular,Open,"40.875629653928, -111.868864409731",40.875629653928,-111.868864409731,US Census Geocoder,Exact,"1395 S 600 E, BOUNTIFUL, UT, 84010"
490120000642,UT-35-35158,4901200,UT-35,KG,06,Valley View School,Weber District,Weber County,2465 W 4500 S,ROY,UT,84067,,(801)476-5200,21,"Suburban, Large",No,286.00000,16.50000,17.3300000,110.00000,50.00000,–,Regular,Open,"41.181479632285, -112.039187900155",41.181479632285,-112.039187900155,US Census Geocoder,Exact,"2465 W 4500 S, ROY, UT, 84067"
490018301475,UT-1K-1K700,4900183,UT-1K,07,12,Vanguard Academy,Vanguard Academy,Salt Lake County,2650 South Decker Lake Lane,WEST VALLEY CITY,UT,84119,,(801)327-8724,21,"Suburban, Large",Yes,623.00000,29.59000,21.0500000,365.00000,63.00000,–,Regular,Open,"40.712519984661, -111.943529513573",40.712519984661,-111.943529513573,US Census Geocoder,Non_Exact,"2650 DECKER LAKE LN, WEST VALLEY CITY, UT, 84119"
490013301216,UT-3F-3F100,4900133,UT-3F,KG,12,Venture Academy,Venture Academy,Weber County,495 N 1500 W,MARRIOTT-SLATERVILLE CITY,UT,84404,,(801)393-3900,21,"Suburban, Large",Yes,802.00000,42.34000,18.9400000,117.00000,33.00000,–,Regular,Open,"41.285809096747, -111.987019549964",41.285809096747,-111.987019549964,US Census Geocoder,Non_Exact,"495 W 1500 N, MARRIOTT SLATERVILLE CITY, UT, 84404"
490108000786,UT-31-31310,4901080,UT-31,06,08,Vernal Middle,Uintah District,Uintah County,721 W 100 S,VERNAL,UT,84078,,(435)781-3140,33,"Town, Remote",No,842.00000,37.70000,22.3300000,267.00000,44.00000,–,Regular,Open,"40.454060515015, -109.543737815192",40.454060515015,-109.543737815192,US Census Geocoder,Exact,"721 W 100 S, VERNAL, UT, 84078"
490105000576,UT-30-30136,4901050,UT-30,KG,06,Vernon School,Tooele District,Tooele County,70 N MAIN,VERNON,UT,84080,,(435)839-3433,43,"Rural, Remote",No,20.00000,2.00000,10.0000000,5.00000,7.00000,–,Regular,Open,"40.101798442359, -112.435011652139",40.101798442359,-112.435011652139,US Census Geocoder,Non_Exact,"70 MAIN ST, VERNON, UT, 84080"
490021000151,UT-07-07712,4900210,UT-07,10,12,Viewmont High,Davis District,Davis County,120 W 1000 N,BOUNTIFUL,UT,84010,,(801)402-4200,21,"Suburban, Large",No,1568.00000,61.76000,25.3900000,175.00000,39.00000,–,Regular,Open,"40.899662038782, -111.883822767408",40.899662038782,-111.883822767408,US Census Geocoder,Exact,"120 W 1000 N, BOUNTIFUL, UT, 84010"
490060000377,UT-40-40130,4900600,UT-40,KG,06,Viewmont School,Murray District,Salt Lake County,745 W 5720 S,MURRAY,UT,84123,,(801)264-7438,13,"City, Small",No,433.00000,22.50000,19.2400000,77.00000,17.00000,–,Regular,Open,,,,,,
490003001619,UT-01-01435,4900030,UT-01,07,09,Viewpoint Middle,Alpine District,Utah County,211 West Traverse Terrance Drive,LEHI,UT,84043,,(801)610-8400,41,"Rural, Fringe",No,1667.00000,62.12000,26.8400000,171.00000,35.00000,–,Regular,Open,,,,,,
490042001642,UT-14-14142,4900420,UT-14,–,–,Village 9 Elementary,Jordan District,Salt Lake County,6642 W Meadow Grass Dr,South Jordan,UT,84009,,(801)567-8100,41,"Rural, Fringe",No,†,†,†,†,†,†,Regular,Future,,,,,,
490003000032,UT-01-01177,4900030,UT-01,PK,06,Vineyard School,Alpine District,Utah County,620 E HOLDAWAY RD,VINEYARD,UT,84058,,(801)610-8122,21,"Suburban, Large",No,764.00000,30.11000,25.3700000,162.00000,28.00000,–,Regular,Open,"40.289751073969, -111.735686767845",40.289751073969,-111.735686767845,US Census Geocoder,Non_Exact,"620 E HOLDAWAY RD, VINEYARD, UT, 84059"
490120301663,UT-1N-1N701,4901203,UT-1N,–,–,Virtual Horizons Charter School,Virtual Horizons Charter School,Davis County,3261 Twin Peaks Drive,LAYTON,UT,84040,,(801)941-1789,21,"Suburban, Large",Yes,†,†,†,†,†,†,Regular,Future,"41.06242632207, -111.902598239361",41.06242632207,-111.902598239361,US Census Geocoder,Exact,"3261 TWIN PEAKS DR, LAYTON, UT, 84040"
490021001658,UT-07-07650,4900210,UT-07,07,12,Vista Education Campus,Davis District,Davis County,97 S 200 East,FARMINGTON,UT,84025,,(801)402-5975,21,"Suburban, Large",No,267.00000,16.00000,16.6900000,116.00000,3.00000,–,Special Education,Open,"40.979701409353, -111.88311788863",40.979701409353,-111.88311788863,US Census Geocoder,Exact,"97 S 200 E, FARMINGTON, UT, 84025"
490003001387,UT-01-01490,4900030,UT-01,07,10,Vista Heights Middle,Alpine District,Utah County,484 W PONY EXPRESS PARKWAY,SARATOGA SPRINGS,UT,84045,,(801)610-8770,21,"Suburban, Large",No,1671.00000,62.89000,26.5700000,232.00000,62.00000,–,Regular,Open,"40.362210653509, -111.929453246052",40.362210653509,-111.929453246052,US Census Geocoder,Non_Exact,"484 PONY EXPRESS PKWY, SARATOGA SPRINGS, UT, 84045"
490014101296,UT-2G-2G100,4900141,UT-2G,KG,09,Vista School,Vista School,Washington County,585 E CENTER STREET,IVINS,UT,84738,,(435)673-4110,22,"Suburban, Midsize",Yes,1114.00000,52.95000,21.0400000,331.00000,73.00000,–,Regular,Open,"37.16851590549, -113.666709772499",37.16851590549,-113.666709772499,US Census Geocoder,Exact,"585 E CENTER ST, IVINS, UT, 84738"
490036000268,UT-12-12201,4900360,UT-12,PK,09,Vista School,Granite District,Salt Lake County,4925 S 2200 W,TAYLORSVILLE,UT,84118,,(385)646-5067,21,"Suburban, Large",No,551.00000,24.00000,22.9600000,154.00000,45.00000,–,Regular,Open,"40.662537965445, -111.948360637397",40.662537965445,-111.948360637397,US Census Geocoder,Non_Exact,"4925 S 2200 W, TAYLORSVILLE, UT, 84129"
490016001442,UT-5I-5I100,4900160,UT-5I,KG,06,Voyage Academy,Voyage Academy,Davis County,1891 N. 1500 W.,CLINTON,UT,84015,,(801)776-4900,21,"Suburban, Large",Yes,528.00000,22.13000,23.8600000,76.00000,33.00000,–,Regular,Open,"41.141877140205, -112.054920221504",41.141877140205,-112.054920221504,US Census Geocoder,Exact,"1891 N 1500 W, CLINTON, UT, 84015"
490120000643,UT-35-35416,4901200,UT-35,07,09,Wahlquist Jr High,Weber District,Weber County,2656 N 2400 W,FARR WEST,UT,84404,,(801)452-4640,21,"Suburban, Large",No,1033.00000,41.98000,24.6100000,111.00000,43.00000,–,Regular,Open,"41.305745712434, -112.037592566884",41.305745712434,-112.037592566884,US Census Geocoder,Exact,"2656 N 2400 W, FARR WEST, UT, 84404"
490006100991,UT-81-81300,4900061,UT-81,KG,12,Walden School of Liberal Arts,Walden School of Liberal Arts,Utah County,4230 N UNIVERSITY AVE,PROVO,UT,84604,,(801)374-1545,12,"City, Midsize",Yes,386.00000,36.98000,10.4400000,92.00000,48.00000,–,Regular,Open,"40.289505388753, -111.658466662105",40.289505388753,-111.658466662105,US Census Geocoder,Exact,"4230 N UNIVERSITY AVE, PROVO, UT, 84604"
490018401489,UT-7K-7K300,4900184,UT-7K,KG,08,Wallace Stegner Academy,Wallace Stegner Academy,Salt Lake County,980 S. Bending River Ct.,SALT LAKE CITY,UT,84104,,(801)456-9570,12,"City, Midsize",Yes,683.00000,34.66000,19.7100000,351.00000,60.00000,–,Regular,Open,"40.747365736874, -111.945275113083",40.747365736874,-111.945275113083,US Census Geocoder,Non_Exact,"980 BENDING RIVER RD, SALT LAKE CITY, UT, 84104"
490018401651,UT-7K-7K701,4900184,UT-7K,KG,12,Wallace Stegner Academy Kearns K-12,Wallace Stegner Academy,Salt Lake County,4590 South 5600 West,WEST VALLEY CITY,UT,84120,,(801)456-9570,21,"Suburban, Large",Yes,777.00000,32.81000,23.6800000,348.00000,88.00000,–,Regular,New,"40.671810600849, -112.024769291924",40.671810600849,-112.024769291924,US Census Geocoder,Non_Exact,"4590 S 5600 W, WEST VALLEY CITY, UT, 84128"
490018401670,UT-7K-7K310,4900184,UT-7K,–,–,Wallace Stegner Academy Sunset,Wallace Stegner Academy,Davis County,160 W 2525 North,SUNSET,UT,84015,,(801)456-9570,21,"Suburban, Large",Yes,†,†,†,†,†,†,Regular,Future,"41.150415338614, -112.029567284338",41.150415338614,-112.029567284338,US Census Geocoder,Exact,"160 W 2525 N, SUNSET, UT, 84015"
490018401609,UT-7K-7K305,4900184,UT-7K,KG,08,Wallace Stegner Academy West Valley,Wallace Stegner Academy,Salt Lake County,2671 S Stegner Way,WEST VALLEY CITY,UT,84120,,(801)456-9570,21,"Suburban, Large",Yes,702.00000,30.99000,22.6500000,366.00000,58.00000,–,Regular,Open,,,,,,
490111000594,UT-32-32704,4901110,UT-32,09,12,Wasatch High,Wasatch District,Wasatch County,930 S 500 E,HEBER CITY,UT,84032,,(435)654-0640,32,"Town, Distant",No,2604.00000,113.77000,22.8900000,352.00000,70.00000,–,Regular,Open,"40.495790241236, -111.405042566314",40.495790241236,-111.405042566314,US Census Geocoder,Exact,"930 S 500 E, HEBER CITY, UT, 84032"
490036000269,UT-12-12432,4900360,UT-12,06,08,Wasatch Jr High,Granite District,Salt Lake County,3750 S 3100 E,SALT LAKE CITY,UT,84109,,(385)646-5244,21,"Suburban, Large",No,829.00000,32.38000,25.6000000,74.00000,17.00000,–,Regular,Open,"40.689501259803, -111.805511354466",40.689501259803,-111.805511354466,US Census Geocoder,Exact,"3750 S 3100 E, SALT LAKE CITY, UT, 84109"
490111001420,UT-32-32206,4901110,UT-32,KG,08,Wasatch Learning Academy,Wasatch District,Wasatch County,101 E 200 N,HEBER CITY,UT,84032,,(435)654-6010,32,"Town, Distant",No,1232.00000,12.32000,100.0000000,166.00000,3.00000,–,Regular,Open,"40.510320249564, -111.411556535029",40.510320249564,-111.411556535029,US Census Geocoder,Exact,"101 E 200 N, HEBER CITY, UT, 84032"
490002401107,UT-4B-4B100,4900024,UT-4B,KG,06,Wasatch Peak Academy,Wasatch Peak Academy,Davis County,414 N CUTLER DRIVE,North Salt Lake,UT,84054,,(801)936-3066,21,"Suburban, Large",Yes,519.00000,25.25000,20.5500000,85.00000,14.00000,–,Regular,Open,"40.84882245039, -111.931806364095",40.84882245039,-111.931806364095,US Census Geocoder,Non_Exact,"414 CUTLER DR, NORTH SALT LAKE, UT, 84054"
490021000152,UT-07-07180,4900210,UT-07,PK,06,Wasatch School,Davis District,Davis County,270 E CENTER ST,CLEARFIELD,UT,84015,,(801)402-2650,21,"Suburban, Large",No,482.00000,26.92000,17.9000000,210.00000,68.00000,–,Regular,Open,"41.113781638264, -112.020978825096",41.113781638264,-112.020978825096,US Census Geocoder,Exact,"270 E CENTER ST, CLEARFIELD, UT, 84015"
490081000467,UT-38-38132,4900810,UT-38,KG,06,Wasatch School,Provo District,Utah County,1080 N 900 E,PROVO,UT,84604,,(801)374-4910,12,"City, Midsize",No,546.00000,26.60000,20.5300000,116.00000,25.00000,–,Regular,Open,"40.248241193159, -111.643050712835",40.248241193159,-111.643050712835,US Census Geocoder,Exact,"1080 N 900 E, PROVO, UT, 84604"
490072001276,UT-37-37183,4900720,UT-37,KG,06,Wasatch School,Ogden City District,Weber County,3370 POLK AVE,OGDEN,UT,84403,,(801)737-8450,13,"City, Small",No,357.00000,16.50000,21.6400000,127.00000,40.00000,–,Regular,Open,"41.202881114743, -111.943614219167",41.202881114743,-111.943614219167,US Census Geocoder,Exact,"3370 POLK AVE, OGDEN, UT, 84403"
490087000521,UT-36-36272,4900870,UT-36,KG,06,Wasatch School,Salt Lake District,Salt Lake County,30 R Street,SALT LAKE CITY,UT,84103,,(801)578-8564,12,"City, Midsize",No,387.00000,19.00000,20.3700000,130.00000,14.00000,–,Regular,Open,"40.770503663437, -111.857987615131",40.770503663437,-111.857987615131,US Census Geocoder,Exact,"30 R ST, SALT LAKE CITY, UT, 84103"
490018501491,UT-5K-5K300,4900185,UT-5K,KG,08,Wasatch Waldorf Charter School,Wasatch Waldorf Charter School,Salt Lake County,1458 East Murray-Holladay Road,HOLLADAY,UT,84117,,(801)871-3950,21,"Suburban, Large",Yes,625.00000,33.73000,18.5300000,100.00000,15.00000,–,Regular,Open,"40.666841470165, -111.850316301436",40.666841470165,-111.850316301436,US Census Geocoder,Non_Exact,"1458 MURRAY HOLLADAY RD, HOLLADAY, UT, 84117"
490114001555,UT-33-33302,4901140,UT-33,06,07,Washington Fields Intermediate,Washington District,Washington County,322 West 3090 South,WASHINGTON,UT,84780,,(435)634-7015,22,"Suburban, Midsize",No,913.00000,37.26000,24.5000000,88.00000,18.00000,–,Regular,Open,"37.088816630813, -113.503705109326",37.088816630813,-113.503705109326,US Census Geocoder,Non_Exact,"322 E 3090 S, WASHINGTON, UT, 84780"
490114000778,UT-33-33220,4901140,UT-33,PK,PK,Washington Preschool,Washington District,Washington County,951 BRIGHAM RD,SAINT GEORGE,UT,84790,,(435)652-4709,12,"City, Midsize",No,552.00000,18.00000,30.6700000,152.00000,30.00000,–,Special Education,Open,"37.053672665414, -113.564514062451",37.053672665414,-113.564514062451,US Census Geocoder,Non_Exact,"951 E BRIGHAM RD, SAINT GEORGE, UT, 84790"
490114000607,UT-33-33140,4901140,UT-33,PK,05,Washington School,Washington District,Washington County,300 N 300 E,WASHINGTON,UT,84780,,(435)673-3012,22,"Suburban, Midsize",No,468.00000,21.50000,21.7700000,259.00000,55.00000,–,Regular,Open,"37.134943370447, -113.504795581239",37.134943370447,-113.504795581239,US Census Geocoder,Exact,"300 N 300 E, WASHINGTON, UT, 84780"
490087000522,UT-36-36276,4900870,UT-36,PK,06,Washington School,Salt Lake District,Salt Lake County,420 N 200 W,SALT LAKE CITY,UT,84103,,(801)578-8140,12,"City, Midsize",No,402.00000,20.10000,20.0000000,194.00000,38.00000,–,Regular,Open,"40.778496319955, -111.896746096924",40.778496319955,-111.896746096924,US Census Geocoder,Exact,"420 N 200 W, SALT LAKE CITY, UT, 84103"
490120000644,UT-35-35160,4901200,UT-35,KG,06,Washington Terrace School,Weber District,Weber County,20 E 4600 S,OGDEN,UT,84405,,(801)452-4200,21,"Suburban, Large",No,433.00000,23.50000,18.4300000,206.00000,35.00000,–,Regular,Open,"41.178212774294, -111.977296213308",41.178212774294,-111.977296213308,US Census Geocoder,Exact,"20 E 4600 S, OGDEN, UT, 84405"
490114001521,UT-33-33518,4901140,UT-33,07,12,Water Canyon High,Washington District,Washington County,880 N. Carling St. #520,HILDALE,UT,84784,,(435)847-1407,43,"Rural, Remote",No,311.00000,19.33000,16.0900000,169.00000,19.00000,–,Regular,Open,,,,,,
490114001466,UT-33-33318,4901140,UT-33,PK,06,Water Canyon School,Washington District,Washington County,250 W Newel Avenue,HILDALE,UT,84784,,(435)874-1182,43,"Rural, Remote",No,276.00000,12.50000,22.0800000,172.00000,24.00000,–,Regular,Open,,,,,,
490117000610,UT-34-34704,4901170,UT-34,07,12,Wayne High,Wayne District,Wayne County,P O BOX 217,BICKNELL,UT,84715,,(435)425-3411,43,"Rural, Remote",No,190.00000,15.05000,12.6200000,59.00000,25.00000,–,Regular,Open,,,,,,
490120000645,UT-35-35704,4901200,UT-35,10,12,Weber High,Weber District,Weber County,430 W WEBER HIGH DR,OGDEN,UT,84414,,(801)476-3700,21,"Suburban, Large",No,2002.00000,78.49000,25.5100000,289.00000,73.00000,–,Regular,Open,"41.321425370703, -111.986498837234",41.321425370703,-111.986498837234,US Census Geocoder,Non_Exact,"430 WEBER HIGH DR, OGDEN, UT, 84414"
490120001603,UT-35-35190,4901200,UT-35,PK,PK,Weber HQ Preschool,Weber District,Weber County,5320 Adams Avenue,OGDEN,UT,84405,,(801)476-7870,21,"Suburban, Large",No,0.00000,0.00000,†,†,†,†,Regular,Open,,,,,,
490120001482,UT-35-35725,4901200,UT-35,06,12,Weber Innovation High School,Weber District,Weber County,1007 W 12th Street,OGDEN,UT,84404,,(801)476-6500,21,"Suburban, Large",No,369.00000,28.11000,13.1300000,58.00000,15.00000,–,Regular,Open,"41.244461622482, -112.002786752039",41.244461622482,-112.002786752039,US Census Geocoder,Exact,"1007 W 12TH ST, OGDEN, UT, 84404"
490120001630,UT-35-35499,4901200,UT-35,07,08,Weber Online 7-8,Weber District,Weber County,330 N 975 W,Pleasant View,UT,84414,,(801)622-3580,21,"Suburban, Large",No,0.00000,0.14000,†,†,†,†,Regular,Open,,,,,,
490120001631,UT-35-35799,4901200,UT-35,09,12,Weber Online 9-12,Weber District,Weber County,330 N 975 W,Pleasant View,UT,84414,,(801)622-3580,21,"Suburban, Large",No,0.00000,0.13000,†,†,†,†,Regular,Open,,,,,,
490120001414,UT-35-35199,4901200,UT-35,KG,06,Weber Online K-6,Weber District,Weber County,5320 Adams Avenue Parkway,OGDEN,UT,84405,,(801)476-7877,21,"Suburban, Large",No,52.00000,3.00000,17.3300000,9.00000,5.00000,–,Regular,Open,,,,,,
490014501378,UT-6G-6G100,4900145,UT-6G,KG,08,Weilenmann School of Discovery,Weilenmann School of Discovery,Summit County,4199 W KILBY ROAD,PARK CITY,UT,84098,,(435)575-5411,41,"Rural, Fringe",Yes,422.00000,28.37000,14.8700000,6.00000,0.00000,–,Regular,Open,"40.752578303329, -111.592926276841",40.752578303329,-111.592926276841,US Census Geocoder,Non_Exact,"4199 KILBY RD, PARK CITY, UT, 84098"
490042000722,UT-14-14167,4900420,UT-14,KG,06,Welby School,Jordan District,Salt Lake County,4130 W 9580 S,South Jordan,UT,84009,,(801)280-1456,21,"Suburban, Large",No,701.00000,31.00000,22.6100000,97.00000,48.00000,–,Regular,Open,"40.577470991334, -111.988265760103",40.577470991334,-111.988265760103,US Census Geocoder,Exact,"4130 W 9580 S, SOUTH JORDAN, UT, 84009"
490015000098,UT-05-05154,4900150,UT-05,PK,05,Wellington School,Carbon District,Carbon County,250 W 200 N,WELLINGTON,UT,84542,,(435)637-2570,42,"Rural, Distant",No,264.00000,12.50000,21.1200000,109.00000,29.00000,–,Regular,Open,"39.544879565005, -110.737868392021",39.544879565005,-110.737868392021,US Census Geocoder,Exact,"250 W 200 N, WELLINGTON, UT, 84542"
490012000086,UT-04-04170,4900120,UT-04,KG,06,Wellsville School,Cache District,Cache County,525 N. 200 W.,WELLSVILLE,UT,84339,,(435)245-3764,22,"Suburban, Midsize",No,463.00000,21.50000,21.5300000,72.00000,32.00000,–,Regular,Open,"41.649028139636, -111.939393838284",41.649028139636,-111.939393838284,US Census Geocoder,Exact,"525 N 200 W, WELLSVILLE, UT, 84339"
490105000577,UT-30-30714,4901050,UT-30,07,12,Wendover High,Tooele District,Tooele County,P O BOX 610,WENDOVER,UT,84083,,(435)665-2343,33,"Town, Remote",No,169.00000,13.33000,12.6800000,80.00000,19.00000,–,Regular,Open,,,,,,
490021000154,UT-07-07184,4900210,UT-07,PK,06,West Bountiful School,Davis District,Davis County,500 N 800 West,WEST BOUNTIFUL,UT,84087,,(801)402-2000,21,"Suburban, Large",No,660.00000,28.00000,23.5700000,60.00000,14.00000,–,Regular,Open,"40.895485334691, -111.901985416713",40.895485334691,-111.901985416713,US Census Geocoder,Exact,"500 N 800 W, WEST BOUNTIFUL, UT, 84087"
490021000870,UT-07-07186,4900210,UT-07,PK,06,West Clinton School,Davis District,Davis County,2826 W 1800 N,CLINTON,UT,84015,,(801)402-2700,21,"Suburban, Large",No,612.00000,29.13000,21.0100000,134.00000,36.00000,–,Regular,Open,"41.139933231616, -112.081619402043",41.139933231616,-112.081619402043,US Census Geocoder,Exact,"2826 W 1800 N, CLINTON, UT, 84015"
490102000735,UT-29-29708,4901020,UT-29,07,12,West Desert High School,Tintic District,Juab County,440 TROUT CREEK,TROUT CREEK,UT,84083,,(435)693-3112,43,"Rural, Remote",No,11.00000,2.24000,4.9100000,5.00000,0.00000,–,Regular,Open,,,,,,
490102000561,UT-29-29112,4901020,UT-29,PK,06,West Desert School,Tintic District,Juab County,440 TROUT CREEK,TROUT CREEK,UT,84083,,(435)693-3193,43,"Rural, Remote",No,22.00000,1.00000,22.0000000,6.00000,0.00000,–,Regular,Open,,,,,,
490120001604,UT-35-35702,4901200,UT-35,10,12,West Field High School,Weber District,Weber County,2007 S 4300 West,OGDEN,UT,84401,,(801)476-7800,41,"Rural, Fringe",No,1257.00000,41.92000,29.9900000,181.00000,46.00000,–,Regular,New,"41.230757549349, -112.083251600789",41.230757549349,-112.083251600789,US Census Geocoder,Exact,"2007 S 4300 W, OGDEN, UT, 84401"
490120001108,UT-35-35162,4901200,UT-35,KG,06,West Haven School,Weber District,Weber County,4385 S 3900 W,WEST HAVEN,UT,84401,,(801)452-4960,21,"Suburban, Large",No,488.00000,22.99000,21.2300000,129.00000,45.00000,–,Regular,Open,"41.183833047239, -112.07447250563",41.183833047239,-112.07447250563,US Census Geocoder,Exact,"4385 S 3900 W, WEST HAVEN, UT, 84401"
490087000524,UT-36-36716,4900870,UT-36,07,12,West High,Salt Lake District,Salt Lake County,241 N 300 W,SALT LAKE CITY,UT,84103,,(801)578-8500,12,"City, Midsize",No,2503.00000,109.47000,22.8600000,1122.00000,210.00000,–,Regular,Open,"40.774588797255, -111.899750420982",40.774588797255,-111.899750420982,US Census Geocoder,Exact,"241 N 300 W, SALT LAKE CITY, UT, 84103"
490042000428,UT-14-14414,4900420,UT-14,07,09,West Hills Middle,Jordan District,Salt Lake County,8270 S GRIZZLY RD,WEST JORDAN,UT,84081,,(801)412-2300,21,"Suburban, Large",No,1169.00000,51.71000,22.6100000,292.00000,92.00000,–,Regular,Open,"40.599665689781, -112.019904247329",40.599665689781,-112.019904247329,US Census Geocoder,Non_Exact,"8270 GRIZZLY WAY, WEST JORDAN, UT, 84081"
490042000769,UT-14-14718,4900420,UT-14,10,12,West Jordan High,Jordan District,Salt Lake County,8136 S 2700 W,WEST JORDAN,UT,84088,,(801)256-5600,21,"Suburban, Large",No,1761.00000,86.51000,20.3600000,549.00000,135.00000,–,Regular,Open,"40.604626890863, -111.957830594166",40.604626890863,-111.957830594166,US Census Geocoder,Exact,"8136 S 2700 W, WEST JORDAN, UT, 84088"
490042000330,UT-14-14412,4900420,UT-14,07,09,West Jordan Middle,Jordan District,Salt Lake County,7550 S 1700 W,WEST JORDAN,UT,84084,,(801)412-2100,21,"Suburban, Large",No,1000.00000,48.68000,20.5400000,383.00000,98.00000,–,Regular,Open,"40.614107436196, -111.938856345573",40.614107436196,-111.938856345573,US Census Geocoder,Exact,"7550 S 1700 W, WEST JORDAN, UT, 84084"
490036000271,UT-12-12204,4900360,UT-12,PK,06,West Kearns School,Granite District,Salt Lake County,4900 S 4620 W,KEARNS,UT,84118,,(385)646-5073,21,"Suburban, Large",No,548.00000,24.50000,22.3700000,247.00000,69.00000,–,Regular,Open,"40.662827686641, -112.001225287715",40.662827686641,-112.001225287715,US Census Geocoder,Exact,"4900 S 4620 W, KEARNS, UT, 84118"
490036000272,UT-12-12434,4900360,UT-12,07,08,West Lake Jr High,Granite District,Salt Lake County,3400 S 3450 W,WEST VALLEY CITY,UT,84119,,(385)646-5254,21,"Suburban, Large",No,724.00000,34.03000,21.2800000,384.00000,81.00000,–,Regular,Open,"40.700546680271, -111.973505330996",40.700546680271,-111.973505330996,US Census Geocoder,Exact,"3400 S 3450 W, WEST VALLEY CITY, UT, 84119"
490021000923,UT-07-07422,4900210,UT-07,07,09,West Point Jr High,Davis District,Davis County,2775 W 550 N,WEST POINT,UT,84015,,(801)402-8100,21,"Suburban, Large",No,1551.00000,59.90000,25.8900000,197.00000,53.00000,–,Regular,Open,"41.121715728183, -112.080168278206",41.121715728183,-112.080168278206,US Census Geocoder,Exact,"2775 W 550 N, WEST POINT, UT, 84015"
490021000155,UT-07-07188,4900210,UT-07,PK,06,West Point School,Davis District,Davis County,3788 W 300 N,WEST POINT,UT,84015,,(801)402-2750,21,"Suburban, Large",No,658.00000,29.43000,22.3600000,65.00000,14.00000,–,Regular,Open,"41.118146866558, -112.099137072083",41.118146866558,-112.099137072083,US Census Geocoder,Exact,"3788 W 300 N, WEST POINT, UT, 84015"
490105000579,UT-30-30142,4901050,UT-30,PK,06,West School,Tooele District,Tooele County,451 W 300 S,TOOELE,UT,84074,,(435)833-1931,32,"Town, Distant",No,297.00000,17.00000,17.4700000,93.00000,25.00000,–,Regular,Open,"40.52502872598, -112.309615113135",40.52502872598,-112.309615113135,US Census Geocoder,Exact,"451 W 300 S, TOOELE, UT, 84074"
490036000728,UT-12-12206,4900360,UT-12,PK,06,West Valley School,Granite District,Salt Lake County,6049 W BRUD DR,WEST VALLEY CITY,UT,84128,,(385)646-5079,21,"Suburban, Large",No,764.00000,37.00000,20.6500000,235.00000,52.00000,–,Regular,Open,"40.704456320473, -112.035214366055",40.704456320473,-112.035214366055,US Census Geocoder,Non_Exact,"6049 BRUD DR, WEST VALLEY CITY, UT, 84128"
490120000646,UT-35-35164,4901200,UT-35,KG,06,West Weber School,Weber District,Weber County,4178 West 900 South,OGDEN,UT,84404,,(801)452-4280,41,"Rural, Fringe",No,632.00000,28.50000,22.1800000,112.00000,52.00000,–,Regular,Open,"41.24976366552, -112.080015179172",41.24976366552,-112.080015179172,US Census Geocoder,Exact,"4178 W 900 S, OGDEN, UT, 84404"
490003000704,UT-01-01180,4900030,UT-01,PK,06,Westfield School,Alpine District,Utah County,380 S LONG DR,ALPINE,UT,84004,,(801)610-8720,21,"Suburban, Large",No,547.00000,23.28000,23.5000000,31.00000,4.00000,–,Regular,Open,"40.447821288057, -111.789689325536",40.447821288057,-111.789689325536,US Census Geocoder,Non_Exact,"380 LONG DR, ALPINE, UT, 84004"
490003001293,UT-01-01789,4900030,UT-01,10,12,Westlake High,Alpine District,Utah County,99 N 200 W,SARATOGA SPRINGS,UT,84045,,(801)610-8815,21,"Suburban, Large",No,3052.00000,116.04000,26.3000000,309.00000,79.00000,–,Regular,Open,"40.388920379182, -111.852349761779",40.388920379182,-111.852349761779,US Census Geocoder,Non_Exact,"99 N 200 W, SARATOGA SPRINGS, UT, 84043"
490042000332,UT-14-14170,4900420,UT-14,KG,06,Westland School,Jordan District,Salt Lake County,2925 W 7180 S,WEST JORDAN,UT,84084,,(801)565-7508,21,"Suburban, Large",No,595.00000,28.50000,20.8800000,135.00000,55.00000,–,Regular,Open,"40.62058168831, -111.962057196069",40.62058168831,-111.962057196069,US Census Geocoder,Exact,"2925 W 7180 S, WEST JORDAN, UT, 84084"
490003000034,UT-01-01178,4900030,UT-01,PK,06,Westmore School,Alpine District,Utah County,1150 S MAIN,OREM,UT,84058,,(801)610-8123,13,"City, Small",No,543.00000,27.19000,19.9700000,264.00000,52.00000,–,Regular,Open,"40.276109538613, -111.695233524492",40.276109538613,-111.695233524492,US Census Geocoder,Non_Exact,"1150 S MAIN ST, OREM, UT, 84058"
490081000730,UT-38-38134,4900810,UT-38,KG,06,Westridge School,Provo District,Utah County,1720 W 1460 N,PROVO,UT,84604,,(801)374-4870,12,"City, Midsize",No,608.00000,27.01000,22.5100000,183.00000,47.00000,–,Regular,Open,"40.253496486105, -111.688784043446",40.253496486105,-111.688784043446,US Census Geocoder,Exact,"1720 W 1460 N, PROVO, UT, 84604"
490063000406,UT-19-19180,4900630,UT-19,PK,06,Westside School,Nebo District,Utah County,740 W CENTER,SPRINGVILLE,UT,84663,,(801)489-2800,21,"Suburban, Large",No,640.00000,25.76000,24.8400000,173.00000,65.00000,–,Regular,Open,"40.166796945198, -111.624533628851",40.166796945198,-111.624533628851,US Census Geocoder,Exact,"740 W CENTER, SPRINGVILLE, UT, 84663"
490042000331,UT-14-14169,4900420,UT-14,KG,06,Westvale School,Jordan District,Salt Lake County,2300 W 8660 S,WEST JORDAN,UT,84088,,(801)565-7510,21,"Suburban, Large",No,462.00000,24.40000,18.9300000,189.00000,62.00000,–,Regular,Open,"40.594074281772, -111.950450105613",40.594074281772,-111.950450105613,US Census Geocoder,Exact,"2300 W 8660 S, WEST JORDAN, UT, 84088"
490012000080,UT-04-04152,4900120,UT-04,PK,06,White Pine School,Cache District,Cache County,184 W 100 N,RICHMOND,UT,84333,,(435)258-2344,42,"Rural, Distant",No,425.00000,18.00000,23.6100000,101.00000,66.00000,–,Regular,Open,"41.924839809384, -111.813719702498",41.924839809384,-111.813719702498,US Census Geocoder,Exact,"184 W 100 N, RICHMOND, UT, 84333"
490090000667,UT-25-25710,4900900,UT-25,07,12,Whitehorse High,San Juan District,San Juan County,P O BOX 660,MONTEZUMA CREEK,UT,84534,,(435)678-1209,43,"Rural, Remote",No,303.00000,17.90000,16.9300000,292.00000,2.00000,–,Regular,Open,,,,,,
490021000156,UT-07-07192,4900210,UT-07,PK,06,Whitesides School,Davis District,Davis County,233 N COLONIAL AVE,LAYTON,UT,84041,,(801)402-3600,21,"Suburban, Large",No,396.00000,17.00000,23.2900000,146.00000,25.00000,–,Regular,Open,"41.063748001535, -111.952457242671",41.063748001535,-111.952457242671,US Census Geocoder,Exact,"233 N COLONIAL AVE, LAYTON, UT, 84041"
490036000274,UT-12-12208,4900360,UT-12,PK,06,Whittier School,Granite District,Salt Lake County,3585 S 6000 W,WEST VALLEY CITY,UT,84128,,(385)646-5096,21,"Suburban, Large",No,492.00000,26.70000,18.4300000,173.00000,29.00000,–,Regular,Open,"40.694340073671, -112.034305145239",40.694340073671,-112.034305145239,US Census Geocoder,Exact,"3585 S 6000 W, WEST VALLEY CITY, UT, 84128"
490087000525,UT-36-36288,4900870,UT-36,PK,06,Whittier School,Salt Lake District,Salt Lake County,1600 S 300 E,SALT LAKE CITY,UT,84115,,(801)481-4846,12,"City, Midsize",No,500.00000,28.00000,17.8600000,249.00000,38.00000,–,Regular,Open,"40.734701669356, -111.88255138359",40.734701669356,-111.88255138359,US Census Geocoder,Exact,"1600 S 300 E, SALT LAKE CITY, UT, 84115"
490009000069,UT-03-03200,4900090,UT-03,PK,01,Willard School,Box Elder District,Box Elder County,40 W 50 S,WILLARD,UT,84340,,(435)734-4934,31,"Town, Fringe",No,267.00000,12.00000,22.2500000,41.00000,8.00000,–,Regular,Open,,,,,,
490036000275,UT-12-12212,4900360,UT-12,KG,06,William Penn School,Granite District,Salt Lake County,1670 SIGGARD DR,SALT LAKE CITY,UT,84106,,(385)646-4960,21,"Suburban, Large",No,615.00000,26.50000,23.2100000,90.00000,13.00000,–,Regular,Open,"40.691614044724, -111.844276815165",40.691614044724,-111.844276815165,US Census Geocoder,Exact,"1670 SIGGARD DR, SALT LAKE CITY, UT, 84106"
490014200333,UT-42-42174,4900142,UT-42,KG,05,Willow Canyon School,Canyons District,Salt Lake County,9650 S 1700 E,SANDY,UT,84092,,(801)826-9625,21,"Suburban, Large",No,303.00000,14.50000,20.9000000,52.00000,14.00000,–,Regular,Open,"40.575975275529, -111.843846733372",40.575975275529,-111.843846733372,US Census Geocoder,Exact,"9650 S 1700 E, SANDY, UT, 84092"
490105000776,UT-30-30146,4901050,UT-30,KG,06,Willow School,Tooele District,Tooele County,439 S WILLOW ST,GRANTSVILLE,UT,84029,,(435)884-4527,32,"Town, Distant",No,425.00000,21.78000,19.5100000,54.00000,21.00000,–,Regular,Open,"40.586916685098, -112.449220229641",40.586916685098,-112.449220229641,US Census Geocoder,Non_Exact,"439 WILLOW ST, GRANTSVILLE, UT, 84029"
490014201124,UT-42-42178,4900142,UT-42,KG,05,Willow Springs School,Canyons District,Salt Lake County,13288 S LONE PEAK DRIVE,DRAPER,UT,84020,,(801)826-9700,21,"Suburban, Large",No,562.00000,25.80000,21.7800000,99.00000,22.00000,–,Regular,Open,,,,,,
490003001109,UT-01-01425,4900030,UT-01,07,09,Willowcreek Middle,Alpine District,Utah County,2275 W 300 N,LEHI,UT,84043,,(801)766-5273,13,"City, Small",No,1591.00000,56.83000,28.0000000,160.00000,52.00000,–,Regular,Open,"40.391041737976, -111.883996008791",40.391041737976,-111.883996008791,US Census Geocoder,Exact,"2275 W 300 N, LEHI, UT, 84043"
490063000407,UT-19-19184,4900630,UT-19,PK,06,Wilson School,Nebo District,Utah County,590 W 500 S,PAYSON,UT,84651,,(801)465-6060,31,"Town, Fringe",No,405.00000,18.50000,21.8900000,153.00000,40.00000,–,Regular,Open,"40.036857328917, -111.741479885401",40.036857328917,-111.741479885401,US Census Geocoder,Exact,"590 W 500 S, PAYSON, UT, 84651"
490051000354,UT-39-39116,4900510,UT-39,KG,05,Wilson School,Logan City District,Cache County,89 S 500 E,LOGAN,UT,84321,,(435)755-2340,13,"City, Small",No,340.00000,18.50000,18.3800000,137.00000,22.00000,–,Regular,Open,"41.729576166865, -111.822302298697",41.729576166865,-111.822302298697,US Census Geocoder,Exact,"89 S 500 E, LOGAN, UT, 84321"
490021000242,UT-07-07149,4900210,UT-07,PK,06,Windridge School,Davis District,Davis County,1300 S 700 E,KAYSVILLE,UT,84037,,(801)402-3550,21,"Suburban, Large",No,492.00000,24.00000,20.5000000,36.00000,9.00000,–,Regular,Open,"41.014095131176, -111.922226212832",41.014095131176,-111.922226212832,US Census Geocoder,Exact,"1300 S 700 E, KAYSVILLE, UT, 84037"
490003000035,UT-01-01182,4900030,UT-01,PK,06,Windsor School,Alpine District,Utah County,1315 N MAIN,OREM,UT,84057,,(801)610-8124,13,"City, Small",No,598.00000,26.41000,22.6400000,236.00000,40.00000,–,Regular,Open,"40.320455519035, -111.696057893548",40.320455519035,-111.696057893548,US Census Geocoder,Non_Exact,"1315 N MAIN ST, OREM, UT, 84057"
490016801444,UT-8I-8I700,4900168,UT-8I,09,12,Winter Sports School,Winter Sports School,Summit County,4251 Shadow Mountain Drive,PARK CITY,UT,84098,,(435)649-8760,32,"Town, Distant",Yes,105.00000,6.26000,16.7700000,†,†,†,Regular,Open,"40.691826109687, -111.542524927356",40.691826109687,-111.542524927356,US Census Geocoder,Non_Exact,"4251 SHADOW MOUNTAIN, PARK CITY, UT, 84098"
490036000276,UT-12-12216,4900360,UT-12,PK,06,Woodrow Wilson School,Granite District,Salt Lake County,2567 S MAIN STREET,SALT LAKE CITY,UT,84115,,(385)646-5102,21,"Suburban, Large",No,656.00000,21.50000,30.5100000,‡,‡,–,Regular,Open,"40.714580217146, -111.891034537181",40.714580217146,-111.891034537181,US Census Geocoder,Exact,"2567 S MAIN ST, SALT LAKE CITY, UT, 84115"
490051000355,UT-39-39120,4900510,UT-39,PK,05,Woodruff School,Logan City District,Cache County,950 W 600 S,LOGAN,UT,84321,,(435)755-2350,13,"City, Small",No,560.00000,22.00000,25.4500000,234.00000,56.00000,–,Regular,Open,"41.720654581556, -111.85866318231",41.720654581556,-111.85866318231,US Census Geocoder,Exact,"950 W 600 S, LOGAN, UT, 84321"
490021000157,UT-07-07714,4900210,UT-07,10,12,Woods Cross High,Davis District,Davis County,600 W 2200 S,WOODS CROSS,UT,84087,,(801)402-4500,21,"Suburban, Large",No,1555.00000,66.30000,23.4500000,243.00000,50.00000,–,Regular,Open,"40.913233945897, -111.894883736426",40.913233945897,-111.894883736426,US Census Geocoder,Non_Exact,"600 W 2200 N, WOODS CROSS, UT, 84087"
490021000140,UT-07-07152,4900210,UT-07,PK,06,Woods Cross School,Davis District,Davis County,745 W 1100 S,WOODS CROSS,UT,84087,,(801)402-1800,21,"Suburban, Large",No,532.00000,19.97000,26.6400000,111.00000,24.00000,–,Regular,Open,"40.878462503617, -111.900215670378",40.878462503617,-111.900215670378,US Census Geocoder,Exact,"745 W 1100 S, WOODS CROSS, UT, 84087"
490036000277,UT-12-12220,4900360,UT-12,PK,06,Woodstock School,Granite District,Salt Lake County,6015 S 1300 E,SALT LAKE CITY,UT,84121,,(385)646-5108,13,"City, Small",No,625.00000,25.50000,24.5100000,129.00000,26.00000,–,Regular,Open,"40.642728662793, -111.854506893666",40.642728662793,-111.854506893666,US Census Geocoder,Exact,"6015 S 1300 E, SALT LAKE CITY, UT, 84121"
490009000367,UT-03-03308,4900090,UT-03,06,07,Young Intermediate,Box Elder District,Box Elder County,830 LAW DR,BRIGHAM CITY,UT,84302,,(435)734-4940,31,"Town, Fringe",No,1003.00000,49.08000,20.4400000,255.00000,79.00000,–,Regular,Open,,,,,,
490036001399,UT-12-12501,4900360,UT-12,KG,12,Youth Educational Support School,Granite District,Salt Lake County,450 East 3700 South,SALT LAKE CITY,UT,84115,,(385)646-4682,21,"Suburban, Large",No,71.00000,19.99000,3.5500000,21.00000,0.00000,–,Other/Alternative,Open,,,,,,
